<?xml version="1.0" encoding="UTF-8"?>
<signed on="Jul 1, 2015 8:42:56 AM">
  <stylesheets>
    <stylesheet name="../Crane-isosts2fo-a4.xsl" md5="nXaiu0YC9EV0IHhg2ZHjFQ=="/>
    <stylesheet name="../support/Crane-isosts2fo-a4-base.xsl" md5="jQEW4PCZlg48yufnZNhfQA=="/>
    <stylesheet name="../support/Crane-isosts2fo-a4-obfuscated.xsl" md5="cSw/1YCXzO2XrX02gMYt8w=="/>
    <stylesheet name="../support/Crane-isosts2fo-us-base.xsl" md5="lDoiK+DtdX7gwnOuebuJZQ=="/>
    <stylesheet name="../support/DraftForPublishing.svg" md5="dTDuixKmotKBNqhCs2a4vg=="/>
    <stylesheet name="Crane-isosts2fo-a4-ibex.xsl" md5="Jib3Q3aTwf4ZSTf5FEkGMQ=="/>
    <stylesheet name="Crane-isosts2fo-us-ibex.xsl" md5="363fpKBe2cqlF+FH87pbUg=="/>
  </stylesheets>
  <sig md5="PThy8m1voTUt966O02On6w==" signature="MCwCFHqqM+EwS0E0BWuMPWHeO8MRxb2DAhQLYGtrranjZkB7E5UqUHogM2uUFg==">
  </sig>
</signed>
