<?xml version="1.0" encoding="UTF-8"?>
<Envelope xmlns="http://docs.oasis-open.org/bdxr/ns/bde/1.0/Envelope"
  xmlns:ebc="http://docs.oasis-open.org/bdxr/ns/bde/1.0/BasicComponents"
  xmlns:eac="http://docs.oasis-open.org/bdxr/ns/bde/1.0/AggregateComponents">
  <ebc:ID>123</ebc:ID>
  <ebc:CreationDateTime>2015-02-08T20:34:00-04:00</ebc:CreationDateTime>
  <ebc:FromID>A</ebc:FromID>
  <ebc:ToID>B</ebc:ToID>
  <eac:Payload>
    <eac:PayloadContent>
      <myDocumentHere>
        <myElement>My Content</myElement>
        <myElement>My Content</myElement>
        <myElement>My Content</myElement>
      </myDocumentHere>
    </eac:PayloadContent>
  </eac:Payload>
  <eac:Payload>
    <eac:PayloadContent>
Non-XML payload here, with sensitive characters escaped such as &amp; and &lt; 
    </eac:PayloadContent>
  </eac:Payload>
  <eac:Payload>
    <eac:PayloadContent>
      <myOtherDocumentHere>
        <myOtherElement>My Content</myOtherElement>
        <myOtherElement>My Content</myOtherElement>
        <myOtherElement>My Content</myOtherElement>
      </myOtherDocumentHere>
    </eac:PayloadContent>
  </eac:Payload>
</Envelope>
