<?xml version="1.0" encoding="UTF-8"?>
<ContractNotice xmlns="urn:oasis:names:specification:ubl:schema:xsd:ContractNotice-2" xmlns:cac="urn:oasis:names:specification:ubl:schema:xsd:CommonAggregateComponents-2" xmlns:cbc="urn:oasis:names:specification:ubl:schema:xsd:CommonBasicComponents-2" xmlns:ext="urn:oasis:names:specification:ubl:schema:xsd:CommonExtensionComponents-2">
  <cbc:ContractFolderID/>
  <cac:ContractingParty>
    <cac:Party>
    </cac:Party>
  </cac:ContractingParty>
  <cac:ProcurementProject>
    <cbc:Name/>
  </cac:ProcurementProject>
</ContractNotice>