<?xml version="1.0" encoding="UTF-8"?>
<ReceiptAdvice xmlns="urn:oasis:names:specification:ubl:schema:xsd:ReceiptAdvice-2" xmlns:cac="urn:oasis:names:specification:ubl:schema:xsd:CommonAggregateComponents-2" xmlns:cbc="urn:oasis:names:specification:ubl:schema:xsd:CommonBasicComponents-2" xmlns:ext="urn:oasis:names:specification:ubl:schema:xsd:CommonExtensionComponents-2">
  <cbc:ID/>
  <cbc:IssueDate/>
  <cac:DeliveryCustomerParty>
  </cac:DeliveryCustomerParty>
  <cac:DespatchSupplierParty>
  </cac:DespatchSupplierParty>
  <cac:ReceiptLine>
    <cbc:ID/>
  </cac:ReceiptLine>
</ReceiptAdvice>