<?xml version="1.0" encoding="UTF-8"?>
<TransportExecutionPlanRequest xmlns="urn:oasis:names:specification:ubl:schema:xsd:TransportExecutionPlanRequest-2" xmlns:cac="urn:oasis:names:specification:ubl:schema:xsd:CommonAggregateComponents-2" xmlns:cbc="urn:oasis:names:specification:ubl:schema:xsd:CommonBasicComponents-2" xmlns:ext="urn:oasis:names:specification:ubl:schema:xsd:CommonExtensionComponents-2">
  <cbc:ID/>
  <cac:TransportUserParty>
  </cac:TransportUserParty>
  <cac:TransportServiceProviderParty>
  </cac:TransportServiceProviderParty>
  <cac:Consignment>
    <cbc:ID/>
  </cac:Consignment>
</TransportExecutionPlanRequest>