<?xml version="1.0" encoding="UTF-8"?>
<DespatchAdvice xmlns="urn:oasis:names:specification:ubl:schema:xsd:DespatchAdvice-2" xmlns:cac="urn:oasis:names:specification:ubl:schema:xsd:CommonAggregateComponents-2" xmlns:cbc="urn:oasis:names:specification:ubl:schema:xsd:CommonBasicComponents-2" xmlns:ext="urn:oasis:names:specification:ubl:schema:xsd:CommonExtensionComponents-2">
  <cbc:ID/>
  <cbc:IssueDate/>
  <cac:DespatchSupplierParty>
  </cac:DespatchSupplierParty>
  <cac:DeliveryCustomerParty>
  </cac:DeliveryCustomerParty>
  <cac:DespatchLine>
    <cbc:ID/>
    <cac:OrderLineReference>
      <cbc:LineID/>
    </cac:OrderLineReference>
    <cac:Item>
    </cac:Item>
  </cac:DespatchLine>
</DespatchAdvice>