<?xml version="1.0" encoding="UTF-8"?>
<TenderReceipt xmlns="urn:oasis:names:specification:ubl:schema:xsd:TenderReceipt-2" xmlns:cac="urn:oasis:names:specification:ubl:schema:xsd:CommonAggregateComponents-2" xmlns:cbc="urn:oasis:names:specification:ubl:schema:xsd:CommonBasicComponents-2" xmlns:ext="urn:oasis:names:specification:ubl:schema:xsd:CommonExtensionComponents-2">
  <cbc:ContractFolderID/>
  <cbc:IssueDate/>
  <cbc:RegisteredDate/>
  <cbc:RegisteredTime/>
  <cac:SenderParty>
  </cac:SenderParty>
  <cac:ReceiverParty>
  </cac:ReceiverParty>
</TenderReceipt>