<?xml version="1.0" encoding="UTF-8"?>
<DebitNote xmlns="urn:X-test:UBL:Pre-award:DebitNote" xmlns:cac="urn:X-test:UBL:Pre-award:CommonAggregate" xmlns:cbc="urn:X-test:UBL:Pre-award:CommonBasic" xmlns:ext="urn:oasis:names:specification:ubl:schema:xsd:CommonExtensionComponents-2">
  <cbc:ID/>
  <cbc:IssueDate/>
  <cac:AccountingSupplierParty>
  </cac:AccountingSupplierParty>
  <cac:AccountingCustomerParty>
  </cac:AccountingCustomerParty>
  <cac:RequestedMonetaryTotal>
    <cbc:PayableAmount/>
  </cac:RequestedMonetaryTotal>
  <cac:DebitNoteLine>
    <cbc:ID/>
    <cbc:LineExtensionAmount/>
  </cac:DebitNoteLine>
</DebitNote>