<?xml version="1.0" encoding="UTF-8"?>
<Quotation xmlns="urn:X-test:UBL:Pre-award:Quotation" xmlns:cac="urn:X-test:UBL:Pre-award:CommonAggregate" xmlns:cbc="urn:X-test:UBL:Pre-award:CommonBasic" xmlns:ext="urn:oasis:names:specification:ubl:schema:xsd:CommonExtensionComponents-2">
  <cbc:IssueDate/>
  <cac:SellerSupplierParty>
  </cac:SellerSupplierParty>
  <cac:QuotedMonetaryTotal>
    <cbc:PayableAmount/>
  </cac:QuotedMonetaryTotal>
  <cac:QuotationLine>
    <cac:LineItem>
      <cbc:ID/>
      <cac:Item>
      </cac:Item>
    </cac:LineItem>
  </cac:QuotationLine>
</Quotation>