<?xml version="1.0" encoding="UTF-8"?>
<ContractAwardNotice xmlns="urn:X-test:UBL:Pre-award:ContractAwardNotice" xmlns:cac="urn:X-test:UBL:Pre-award:CommonAggregate" xmlns:cbc="urn:X-test:UBL:Pre-award:CommonBasic" xmlns:ext="urn:oasis:names:specification:ubl:schema:xsd:CommonExtensionComponents-2">
  <cbc:ContractFolderID/>
  <cbc:IssueDate/>
  <cac:ContractingParty>
    <cac:Party>
    </cac:Party>
  </cac:ContractingParty>
  <cac:TenderResult>
    <cbc:AwardDate/>
  </cac:TenderResult>
</ContractAwardNotice>