<?xml version="1.0" encoding="UTF-8"?>
<ItemInformationRequest xmlns="urn:X-test:UBL:Pre-award:ItemInformationRequest" xmlns:cac="urn:X-test:UBL:Pre-award:CommonAggregate" xmlns:cbc="urn:X-test:UBL:Pre-award:CommonBasic" xmlns:ext="urn:oasis:names:specification:ubl:schema:xsd:CommonExtensionComponents-2">
  <cbc:ID/>
  <cbc:IssueDate/>
  <cac:Period>
  </cac:Period>
  <cac:SenderParty>
  </cac:SenderParty>
  <cac:ReceiverParty>
  </cac:ReceiverParty>
  <cac:ItemInformationRequestLine>
    <cac:Period>
    </cac:Period>
    <cac:SalesItem>
      <cbc:Quantity/>
      <cac:Item>
      </cac:Item>
    </cac:SalesItem>
  </cac:ItemInformationRequestLine>
</ItemInformationRequest>