<?xml version="1.0" encoding="UTF-8"?>
<DigitalAgreement xmlns="urn:oasis:names:specification:ubl:schema:xsd:DigitalAgreement-2" xmlns:cac="urn:oasis:names:specification:ubl:schema:xsd:CommonAggregateComponents-2" xmlns:cbc="urn:oasis:names:specification:ubl:schema:xsd:CommonBasicComponents-2" xmlns:ext="urn:oasis:names:specification:ubl:schema:xsd:CommonExtensionComponents-2">
  <cbc:ID>ZZZ</cbc:ID>
  <cbc:IssueDate>2000-01-01</cbc:IssueDate>
  <cbc:VersionID>ZZZ</cbc:VersionID>
  <cac:ParticipantParty>
    <cac:Party>
    </cac:Party>
  </cac:ParticipantParty>
  <cac:DigitalProcess>
  </cac:DigitalProcess>
</DigitalAgreement>