<?xml version="1.0" encoding="utf-8"?>
<!-- This file is part of the DITA Open Toolkit project hosted on 
    Sourceforge.net. See the accompanying license.txt file for 
    applicable licenses.-->
<!-- (c) Copyright IBM Corp. 2004, 2006 All Rights Reserved. -->

<strings xml:lang="is-is">        <!-- Icelandic -->

<!-- various labels (not author controlled) -->
<str name="Figure">Mynd</str>
<str name="Table">Tafla</str>
<str name="Next topic">Næsti kafli</str>
<str name="Previous topic">Fyrri kafli</str>
<str name="Parent topic">Yfirkafli</str>
<str name="Required cleanup">Nauðsynleg hreinsun</str>
<str name="Draft comment">Tillaga um athugasemd</str>
<str name="Option">Valkostur</str>
<str name="Description">Lýsing</str>
<str name="Optional">Valfrjáls</str>
<str name="Required">Tilskilið</str>
<str name="Skip visual syntax diagram">Sleppa sjónrænu flæðiriti málskipunar</str>
<str name="Read syntax diagram">Lesa flæðirit málskipunar</str>
<str name="Start of change">Byrjun breytingar</str>
<str name="End of change">Lok breytingar</str>
<str name="Index">Atriðaskrá</str>
<str name="Special characters">Sérstök tákn</str>
<str name="Numerics">Tölur</str>
<str name="End notes">Lok athugasemda</str>
<str name="Artwork">Myndefni</str>
<str name="Syntax">Málskipan</str>
<str name="Type">Gerð</str>
<str name="Value">Gildi</str>
<!-- Text that goes before a link to a topic (should be empty for most languages) -->
<str name="intro-to-topic-link"></str>

<!-- peril notice labels -->
<str name="Note">Athugið</str>
<str name="Notes">Athugasemdir</str>
<str name="Tip">Heilræði</str>
<str name="Fastpath">Flýtileið</str>
<str name="Important">Áríðandi</str>
<str name="Attention">Viðvörun</str>
<str name="Caution">VARÚÐ</str>
<str name="Danger">HÆTTA</str>
<str name="Remember">Mundu</str>
<str name="Restriction">Takmörkun</str>

<!-- default title text for section level generated sections -->
<str name="Contents">Efnisyfirlit</str>
<str name="Related concepts">Skyld hugtök</str>
<str name="Related tasks">Skyld verkefni</str>
<str name="Related reference">Skyld tilvísun</str>
<str name="Related information">Skyldar upplýsingar</str>

<str name="Prerequisite">Forsenda</str>
<str name="Prerequisites">Forsendur</str>
<str name="or">eða</str>

<str name="Copyright IBM">Copyright IBM Corp.</str>

<!-- Symbols -->
<str name="OpenQuote">"</str>
<str name="CloseQuote">"</str>
<str name="ColonSymbol">:</str>

</strings>
