<?xml version="1.0" encoding="utf-8"?>
<!-- This file is part of the DITA Open Toolkit project hosted on 
    Sourceforge.net. See the accompanying license.txt file for 
    applicable licenses.-->
<!-- (c) Copyright IBM Corp. 2004, 2005 All Rights Reserved. -->

<strings xml:lang="hu-hu">        <!-- Hungarian -->

<!-- various labels (not author controlled) -->
<str name="Figure">Ábra</str>
<str name="Table">Táblázat</str>
<str name="Next topic">Következő téma</str>
<str name="Previous topic">Előző téma</str>
<str name="Parent topic">Szülőtéma</str>
<str name="Required cleanup">Tisztázandó</str>
<str name="Draft comment">Szerkesztői megjegyzés</str>
<str name="Option">Beállítás</str>
<str name="Description">Leírás</str>
<str name="Optional">Választható</str>
<str name="Required">Kötelező</str>
<str name="Skip visual syntax diagram">Szerkezeti ábra kihagyása</str>
<str name="Read syntax diagram">Szerkezeti ábra felolvasása</str>
<str name="Start of change">Módosítás kezdete</str>
<str name="End of change">Módosítás vége</str>
<str name="Index">Tárgymutató</str>
<str name="Special characters">Különleges jelek</str>
<str name="Numerics">Számok</str>
<str name="End notes">Végjegyzetek</str>
<str name="Artwork">Illusztráció</str>
<str name="Syntax">Szintaxis</str>
<str name="Type">Típus</str>
<str name="Value">Érték</str>
<!-- Text that goes before a link to a topic -->
<str name="intro-to-topic-link"></str>

<!-- peril notice labels -->
<str name="Note">Megjegyzés</str>
<str name="Notes">Megjegyzések</str>
<str name="Tip">Tipp</str>
<str name="Fastpath">Közvetlen almenüre lépés</str>
<str name="Important">Fontos</str>
<str name="Attention">Figyelem</str>
<str name="Caution">FIGYELMEZTETÉS</str>
<str name="Danger">VESZÉLY!</str>
<str name="Remember">Ne feledje</str>
<str name="Restriction">Korlátozás</str>

<!-- default title text for section level generated sections -->
<str name="Contents">Tartalom</str>
<str name="Related concepts">Kapcsolódó fogalmak</str>
<str name="Related tasks">Kapcsolódó feladatok</str>
<str name="Related reference">Kapcsolódó hivatkozás</str>
<str name="Related information">Kapcsolódó tájékoztatás</str>

<str name="Prerequisite">Előfeltétel</str>
<str name="Prerequisites">Előfeltételek</str>
<str name="or">vagy</str>

<str name="Copyright">Copyright</str>

<!-- Symbols -->
<str name="OpenQuote">"</str>
<str name="CloseQuote">"</str>
<str name="ColonSymbol">:</str>

</strings>
