<?xml version="1.0" encoding="UTF-8"?>
<ProductActivity xmlns="urn:oasis:names:specification:ubl:schema:xsd:ProductActivity-2" xmlns:cac="urn:oasis:names:specification:ubl:schema:xsd:CommonAggregateComponents-2" xmlns:cbc="urn:oasis:names:specification:ubl:schema:xsd:CommonBasicComponents-2" xmlns:ext="urn:oasis:names:specification:ubl:schema:xsd:CommonExtensionComponents-2">
  <cbc:ID/>
  <cbc:IssueDate/>
  <cac:ActivityPeriod>
  </cac:ActivityPeriod>
  <cac:SenderParty>
  </cac:SenderParty>
  <cac:ReceiverParty>
  </cac:ReceiverParty>
  <cac:SupplyChainActivityDataLine>
    <cbc:ID/>
    <cbc:SupplyChainActivityTypeCode/>
    <cac:ActivityOriginLocation>
    </cac:ActivityOriginLocation>
    <cac:SalesItem>
      <cbc:Quantity/>
      <cac:Item>
      </cac:Item>
    </cac:SalesItem>
  </cac:SupplyChainActivityDataLine>
</ProductActivity>