<?xml version="1.0" encoding="UTF-8"?>
<OrderResponseSimple xmlns="urn:oasis:names:specification:ubl:schema:xsd:OrderResponseSimple-2" xmlns:cac="urn:oasis:names:specification:ubl:schema:xsd:CommonAggregateComponents-2" xmlns:cbc="urn:oasis:names:specification:ubl:schema:xsd:CommonBasicComponents-2" xmlns:ext="urn:oasis:names:specification:ubl:schema:xsd:CommonExtensionComponents-2">
  <cbc:ID/>
  <cbc:IssueDate/>
  <cbc:AcceptedIndicator/>
  <cac:OrderReference>
    <cbc:ID/>
  </cac:OrderReference>
  <cac:SellerSupplierParty>
  </cac:SellerSupplierParty>
  <cac:BuyerCustomerParty>
  </cac:BuyerCustomerParty>
</OrderResponseSimple>