<?xml version="1.0" encoding="UTF-8"?>
<RetailEvent xmlns="urn:oasis:names:specification:ubl:schema:xsd:RetailEvent-2" xmlns:cac="urn:oasis:names:specification:ubl:schema:xsd:CommonAggregateComponents-2" xmlns:cbc="urn:oasis:names:specification:ubl:schema:xsd:CommonBasicComponents-2" xmlns:ext="urn:oasis:names:specification:ubl:schema:xsd:CommonExtensionComponents-2">
  <cbc:ID/>
  <cbc:RetailEventStatusCode/>
  <cac:Period>
  </cac:Period>
  <cac:SenderParty>
  </cac:SenderParty>
  <cac:ReceiverParty>
  </cac:ReceiverParty>
</RetailEvent>