<?xml version="1.0" encoding="UTF-8"?>
<GoodsItemItinerary xmlns="urn:oasis:names:specification:ubl:schema:xsd:GoodsItemItinerary-2" xmlns:cac="urn:oasis:names:specification:ubl:schema:xsd:CommonAggregateComponents-2" xmlns:cbc="urn:oasis:names:specification:ubl:schema:xsd:CommonBasicComponents-2" xmlns:ext="urn:oasis:names:specification:ubl:schema:xsd:CommonExtensionComponents-2">
  <cbc:ID/>
  <cbc:IssueDate/>
  <cbc:IssueTime/>
  <cbc:VersionID/>
  <cbc:TransportExecutionPlanReferenceID/>
  <cac:TransportationSegment>
    <cbc:SequenceNumeric/>
    <cac:TransportationService>
      <cbc:TransportServiceCode/>
    </cac:TransportationService>
    <cac:TransportServiceProviderParty>
    </cac:TransportServiceProviderParty>
  </cac:TransportationSegment>
</GoodsItemItinerary>