<?xml version="1.0" encoding="UTF-8"?>
<Row>
   <Value ColumnRef="ModelName">
      <SimpleValue>MyLibrary</SimpleValue>
   </Value>
   <Value ColumnRef="ComponentName">
      <SimpleValue>CommonItem</SimpleValue>
   </Value>
   <Value ColumnRef="DictionaryEntryName">
      <SimpleValue>Common Item. Details</SimpleValue>
   </Value>
   <Value ColumnRef="ObjectClass">
      <SimpleValue>Common Item</SimpleValue>
   </Value>
   <Value ColumnRef="ComponentType">
      <SimpleValue>ABIE</SimpleValue>
   </Value>
   <Value ColumnRef="Definition">
      <SimpleValue>This is a shared construct</SimpleValue>
   </Value>
   <Value ColumnRef="CurrentVersion">
      <SimpleValue>1</SimpleValue>
   </Value>
</Row>
<Row>
   <Value ColumnRef="ModelName">
      <SimpleValue>MyLibrary</SimpleValue>
   </Value>
   <Value ColumnRef="ComponentName">
      <SimpleValue>ID</SimpleValue>
   </Value>
   <Value ColumnRef="DictionaryEntryName">
      <SimpleValue>Common Item. Identifier</SimpleValue>
   </Value>
   <Value ColumnRef="ObjectClass">
      <SimpleValue>Common Item</SimpleValue>
   </Value>
   <Value ColumnRef="PropertyTermPrimaryNoun">
      <SimpleValue>Identifier</SimpleValue>
   </Value>
   <Value ColumnRef="PropertyTerm">
      <SimpleValue>Identifier</SimpleValue>
   </Value>
   <Value ColumnRef="RepresentationTerm">
      <SimpleValue>Identifier</SimpleValue>
   </Value>
   <Value ColumnRef="DataType">
      <SimpleValue>Identifier. Type</SimpleValue>
   </Value>
   <Value ColumnRef="Cardinality">
      <SimpleValue>1</SimpleValue>
   </Value>
   <Value ColumnRef="ComponentType">
      <SimpleValue>BBIE</SimpleValue>
   </Value>
   <Value ColumnRef="Definition">
      <SimpleValue>This is that construct's identifier</SimpleValue>
   </Value>
   <Value ColumnRef="CurrentVersion">
      <SimpleValue>1</SimpleValue>
   </Value>
</Row>
<Row>
   <Value ColumnRef="ModelName">
      <SimpleValue>MyLibrary</SimpleValue>
   </Value>
   <Value ColumnRef="ComponentName">
      <SimpleValue>OtherID</SimpleValue>
   </Value>
   <Value ColumnRef="DictionaryEntryName">
      <SimpleValue>Common Item. Other Identifier. Identifier</SimpleValue>
   </Value>
   <Value ColumnRef="ObjectClass">
      <SimpleValue>Common Item</SimpleValue>
   </Value>
   <Value ColumnRef="PropertyTermPossessiveNoun">
      <SimpleValue>Other</SimpleValue>
   </Value>
   <Value ColumnRef="PropertyTermPrimaryNoun">
      <SimpleValue>Identifier</SimpleValue>
   </Value>
   <Value ColumnRef="PropertyTerm">
      <SimpleValue>Other Identifier</SimpleValue>
   </Value>
   <Value ColumnRef="RepresentationTerm">
      <SimpleValue>Identifier</SimpleValue>
   </Value>
   <Value ColumnRef="DataType">
      <SimpleValue>Identifier. Type</SimpleValue>
   </Value>
   <Value ColumnRef="Cardinality">
      <SimpleValue>1</SimpleValue>
   </Value>
   <Value ColumnRef="ComponentType">
      <SimpleValue>BBIE</SimpleValue>
   </Value>
   <Value ColumnRef="Definition">
      <SimpleValue>This is an identifier to another construct.</SimpleValue>
   </Value>
   <Value ColumnRef="CurrentVersion">
      <SimpleValue>1</SimpleValue>
   </Value>
</Row>
<Row>
   <Value ColumnRef="ModelName">
      <SimpleValue>MyDocument1</SimpleValue>
   </Value>
   <Value ColumnRef="ComponentName">
      <SimpleValue>DocumentOne</SimpleValue>
   </Value>
   <Value ColumnRef="DictionaryEntryName">
      <SimpleValue>Document One. Details</SimpleValue>
   </Value>
   <Value ColumnRef="ObjectClass">
      <SimpleValue>Document One</SimpleValue>
   </Value>
   <Value ColumnRef="Definition">
      <SimpleValue>This class collects all information for a document.</SimpleValue>
   </Value>
   <Value ColumnRef="CurrentVersion">
      <SimpleValue>1</SimpleValue>
   </Value>
</Row>
<Row>
   <Value ColumnRef="ModelName">
      <SimpleValue>MyDocument1</SimpleValue>
   </Value>
   <Value ColumnRef="ComponentName">
      <SimpleValue>CommonItem</SimpleValue>
   </Value>
   <Value ColumnRef="DictionaryEntryName">
      <SimpleValue>Document One. Common Item</SimpleValue>
   </Value>
   <Value ColumnRef="ObjectClass">
      <SimpleValue>Document One</SimpleValue>
   </Value>
   <Value ColumnRef="PropertyTerm">
      <SimpleValue>Common Item</SimpleValue>
   </Value>
   <Value ColumnRef="RepresentationTerm">
      <SimpleValue>Common Item</SimpleValue>
   </Value>
   <Value ColumnRef="AssociatedObjectClass">
      <SimpleValue>Common Item</SimpleValue>
   </Value>
   <Value ColumnRef="Cardinality">
      <SimpleValue>1..n</SimpleValue>
   </Value>
   <Value ColumnRef="ComponentType">
      <SimpleValue>ASBIE</SimpleValue>
   </Value>
   <Value ColumnRef="Definition">
      <SimpleValue>Each of these is a pointer to another.</SimpleValue>
   </Value>
   <Value ColumnRef="CurrentVersion">
      <SimpleValue>1</SimpleValue>
   </Value>
</Row>
<Row>
   <Value ColumnRef="ModelName">
      <SimpleValue>MyDocument2</SimpleValue>
   </Value>
   <Value ColumnRef="ComponentName">
      <SimpleValue>DocumentTwo</SimpleValue>
   </Value>
   <Value ColumnRef="DictionaryEntryName">
      <SimpleValue>Document Two. Details</SimpleValue>
   </Value>
   <Value ColumnRef="ObjectClass">
      <SimpleValue>Document Two</SimpleValue>
   </Value>
   <Value ColumnRef="Definition">
      <SimpleValue>This class collects all information for a document.</SimpleValue>
   </Value>
   <Value ColumnRef="CurrentVersion">
      <SimpleValue>1</SimpleValue>
   </Value>
</Row>
<Row>
   <Value ColumnRef="ModelName">
      <SimpleValue>MyDocument2</SimpleValue>
   </Value>
   <Value ColumnRef="ComponentName">
      <SimpleValue>CommonItem</SimpleValue>
   </Value>
   <Value ColumnRef="DictionaryEntryName">
      <SimpleValue>Document Two. Common Item</SimpleValue>
   </Value>
   <Value ColumnRef="ObjectClass">
      <SimpleValue>Document Two</SimpleValue>
   </Value>
   <Value ColumnRef="PropertyTerm">
      <SimpleValue>Common Item</SimpleValue>
   </Value>
   <Value ColumnRef="RepresentationTerm">
      <SimpleValue>Common Item</SimpleValue>
   </Value>
   <Value ColumnRef="AssociatedObjectClass">
      <SimpleValue>Common Item</SimpleValue>
   </Value>
   <Value ColumnRef="Cardinality">
      <SimpleValue>1..n</SimpleValue>
   </Value>
   <Value ColumnRef="ComponentType">
      <SimpleValue>ASBIE</SimpleValue>
   </Value>
   <Value ColumnRef="Definition">
      <SimpleValue>Each of these is a pointer to another.</SimpleValue>
   </Value>
   <Value ColumnRef="CurrentVersion">
      <SimpleValue>1</SimpleValue>
   </Value>
</Row>