<?xml version="1.0" encoding="UTF-8"?>
<EnquiryResponse xmlns="urn:oasis:names:specification:ubl:schema:xsd:EnquiryResponse-2" xmlns:cac="urn:oasis:names:specification:ubl:schema:xsd:CommonAggregateComponents-2" xmlns:cbc="urn:oasis:names:specification:ubl:schema:xsd:CommonBasicComponents-2" xmlns:ext="urn:oasis:names:specification:ubl:schema:xsd:CommonExtensionComponents-2">
  <cbc:IssueDate/>
  <cac:RequestorParty>
  </cac:RequestorParty>
  <cac:ResponderParty>
  </cac:ResponderParty>
  <cac:ParentDocumentReference>
    <cbc:ID/>
  </cac:ParentDocumentReference>
</EnquiryResponse>