<?xml version="1.0" encoding="UTF-8"?>
<TenderStatusRequest xmlns="urn:oasis:names:specification:ubl:schema:xsd:TenderStatusRequest-2" xmlns:cac="urn:oasis:names:specification:ubl:schema:xsd:CommonAggregateComponents-2" xmlns:cbc="urn:oasis:names:specification:ubl:schema:xsd:CommonBasicComponents-2" xmlns:ext="urn:oasis:names:specification:ubl:schema:xsd:CommonExtensionComponents-2">
  <cbc:IssueDate/>
  <cac:ContractingParty>
    <cac:Party>
    </cac:Party>
  </cac:ContractingParty>
  <cac:EconomicOperatorParty>
    <cac:Party>
    </cac:Party>
  </cac:EconomicOperatorParty>
</TenderStatusRequest>