<lists>
  <!--
    Master code list for UBL distributions
    
    $Id: master-code-list-UBL-2.2-csd02wd02.xml,v 1.8 2017/09/23 02:02:48 admin Exp $
    
    Note:  Use the reviewuri= for an eyeball check for the latest revision
           that may necessitate a change to the AlternateFormatLocationUri
           and possibly even the transformation requirement
  -->
  <list outuri="AllowanceChargeReasonCode-2.2.gc" method="XSD"
        inuri="AllowanceChargeReasonCode-2.2.xsd"
        reviewuri="http://www.unece.org/cefact/xml_schemas/index">
   <Identification>
      <ShortName>AllowanceChargeReasonCode</ShortName>
      <LongName xml:lang="en">Allowance Charge Reason Code</LongName>
      <LongName Identifier="listID">UN/EDIFACT EDED 5189</LongName>
      <Version>17A</Version>
      <CanonicalUri>urn:oasis:names:specification:ubl:codelist:gc:AllowanceChargeReasonCode</CanonicalUri>
      <CanonicalVersionUri>urn:oasis:names:specification:ubl:codelist:gc:AllowanceChargeReasonCode:2.2</CanonicalVersionUri>
      <LocationUri>http://docs.oasis-open.org/ubl/os-UBL-2.2/cl/gc/default/AllowanceChargeReasonCode-2.2.gc</LocationUri>
      <AlternateFormatLocationUri MimeType="text/xml">jar:http://www.unece.org/fileadmin/DAM/uncefact/xml_schemas/D17A.zip!/29MAR17 2/uncefact/codelist/standard/UNECE_AllowanceChargeReasonCode_D16B.xsd</AlternateFormatLocationUri>
      <Agency>
         <LongName xml:lang="en">United Nations Economic Commission for Europe</LongName>
         <Identifier Identifier="http://www.unece.org/fileadmin/DAM/trade/untdid/d16a/tred/tred3055.htm">6</Identifier>
      </Agency>
   </Identification>
  </list>
  <list outuri="BinaryObjectMimeCode-2.2-incl-deprecated.gc" method="Mime"
        filteruri="BinaryObjectMimeCode-2.2.gc" 
        inuri="mime-codes.xml"
        reviewuri="http://www.iana.org/assignments/media-types/media-types.xml">
   <Identification>
      <ShortName>BinaryObjectMimeCode</ShortName>
      <LongName xml:lang="en">Binary Object Mime Code</LongName>
      <LongName Identifier="listID">IANA Media Types</LongName>
      <Version>$VERSION</Version>
      <CanonicalUri>urn:oasis:names:specification:ubl:codelist:gc:BinaryObjectMimeCode</CanonicalUri>
      <CanonicalVersionUri>urn:oasis:names:specification:ubl:codelist:gc:BinaryObjectMimeCode:2.2</CanonicalVersionUri>
      <LocationUri>http://www.iana.org/assignments/media-types/media-types.xml</LocationUri>
      <AlternateFormatLocationUri MimeType="text/xml">http://www.iana.org/assignments/media-types/media-types.xml</AlternateFormatLocationUri>
      <Agency>
         <LongName xml:lang="en">Internet Assigned Numbers Authority</LongName>
         <Identifier Identifier="http://www.unece.org/fileadmin/DAM/trade/untdid/d16a/tred/tred3055.htm">379</Identifier>
      </Agency>
   </Identification>
  </list>
  <list outuri="ChannelCode-2.2.gc" method="XSD"
        inuri="ChannelCode-2.2.xsd"
        reviewuri="http://www.unece.org/cefact/xml_schemas/index">
   <Identification>
      <ShortName>ChannelCode</ShortName>
      <LongName xml:lang="en">Channel Code</LongName>
      <LongName Identifier="listID">UN/EDIFACT EDED 3155</LongName>
      <Version>17A</Version>
      <CanonicalUri>urn:oasis:names:specification:ubl:codelist:gc:ChannelCode</CanonicalUri>
      <CanonicalVersionUri>urn:oasis:names:specification:ubl:codelist:gc:ChannelCode:2.2</CanonicalVersionUri>
      <LocationUri>http://docs.oasis-open.org/ubl/os-UBL-2.2/cl/gc/default/ChannelCode-2.2.gc</LocationUri>
      <AlternateFormatLocationUri MimeType="text/xml">jar:http://www.unece.org/fileadmin/DAM/uncefact/xml_schemas/D17A.zip!/29MAR17 2/uncefact/codelist/standard/UNECE_CommunicationMeansTypeCode_D16B.xsd</AlternateFormatLocationUri>
      <Agency>
         <LongName xml:lang="en">United Nations Economic Commission for Europe</LongName>
         <Identifier Identifier="http://www.unece.org/trade/untdid/d11a/tred/tred3055.htm">6</Identifier>
      </Agency>
   </Identification>
  </list>
  <list outuri="CountryIdentificationCode-2.2.gc" method="Country"
        inuri="country-codes.html"
        reviewuri="https://www.iso.org/obp/ui/#search/code/">
    <!--
    Create country.html from:
textutil -stdout -convert html ~/t/country-codes.webarchive >country-codes.html
    saved from the alternate format location after ensuring all country
    codes are listed (300 entries)
    -->
   <Identification>
      <ShortName>CountryIdentificationCode</ShortName>
      <LongName xml:lang="en">Country Identification Code</LongName>
      <LongName Identifier="listID">ISO 3166</LongName>
      <Version>$VERSION</Version>
      <CanonicalUri>urn:iso:std:iso:3166</CanonicalUri>
      <CanonicalVersionUri>urn:iso:std:iso:3166:$VERSION</CanonicalVersionUri>
      <LocationUri>http://docs.oasis-open.org/ubl/os-UBL-2.2/cl/gc/default/CountryIdentificationCode-2.2.gc</LocationUri>
      <AlternateFormatLocationUri MimeType="text/html">https://www.iso.org/obp/ui/#search/code/</AlternateFormatLocationUri>
      <Agency>
         <LongName xml:lang="en">International Organization for Standardization</LongName>
         <Identifier Identifier="http://www.unece.org/trade/untdid/d11a/tred/tred3055.htm">5</Identifier>
      </Agency>
   </Identification>
  </list>
  <list outuri="CurrencyCode-2.2.gc" method="Currency"
        inuri="currency-codes.xml"
        reviewuri="http://www.currency-iso.org/dam/downloads/lists/list_one.xml">
   <Identification>
      <ShortName>CurrencyCode</ShortName>
      <LongName xml:lang="en">Currency Code</LongName>
      <LongName Identifier="listID">ISO 4217 Alpha</LongName>
      <Version>$VERSION</Version>
      <CanonicalUri>urn:iso:std:iso:4217</CanonicalUri>
      <CanonicalVersionUri>urn:iso:std:iso:4217:$VERSION</CanonicalVersionUri>
      <LocationUri>http://docs.oasis-open.org/ubl/os-UBL-2.1/cl/gc/default/CurrencyCode-2.1.gc</LocationUri>
      <AlternateFormatLocationUri MimeType="text/xml">http://www.currency-iso.org/dam/downloads/lists/list_one.xml</AlternateFormatLocationUri>
      <Agency>
         <LongName xml:lang="en">International Organization for Standardization</LongName>
         <Identifier Identifier="http://www.unece.org/trade/untdid/d11a/tred/tred3055.htm">5</Identifier>
      </Agency>
   </Identification>
  </list>
  <list outuri="LanguageCode-2.2.gc" method="Language"
        inuri="language-codes.xml"
        reviewuri="http://www.loc.gov/standards/iso639-2/php/code_list.php">
   <Identification>
      <ShortName>LanguageCode</ShortName>
      <LongName xml:lang="en">Language Code</LongName>
      <LongName Identifier="listID">ISO 639</LongName>
      <Version>$VERSION</Version>
      <CanonicalUri>urn:iso:std:iso:639</CanonicalUri>
      <CanonicalVersionUri>urn:iso:std:iso:639:$VERSION</CanonicalVersionUri>
      <LocationUri>http://docs.oasis-open.org/ubl/os-UBL-2.2/cl/gc/default/LanguageCode-2.2.gc</LocationUri>
      <AlternateFormatLocationUri MimeType="text/html">http://www.loc.gov/standards/iso639-2/php/code_list.php</AlternateFormatLocationUri>
      <Agency>
         <LongName xml:lang="en">International Organization for Standardization</LongName>
         <Identifier Identifier="http://www.unece.org/trade/untdid/d11a/tred/tred3055.htm">5</Identifier>
      </Agency>
   </Identification>
  </list>
  <list outuri="PackagingTypeCode-2.2-incl-deleted.gc" method="Packaging"
        filteruri="PackagingTypeCode-2.2.gc"
        inuri="rec21_Rev9e_2012.xml"
        reviewuri="https://www.unece.org/tradewelcome/un-centre-for-trade-facilitation-and-e-business-uncefact/outputs/cefactrecommendationsrec-index/list-of-trade-facilitation-recommendations-n-21-to-24.html">
   <Identification>
      <ShortName>PackagingTypeCode</ShortName>
      <LongName xml:lang="en">Packaging Type Code</LongName>
      <LongName Identifier="listID">UNECE Recommendation 21 - Codes for Passengers, Types of Cargo,
      Packages and Packaging Materials (with Complementary Codes for Package Names)</LongName>
      <Version>9e_2012</Version>
      <CanonicalUri>urn:oasis:names:specification:ubl:codelist:gc:PackagingTypeCode</CanonicalUri>
      <CanonicalVersionUri>urn:oasis:names:specification:ubl:codelist:gc:PackagingTypeCode:2.2</CanonicalVersionUri>
      <LocationUri>http://docs.oasis-open.org/ubl/os-UBL-2.2/cl/gc/default/PackagingTypeCode-2.2.gc</LocationUri>
      <AlternateFormatLocationUri MimeType="application/vnd.ms-excel">jar:https://www.unece.org/fileadmin/DAM/cefact/recommendations/rec21/rec21.zip!/rec21_Rev9e_2012.xls</AlternateFormatLocationUri>
      <Agency>
         <LongName xml:lang="en">United Nations Economic Commission for Europe</LongName>
         <Identifier Identifier="http://www.unece.org/trade/untdid/d11a/tred/tred3055.htm">6</Identifier>
      </Agency>
   </Identification>
  </list>
  <list outuri="PaymentMeansCode-2.2.gc" method="XSD"
        inuri="PaymentMeansCode-2.2.xsd"
        reviewuri="http://www.unece.org/cefact/xml_schemas/index">
   <Identification>
      <ShortName>PaymentMeansCode</ShortName>
      <LongName xml:lang="en">Payment Means Code</LongName>
      <LongName Identifier="listID">UN/EDIFACT EDED 4461</LongName>
      <Version>17A</Version>
      <CanonicalUri>urn:oasis:names:specification:ubl:codelist:gc:PaymentMeansCode</CanonicalUri>
      <CanonicalVersionUri>urn:oasis:names:specification:ubl:codelist:gc:PaymentMeansCode:2.2</CanonicalVersionUri>
      <LocationUri>http://docs.oasis-open.org/ubl/os-UBL-2.2/cl/gc/default/PaymentMeansCode-2.2.gc</LocationUri>
      <AlternateFormatLocationUri MimeType="text/xml">jar:http://www.unece.org/fileadmin/DAM/uncefact/xml_schemas/D17A.zip!/29MAR17 2/uncefact/codelist/standard/UNECE_PaymentMeansCode_D16B.xsd</AlternateFormatLocationUri>
      <Agency>
         <LongName xml:lang="en">United Nations Economic Commission for Europe</LongName>
         <Identifier Identifier="http://www.unece.org/trade/untdid/d11a/tred/tred3055.htm">6</Identifier>
      </Agency>
   </Identification>
  </list>
  <list outuri="TransportEquipmentTypeCode-2.2.gc" method="XSD"
        inuri="TransportEquipmentTypeCode-2.2.xsd"
        reviewuri="http://www.unece.org/cefact/xml_schemas/index">
   <Identification>
      <ShortName>TransportEquipmentTypeCode</ShortName>
      <LongName xml:lang="en">Transport Equipment Type Code</LongName>
      <LongName Identifier="listID">UN/EDIFACT EDED 8053</LongName>
      <Version>17A</Version>
      <CanonicalUri>urn:oasis:names:specification:ubl:codelist:gc:TransportEquipmentTypeCode</CanonicalUri>
      <CanonicalVersionUri>urn:oasis:names:specification:ubl:codelist:gc:TransportEquipmentTypeCode:2.2</CanonicalVersionUri>
      <LocationUri>http://docs.oasis-open.org/ubl/os-UBL-2.2/cl/gc/default/TransportEquipmentTypeCode-2.2.gc</LocationUri>
      <AlternateFormatLocationUri MimeType="text/xml">jar:http://www.unece.org/fileadmin/DAM/uncefact/xml_schemas/D17A.zip!/29MAR17 2/uncefact/codelist/standard/UNECE_TransportEquipmentCategoryCode_D16B.xsd</AlternateFormatLocationUri>
      <Agency>
         <LongName xml:lang="en">United Nations Economic Commission for Europe</LongName>
         <Identifier Identifier="http://www.unece.org/trade/untdid/d11a/tred/tred3055.htm">6</Identifier>
      </Agency>
   </Identification>
  </list>
  <list outuri="TransportModeCode-2.2.gc" method="XSD"
        inuri="TransportModeCode-2.2.xsd"
        reviewuri="http://www.unece.org/cefact/xml_schemas/index">
   <Identification>
      <ShortName>TransportModeCode</ShortName>
      <LongName xml:lang="en">Transport Mode Code</LongName>
      <LongName Identifier="listID">UNECE Recommendation 19 - Codes for Modes of Transport</LongName>
      <Version>17A</Version>
      <CanonicalUri>urn:oasis:names:specification:ubl:codelist:gc:TransportModeCode</CanonicalUri>
      <CanonicalVersionUri>urn:oasis:names:specification:ubl:codelist:gc:TransportModeCode:2.2</CanonicalVersionUri>
      <LocationUri>http://docs.oasis-open.org/ubl/os-UBL-2.2/cl/gc/default/TransportModeCode-2.2.gc</LocationUri>
      <AlternateFormatLocationUri MimeType="text/xml">jar:http://www.unece.org/fileadmin/DAM/uncefact/xml_schemas/D17A.zip!/29MAR17 2/uncefact/codelist/standard/UNECE_TransportModeCode_2.xsd</AlternateFormatLocationUri>
      <Agency>
         <LongName xml:lang="en">United Nations Economic Commission for Europe</LongName>
         <Identifier Identifier="http://www.unece.org/trade/untdid/d11a/tred/tred3055.htm">6</Identifier>
      </Agency>
   </Identification>
  </list>
  <list outuri="UnitOfMeasureCode-2.2-incl-deleted.gc" method="Unit"
        filteruri="UnitOfMeasureCode-2.2.gc"
        inuri="rec20_Rev12e_2016.xml"
        reviewuri="https://www.unece.org/tradewelcome/un-centre-for-trade-facilitation-and-e-business-uncefact/outputs/cefactrecommendationsrec-index/list-of-trade-facilitation-recommendations-n-16-to-20.html">
   <Identification>
      <ShortName>UnitOfMeasureCode</ShortName>
      <LongName xml:lang="en">Unit Of Measure Code</LongName>
      <LongName Identifier="listID">UNECE Recommendation N°. 20 - Codes for Units of Measure Used in International Trade</LongName>
      <Version>12e_2016</Version>
      <CanonicalUri>urn:oasis:names:specification:ubl:codelist:gc:UnitOfMeasureCode</CanonicalUri>
      <CanonicalVersionUri>urn:oasis:names:specification:ubl:codelist:gc:UnitOfMeasureCode:2.2</CanonicalVersionUri>
      <LocationUri>http://docs.oasis-open.org/ubl/os-UBL-2.2/cl/gc/default/UnitOfMeasureCode-2.2.gc</LocationUri>
      <AlternateFormatLocationUri MimeType="application/vnd.ms-excel">jar:https://www.unece.org/fileadmin/DAM/cefact/recommendations/rec20/rec20.zip!/rec20/rec20_Rev12e_2016.xls</AlternateFormatLocationUri>
      <Agency>
         <LongName xml:lang="en">United Nations Economic Commission for Europe</LongName>
         <Identifier Identifier="http://www.unece.org/trade/untdid/d11a/tred/tred3055.htm">6</Identifier>
      </Agency>
   </Identification>
  </list>
  <list outuri="WeighingMethodCode-2.2.gc" method="Copy"
        inuri="WeighingMethodCode-2.2.gc"
        reviewuri="http://www.imo.org/en/OurWork/Safety/Cargoes/Containers/Pages/Verification-of-the-gross-mass.aspx">
   <Identification>
      <ShortName>WeighingMethodCode</ShortName>
      <LongName xml:lang="en">Weighing Method Code</LongName>
      <LongName Identifier="listID">IMO SOLAS</LongName>
      <Version>2015-02</Version>
      <CanonicalUri>urn:oasis:names:specification:ubl:codelist:gc:WeighingMethodCode</CanonicalUri>
      <CanonicalVersionUri>urn:oasis:names:specification:ubl:codelist:gc:WeighingMethodCode:2.2</CanonicalVersionUri>
      <LocationUri>http://docs.oasis-open.org/ubl/os-UBL-2.2/cl/gc/default/WeighinghodCodeMet-2.2.gc</LocationUri>
      <AlternateFormatLocationUri MimeType="application/pdf">http://www.imo.org/en/OurWork/Safety/Cargoes/Containers/Documents/MSC.1%20Circ.1475.pdf</AlternateFormatLocationUri>
      <Agency>
         <LongName xml:lang="en">International Maritime Organization</LongName>
         <Identifier Identifier="http://www.unece.org/trade/untdid/d11a/tred/tred3055.htm">54</Identifier>
      </Agency>
   </Identification>
  </list>
</lists>