<?xml version="1.0" encoding="UTF-8"?>
<signed on="Jul 16, 2015 9:01:14 PM">
  <stylesheets>
    <stylesheet name="../Crane-isosts2fo-a4.xsl" md5="uS86G30w19+skdQ/KXO1yw=="/>
    <stylesheet name="../support/Crane-isosts2fo-a4-base.xsl" md5="jQEW4PCZlg48yufnZNhfQA=="/>
    <stylesheet name="../support/Crane-isosts2fo-a4-obfuscated.xsl" md5="mkD+J7NK54FNjWMgLxsCLw=="/>
    <stylesheet name="../support/Crane-isosts2fo-us-base.xsl" md5="lDoiK+DtdX7gwnOuebuJZQ=="/>
    <stylesheet name="../support/DraftForPublishing.svg" md5="dTDuixKmotKBNqhCs2a4vg=="/>
    <stylesheet name="Crane-isosts2fo-a4-ibex.xsl" md5="Jib3Q3aTwf4ZSTf5FEkGMQ=="/>
    <stylesheet name="Crane-isosts2fo-us-ibex.xsl" md5="363fpKBe2cqlF+FH87pbUg=="/>
  </stylesheets>
  <sig md5="Aeb1fyWH2ZL3wpvqjJ3d8g==" signature="MCwCFFwB09rKc7cf8BNXc+XQHntywdBbAhQ8iXBb1WRb9zZSzkk2leNAmm0pfg==">
  </sig>
</signed>
