<?xml version="1.0" encoding="utf-8"?><!--biditest.xml-->
<!DOCTYPE doc [
<!ENTITY hebrew-test  "&#x05D1;&#x05D3;&#x05D9;&#x05E7;&#x05D4;
                       &#x05E2;&#x05D1;&#x05E8;&#x05D9;&#x05EA;">
<!ENTITY arabic-test1 "&#x0625;&#x062e;&#x062a;&#x0628;&#x0627;">
<!ENTITY arabic-test2 "&#x0631; &#x0639;&#x0631;&#x0628;&#x064a;">
<!ENTITY arabic-test  "&arabic-test1;&arabic-test2;">
]>
<doc>
  <section>
    <title>English Test</title>
    <subsection>Sub 1 in English</subsection>
    <subsection>Sub 2 in English</subsection>
    <subsection>Sub 3 in English</subsection>
    <subsection>Sub 4 in English</subsection>
    <subsection>Sub 5 in English</subsection>
    <subsection>Sub 6 in English</subsection>
    <subsection>Sub 7 in English</subsection>
    <subsection>Sub 8 in English</subsection>
    <subsection>Sub 9 in English</subsection>
    <subsection>Sub 10 in English</subsection>
    <subsection>Sub 11 in English</subsection>
    <subsection>Sub 12 in English</subsection>
    <subsection>Sub 13 in English</subsection>
    <subsection>Sub 14 in English</subsection>
    <subsection>Sub 15 in English</subsection>
  </section>
  <section>
    <title>&hebrew-test;</title>
    <subsection>Sub 1 in Hebrew</subsection>
    <subsection>Sub 2 in Hebrew</subsection>
    <subsection>Sub 3 in Hebrew</subsection>
    <subsection>Sub 4 in Hebrew</subsection>
    <subsection>Sub 5 in Hebrew</subsection>
    <subsection>Sub 6 in Hebrew</subsection>
    <subsection>Sub 7 in Hebrew</subsection>
    <subsection>Sub 8 in Hebrew</subsection>
    <subsection>Sub 9 in Hebrew</subsection>
    <subsection>Sub 10 in Hebrew</subsection>
    <subsection>Sub 11 in Hebrew</subsection>
    <subsection>Sub 12 in Hebrew</subsection>
    <subsection>Sub 13 in Hebrew</subsection>
    <subsection>Sub 14 in Hebrew</subsection>
  </section>
  <section>
    <title>&arabic-test;</title>
    <subsection>Sub 1 in Arabic</subsection>
    <subsection>Sub 2 in Arabic</subsection>
    <subsection>Sub 3 in Arabic</subsection>
    <subsection>Sub 4 in Arabic</subsection>
    <subsection>Sub 5 in Arabic</subsection>
    <subsection>Sub 6 in Arabic</subsection>
    <subsection>Sub 7 in Arabic</subsection>
    <subsection>Sub 8 in Arabic</subsection>
    <subsection>Sub 9 in Arabic</subsection>
    <subsection>Sub 10 in Arabic</subsection>
    <subsection>Sub 11 in Arabic</subsection>
    <subsection>Sub 12 in Arabic</subsection>
    <subsection>Sub 13 in Arabic</subsection>
    <subsection>Sub 14 in Arabic</subsection>
  </section>
  <section>
    <title>Test Fran&#xe7;ais</title>
    <subsection>Sub 1 in French</subsection>
    <subsection>Sub 2 in French</subsection>
    <subsection>Sub 3 in French</subsection>
    <subsection>Sub 4 in French</subsection>
    <subsection>Sub 5 in French</subsection>
    <subsection>Sub 6 in French</subsection>
    <subsection>Sub 7 in French</subsection>
    <subsection>Sub 8 in French</subsection>
    <subsection>Sub 9 in French</subsection>
    <subsection>Sub 10 in French</subsection>
    <subsection>Sub 11 in French</subsection>
    <subsection>Sub 12 in French</subsection>
  </section>
</doc>
