<?xml version="1.0" encoding="UTF-8"?>
<ExpressionOfInterestRequest xmlns="urn:oasis:names:specification:ubl:schema:xsd:ExpressionOfInterestRequest-2"
                             xmlns:cac="urn:oasis:names:specification:ubl:schema:xsd:CommonAggregateComponents-2"
                             xmlns:cbc="urn:oasis:names:specification:ubl:schema:xsd:CommonBasicComponents-2"
                             xmlns:ext="urn:oasis:names:specification:ubl:schema:xsd:CommonExtensionComponents-2">
   <cbc:ID/>
   <cbc:IssueDate/>
   <cac:EconomicOperatorParty>
      <cac:Party/>
   </cac:EconomicOperatorParty>
   <cac:ContractingParty>
      <cac:Party/>
   </cac:ContractingParty>
</ExpressionOfInterestRequest>
