<?xml version="1.0"?>
<course>
<lesson>
<title>
The XML family of Recommendations</title>
<frame id="xml-info" appl="a">
<title>
Extensible Markup Language (XML)</title>
</frame>
<frame id="xml-links" appl="b">
<title>
XML information links</title>
</frame>
<frame id="xpath-info" appl="b">
<title>
XML Path Language (XPath)</title>
</frame>
<frame id="xsl-info" appl="a">
<title>
Styling structured information</title>
</frame>
<frame id="xsldesc" appl="c">
<title>
Extensible Stylesheet Language (XSL)</title>
</frame>
<frame id="xsltdesc" appl="b">
<title>
Extensible Stylesheet Language Transformations (XSLT)</title>
</frame>
<frame id="xsl-history" appl="b">
<title>
Historical development of the XSL and XSLT Recommendations</title>
</frame>
<frame id="xsl-links" appl="b">
<title>
XSL information links</title>
</frame>
<frame id="namespaces-info" appl="c">
<title>
Namespaces</title>
</frame>
<frame id="assoc-info" appl="a">
<title>
Stylesheet association</title>
</frame>
</lesson>
<lesson>
<title>
Transformation data flows</title>
<frame id="x2xml" appl="a">
<title>
Transformation from XML to XML</title>
</frame>
<frame id="xml2fmt" appl="b">
<title>
Transformation from XML to XSL formatting semantics</title>
</frame>
<frame id="xml2nxml" appl="c">
<title>
Transformation from XML to non-XML</title>
</frame>
<frame id="xsltfe" appl="b">
<title>
XSLT as an application front-end</title>
</frame>
<frame id="host" appl="a">
<title>
Three-tiered architectures</title>
</frame>
</lesson>
<lesson>
<title>
Stylesheet examples</title>
<frame id="sample1" appl="a">
<title>
Some simple examples</title>
</frame>
</lesson>
<lesson>
<title>
Syntax basics - stylesheets, templates, instructions</title>
<frame id="samp-ss" appl="a">
<title>
Stylesheet requirements</title>
</frame>
<frame id="samp-act" appl="b">
<title>
Instructions and literal result elements</title>
</frame>
<frame id="samp-templates" appl="a">
<title>
Templates and template rules</title>
</frame>
<frame id="impl-ss" appl="c">
<title>
Implicitly declared stylesheets</title>
</frame>
<frame id="expl-ss" appl="c">
<title>
Explicitly declared stylesheets</title>
</frame>
<frame id="samp-approach" appl="c">
<title>
Approaches to stylesheet design</title>
</frame>
</lesson>
</course>