<?xml version="1.0"?><!--prod-bad.xml-->
<sales xmlns:xsi="http://www.w3.org/2001/XMLSchema-instance"
       xsi:noNamespaceSchemaLocation="prod.xsd">
  <products><product id="p1">Packing Boxes</product>
            <product id="p2">Packing Tape</product></products>
  <record><cust num="C1001">
            <prodsale idref="p1">100</prodsale>
            <prodsale idref="p2">200</prodsale></cust>
          <cust num="C1002">
            <prodsale idref="p2">50</prodsale></cust>
          <cust num="C1003">
            <prodsale idref="p1">75</prodsale>
            <prodsale idref="p3">15</prodsale></cust></record>
</sales>
