<?xml version="1.0"?><!--prod-alt.xml-->
<sales>
  <products><product id="p1">Packing Boxes</product>
            <product id="p2">Packing Tape</product></products>
  <record><cust num="C1001">
            <prodsale idref="p1">00100</prodsale>
            <prodsale idref="p2">00200</prodsale></cust>
          <cust num="C1002">
            <prodsale idref="p2">00050</prodsale></cust>
          <cust num="C1003">
            <prodsale idref="p1">00075</prodsale>
            <prodsale idref="p2">00015</prodsale></cust></record>
</sales>
