<!--
    An example IETF/W3C XML Digital Signature extension point definition.
-->
<ds:Object xmlns:ds="http://www.w3.org/2000/09/xmldsig#"
           xmlns:c="http://www.CraneSoftwrights.com/ns/ublsec">
  <QualifyingProperties xmlns="http://uri.etsi.org/01903/v1.3.2#"
                        Target="#addedSig">
    <SignedProperties Id="xades-test-s" c:sign="Id">
      <SignedSignatureProperties>
        <SigningTime>2010-11-26T18:00:00Z</SigningTime>
      </SignedSignatureProperties>
    </SignedProperties>
    <UnsignedProperties Id="xades-test-u">
      <UnsignedSignatureProperties>
        <SignatureTimeStamp>
          <XMLTimeStamp>2010-11-26T18:00:00Z</XMLTimeStamp>
        </SignatureTimeStamp>
      </UnsignedSignatureProperties>
    </UnsignedProperties>
  </QualifyingProperties>
</ds:Object>