<?xml version="1.0" encoding="UTF-8"?>
<CreditNote xmlns="urn:X-test:UBL:Pre-award:CreditNote"
            xmlns:cac="urn:X-test:UBL:Pre-award:CommonAggregate"
            xmlns:cbc="urn:X-test:UBL:Pre-award:CommonBasic"
            xmlns:ext="urn:oasis:names:specification:ubl:schema:xsd:CommonExtensionComponents-2">
   <cbc:ID/>
   <cbc:IssueDate/>
   <cac:AccountingSupplierParty/>
   <cac:AccountingCustomerParty/>
   <cac:LegalMonetaryTotal>
      <cbc:PayableAmount/>
   </cac:LegalMonetaryTotal>
   <cac:CreditNoteLine>
      <cbc:ID/>
   </cac:CreditNoteLine>
</CreditNote>
