<?xml version="1.0" encoding="UTF-8"?>
<OrderChange xmlns="urn:X-test:UBL:Pre-award:OrderChange"
             xmlns:cac="urn:X-test:UBL:Pre-award:CommonAggregate"
             xmlns:cbc="urn:X-test:UBL:Pre-award:CommonBasic"
             xmlns:ext="urn:oasis:names:specification:ubl:schema:xsd:CommonExtensionComponents-2">
   <cbc:IssueDate/>
   <cbc:SequenceNumberID/>
   <cac:OrderReference>
      <cbc:ID/>
   </cac:OrderReference>
   <cac:BuyerCustomerParty/>
   <cac:SellerSupplierParty/>
   <cac:OrderLine>
      <cac:LineItem>
         <cbc:ID/>
         <cac:Item/>
      </cac:LineItem>
   </cac:OrderLine>
</OrderChange>
