<?xml version="1.0" encoding="UTF-8"?>
<CertificateOfOrigin xmlns="urn:X-test:UBL:Pre-award:CertificateOfOrigin"
                     xmlns:cac="urn:X-test:UBL:Pre-award:CommonAggregate"
                     xmlns:cbc="urn:X-test:UBL:Pre-award:CommonBasic"
                     xmlns:ext="urn:oasis:names:specification:ubl:schema:xsd:CommonExtensionComponents-2">
   <cbc:ID/>
   <cac:CertificateOfOriginApplication>
      <cbc:ReferenceID/>
      <cbc:CertificateType/>
      <cbc:OriginalJobID/>
      <cac:Shipment>
         <cbc:ID/>
      </cac:Shipment>
      <cac:EndorserParty>
         <cbc:RoleCode/>
         <cbc:SequenceNumeric/>
         <cac:Party/>
         <cac:SignatoryContact/>
      </cac:EndorserParty>
      <cac:PreparationParty/>
      <cac:IssuerParty/>
      <cac:IssuingCountry/>
   </cac:CertificateOfOriginApplication>
   <cac:IssuerEndorsement>
      <cbc:DocumentID/>
      <cbc:ApprovalStatus/>
      <cac:EndorserParty>
         <cbc:RoleCode/>
         <cbc:SequenceNumeric/>
         <cac:Party/>
         <cac:SignatoryContact/>
      </cac:EndorserParty>
   </cac:IssuerEndorsement>
</CertificateOfOrigin>
