<?xml version="1.0" encoding="UTF-8"?>
<Statement xmlns="urn:X-test:UBL:Pre-award:Statement"
           xmlns:cac="urn:X-test:UBL:Pre-award:CommonAggregate"
           xmlns:cbc="urn:X-test:UBL:Pre-award:CommonBasic"
           xmlns:ext="urn:oasis:names:specification:ubl:schema:xsd:CommonExtensionComponents-2">
   <cbc:ID/>
   <cbc:IssueDate/>
   <cbc:DocumentCurrencyCode/>
   <cac:AccountingSupplierParty/>
   <cac:AccountingCustomerParty/>
   <cac:StatementLine>
      <cbc:ID/>
   </cac:StatementLine>
</Statement>
