<?xml version="1.0" encoding="UTF-8"?>
<StockAvailabilityReport xmlns="urn:X-test:UBL:Pre-award:StockAvailabilityReport"
                         xmlns:cac="urn:X-test:UBL:Pre-award:CommonAggregate"
                         xmlns:cbc="urn:X-test:UBL:Pre-award:CommonBasic"
                         xmlns:ext="urn:oasis:names:specification:ubl:schema:xsd:CommonExtensionComponents-2">
   <cbc:ID/>
   <cbc:IssueDate/>
   <cac:SellerSupplierParty/>
   <cac:InventoryReportingParty/>
   <cac:StockAvailabilityReportLine>
      <cbc:ID/>
      <cbc:Quantity/>
      <cac:Item/>
   </cac:StockAvailabilityReportLine>
</StockAvailabilityReport>
