<?xml version="1.0" encoding="UTF-8"?>
<ExceptionCriteria xmlns="urn:X-test:UBL:Pre-award:ExceptionCriteria"
                   xmlns:cac="urn:X-test:UBL:Pre-award:CommonAggregate"
                   xmlns:cbc="urn:X-test:UBL:Pre-award:CommonBasic"
                   xmlns:ext="urn:oasis:names:specification:ubl:schema:xsd:CommonExtensionComponents-2">
   <cbc:ID/>
   <cbc:IssueDate/>
   <cac:ValidityPeriod/>
   <cac:SenderParty/>
   <cac:ReceiverParty/>
   <cac:ExceptionCriteriaLine>
      <cbc:ID/>
      <cbc:ThresholdValueComparisonCode/>
      <cbc:ThresholdQuantity/>
      <cac:SupplyItem/>
   </cac:ExceptionCriteriaLine>
</ExceptionCriteria>
