<?xml version="1.0" encoding="UTF-8"?>
<DespatchAdvice xmlns="urn:X-test:UBL:Pre-award:DespatchAdvice"
                xmlns:cac="urn:X-test:UBL:Pre-award:CommonAggregate"
                xmlns:cbc="urn:X-test:UBL:Pre-award:CommonBasic"
                xmlns:ext="urn:oasis:names:specification:ubl:schema:xsd:CommonExtensionComponents-2">
   <cbc:ID/>
   <cbc:IssueDate/>
   <cac:DespatchSupplierParty/>
   <cac:DeliveryCustomerParty/>
   <cac:DespatchLine>
      <cbc:ID/>
      <cac:OrderLineReference>
         <cbc:LineID/>
      </cac:OrderLineReference>
      <cac:Item/>
   </cac:DespatchLine>
</DespatchAdvice>
