<?xml version="1.0" encoding="UTF-8"?>
<SelfBilledCreditNote xmlns="urn:X-test:UBL:Pre-award:SelfBilledCreditNote"
                      xmlns:cac="urn:X-test:UBL:Pre-award:CommonAggregate"
                      xmlns:cbc="urn:X-test:UBL:Pre-award:CommonBasic"
                      xmlns:ext="urn:oasis:names:specification:ubl:schema:xsd:CommonExtensionComponents-2">
   <cbc:ID/>
   <cbc:IssueDate/>
   <cbc:DocumentCurrencyCode/>
   <cac:AccountingCustomerParty/>
   <cac:AccountingSupplierParty/>
   <cac:LegalMonetaryTotal>
      <cbc:PayableAmount/>
   </cac:LegalMonetaryTotal>
   <cac:CreditNoteLine>
      <cbc:ID/>
   </cac:CreditNoteLine>
</SelfBilledCreditNote>
