<?xml version="1.0" encoding="UTF-8"?>
<UtilityStatement xmlns="urn:X-test:UBL:Pre-award:UtilityStatement"
                  xmlns:cac="urn:X-test:UBL:Pre-award:CommonAggregate"
                  xmlns:cbc="urn:X-test:UBL:Pre-award:CommonBasic"
                  xmlns:ext="urn:oasis:names:specification:ubl:schema:xsd:CommonExtensionComponents-2">
   <cbc:ID/>
   <cbc:IssueDate/>
   <cbc:UtilityStatementTypeCode/>
   <cbc:DocumentCurrencyCode/>
   <cac:ParentDocumentReference>
      <cbc:ID/>
   </cac:ParentDocumentReference>
   <cac:SenderParty/>
   <cac:ReceiverParty/>
</UtilityStatement>
