<?xml version="1.0" encoding="UTF-8"?>
<ExceptionNotification xmlns="urn:X-test:UBL:Pre-award:ExceptionNotification"
                       xmlns:cac="urn:X-test:UBL:Pre-award:CommonAggregate"
                       xmlns:cbc="urn:X-test:UBL:Pre-award:CommonBasic"
                       xmlns:ext="urn:oasis:names:specification:ubl:schema:xsd:CommonExtensionComponents-2">
   <cbc:ID/>
   <cbc:IssueDate/>
   <cac:ExceptionObservationPeriod/>
   <cac:SenderParty/>
   <cac:ReceiverParty/>
   <cac:ExceptionNotificationLine>
      <cbc:ID/>
      <cbc:ComparedValueMeasure/>
      <cbc:SourceValueMeasure/>
      <cac:SupplyItem/>
   </cac:ExceptionNotificationLine>
</ExceptionNotification>
