<?xml version="1.0" encoding="UTF-8"?>
<InventoryReport xmlns="urn:X-test:UBL:Pre-award:InventoryReport"
                 xmlns:cac="urn:X-test:UBL:Pre-award:CommonAggregate"
                 xmlns:cbc="urn:X-test:UBL:Pre-award:CommonBasic"
                 xmlns:ext="urn:oasis:names:specification:ubl:schema:xsd:CommonExtensionComponents-2">
   <cbc:ID/>
   <cbc:IssueDate/>
   <cac:RetailerCustomerParty/>
   <cac:InventoryReportingParty/>
   <cac:InventoryReportLine>
      <cbc:ID/>
      <cbc:Quantity/>
      <cac:Item/>
   </cac:InventoryReportLine>
</InventoryReport>
