<?xml version="1.0" encoding="UTF-8"?>
<CatalogueItemSpecificationUpdate xmlns="urn:X-test:UBL:Pre-award:CatalogueItemSpecificationUpdate"
                                  xmlns:cac="urn:X-test:UBL:Pre-award:CommonAggregate"
                                  xmlns:cbc="urn:X-test:UBL:Pre-award:CommonBasic"
                                  xmlns:ext="urn:oasis:names:specification:ubl:schema:xsd:CommonExtensionComponents-2">
   <cbc:ID/>
   <cbc:IssueDate/>
   <cac:RelatedCatalogueReference>
      <cbc:ID/>
   </cac:RelatedCatalogueReference>
   <cac:ProviderParty/>
   <cac:ReceiverParty/>
   <cac:CatalogueItemSpecificationUpdateLine>
      <cbc:ID/>
      <cac:Item/>
   </cac:CatalogueItemSpecificationUpdateLine>
</CatalogueItemSpecificationUpdate>
