<?xml version="1.0" encoding="UTF-8"?>
<OrderResponseSimple xmlns="urn:X-test:UBL:Pre-award:OrderResponseSimple"
                     xmlns:cac="urn:X-test:UBL:Pre-award:CommonAggregate"
                     xmlns:cbc="urn:X-test:UBL:Pre-award:CommonBasic"
                     xmlns:ext="urn:oasis:names:specification:ubl:schema:xsd:CommonExtensionComponents-2">
   <cbc:ID/>
   <cbc:IssueDate/>
   <cbc:AcceptedIndicator/>
   <cac:OrderReference>
      <cbc:ID/>
   </cac:OrderReference>
   <cac:SellerSupplierParty/>
   <cac:BuyerCustomerParty/>
</OrderResponseSimple>
