<?xml version="1.0" encoding="UTF-8"?>
<QualificationApplicationResponse xmlns="urn:X-test:UBL:Pre-award:QualificationApplicationResponse"
                                  xmlns:cac="urn:X-test:UBL:Pre-award:CommonAggregate"
                                  xmlns:cbc="urn:X-test:UBL:Pre-award:CommonBasic"
                                  xmlns:ext="urn:oasis:names:specification:ubl:schema:xsd:CommonExtensionComponents-2">
   <cbc:ContractFolderID/>
   <cbc:IssueDate/>
   <cac:ContractingParty>
      <cac:Party/>
   </cac:ContractingParty>
   <cac:EconomicOperatorParty>
      <cac:Party/>
   </cac:EconomicOperatorParty>
</QualificationApplicationResponse>
