<?xml version="1.0" encoding="UTF-8"?>
<AwardedNotification xmlns="urn:oasis:names:specification:ubl:schema:xsd:AwardedNotification-2"
                     xmlns:cac="urn:oasis:names:specification:ubl:schema:xsd:CommonAggregateComponents-2"
                     xmlns:cbc="urn:oasis:names:specification:ubl:schema:xsd:CommonBasicComponents-2"
                     xmlns:ext="urn:oasis:names:specification:ubl:schema:xsd:CommonExtensionComponents-2">
   <cbc:ContractFolderID>ZZZ</cbc:ContractFolderID>
   <cbc:IssueDate>2000-01-01</cbc:IssueDate>
   <cac:SenderParty/>
   <cac:ReceiverParty/>
   <cac:TenderResult>
      <cbc:AwardDate>2000-01-01</cbc:AwardDate>
   </cac:TenderResult>
</AwardedNotification>
