<?xml version="1.0" encoding="UTF-8"?>
<SelfBilledCreditNote xmlns="urn:oasis:names:specification:ubl:schema:xsd:SelfBilledCreditNote-2"
                      xmlns:cac="urn:oasis:names:specification:ubl:schema:xsd:CommonAggregateComponents-2"
                      xmlns:cbc="urn:oasis:names:specification:ubl:schema:xsd:CommonBasicComponents-2"
                      xmlns:ext="urn:oasis:names:specification:ubl:schema:xsd:CommonExtensionComponents-2">
   <cbc:ID>ZZZ</cbc:ID>
   <cbc:IssueDate>2000-01-01</cbc:IssueDate>
   <cbc:DocumentCurrencyCode>ZZZ</cbc:DocumentCurrencyCode>
   <cac:AccountingCustomerParty/>
   <cac:AccountingSupplierParty/>
   <cac:LegalMonetaryTotal>
      <cbc:PayableAmount currencyID="ZZZ">0.000</cbc:PayableAmount>
   </cac:LegalMonetaryTotal>
   <cac:CreditNoteLine>
      <cbc:ID>ZZZ</cbc:ID>
   </cac:CreditNoteLine>
</SelfBilledCreditNote>
