<?xml version="1.0" encoding="UTF-8"?>
<TransportServiceDescriptionRequest xmlns="urn:oasis:names:specification:ubl:schema:xsd:TransportServiceDescriptionRequest-2"
                                    xmlns:cac="urn:oasis:names:specification:ubl:schema:xsd:CommonAggregateComponents-2"
                                    xmlns:cbc="urn:oasis:names:specification:ubl:schema:xsd:CommonBasicComponents-2"
                                    xmlns:ext="urn:oasis:names:specification:ubl:schema:xsd:CommonExtensionComponents-2">
   <cbc:ID>ZZZ</cbc:ID>
   <cbc:IssueDate>2000-01-01</cbc:IssueDate>
   <cbc:IssueTime>00:00:00+0000</cbc:IssueTime>
   <cac:TransportationService>
      <cbc:TransportServiceCode>ZZZ</cbc:TransportServiceCode>
   </cac:TransportationService>
</TransportServiceDescriptionRequest>
