<!--
  A typical Windows configuration file for fonts for the Ibex XSL-FO formatter.
-->
<ibexconfig>
  <font name="sans-serif" file="c:\Windows\Fonts\arialuni.ttf"/>
  <font name="arial" file="c:\Windows\Fonts\arialuni.ttf"/>
  <font name="arial" italic="true" file="c:\Windows\Fonts\ariali.ttf"/>
  <font name="arial" bold="true" file="c:\Windows\Fonts\arialbd.ttf"/>
  <font name="times new roman" file="c:\Windows\Fonts\times.ttf"/>
  <font name="times new roman" italic="true" file="c:\Windows\Fonts\timesi.ttf"/>
  <font name="times new roman" bold="true" file="c:\Windows\Fonts\timesbd.ttf"/>
  <font name="times new roman" bold="true" italic="true" file="c:\Windows\Fonts\timesbi.ttf"/>
  <font name="roman" file="c:\Windows\Fonts\times.ttf"/>
  <font name="roman" italic="true" file="c:\Windows\Fonts\timesi.ttf"/>
  <font name="roman" bold="true" file="c:\Windows\Fonts\timesbd.ttf"/>
  <font name="roman" bold="true" italic="true" file="c:\Windows\Fonts\timesbi.ttf"/>
  <font name="serif" file="c:\Windows\Fonts\times.ttf"/>
  <font name="arial narrow" file="c:\Windows\Fonts\arialn.ttf"/>
  <font name="folio condensed bt" file="c:\Windows\Fonts\tt0854m_.ttf"/>
  <font name="courier new" file="c:\Windows\Fonts\cour.ttf"/>
  <font name="courier new" italic="true" file="c:\Windows\Fonts\couri.ttf"/>
  <font name="courier new" bold="true" file="c:\Windows\Fonts\courbd.ttf"/>
  <font name="courier new" italic="true" bold="true" file="c:\Windows\Fonts\courbi.ttf"/>
  <font name="monospace" file="c:\Windows\Fonts\cour.ttf"/>
  <font name="cambria" file="c:\Windows\Fonts\cambria.ttc"/>
  <font name="cambria" italic="true" file="c:\Windows\Fonts\cambriai.ttf"/>
  <font name="cambria" bold="true" italic="true" file="c:\Windows\Fonts\cambriaz.ttf"/>
  <font name="cambria" bold="true" file="c:\Windows\Fonts\cambriab.ttf"/>
</ibexconfig>
