<?xml version="1.0" encoding="UTF-8"?>
<signed on="Jun 25, 2015 3:33:03 PM">
  <stylesheets>
    <stylesheet name="../Crane-isosts2fo-a4.xsl" md5="axxwyJWNUp6Fw7R67AECgA=="/>
    <stylesheet name="../support/Crane-isosts2fo-a4-base.xsl" md5="jQEW4PCZlg48yufnZNhfQA=="/>
    <stylesheet name="../support/Crane-isosts2fo-a4-obfuscated.xsl" md5="qVPofHHr1OJZhCdbEUcV0Q=="/>
    <stylesheet name="../support/Crane-isosts2fo-us-base.xsl" md5="lDoiK+DtdX7gwnOuebuJZQ=="/>
    <stylesheet name="../support/DraftForPublishing.svg" md5="Dh4fv5TIXMuPzJHe/DgErA=="/>
    <stylesheet name="Crane-isosts2fo-a4-ibex.xsl" md5="Jib3Q3aTwf4ZSTf5FEkGMQ=="/>
    <stylesheet name="Crane-isosts2fo-us-ibex.xsl" md5="363fpKBe2cqlF+FH87pbUg=="/>
  </stylesheets>
  <sig md5="z9PqX/YkkLgzRXCvQ4zhAA==" signature="MCwCFHz0ThzikhzydjyFNJBqerLtZBO9AhQh3Yhyt2eSeOKKlQohf0WdZhBDrw==">
  </sig>
</signed>
