<?xml version="1.0" encoding="US-ASCII"?>
<project default="make">
<description>
  This Ant task performs a validation of a UBL customization, producing
  an error report and a pruned UBL 2.0 XPath file corresponding to the
  customization.

  $Id: filterXPathDK.xml,v 1.14 2006/12/20 04:39:19 G. Ken Holman Exp $

  Copyright (C) - Crane Softwrights Ltd.
 		- http://www.CraneSoftwrights.com/links/res-dev.htm
  Portions originally copyright (C) 2006 National IT and Telecom Agency, 
  Denmark, and used under the license by which these portions were obtained.

  Redistribution and use in source and binary forms, with or without
  modification, are permitted provided that the following conditions are met:
  
  - Redistributions of source code must retain the above copyright notice,
    this list of conditions and the following disclaimer.
  - Redistributions in binary form must reproduce the above copyright notice,
    this list of conditions and the following disclaimer in the documentation
    and/or other materials provided with the distribution.
  - The name of the author may not be used to endorse or promote products
    derived from this software without specific prior written permission.
  
  THIS SOFTWARE IS PROVIDED BY THE AUTHOR ``AS IS'' AND ANY EXPRESS OR
  IMPLIED WARRANTIES, INCLUDING, BUT NOT LIMITED TO, THE IMPLIED WARRANTIES
  OF MERCHANTABILITY AND FITNESS FOR A PARTICULAR PURPOSE ARE DISCLAIMED. IN
  NO EVENT SHALL THE AUTHOR BE LIABLE FOR ANY DIRECT, INDIRECT, INCIDENTAL,
  SPECIAL, EXEMPLARY, OR CONSEQUENTIAL DAMAGES (INCLUDING, BUT NOT LIMITED
  TO, PROCUREMENT OF SUBSTITUTE GOODS OR SERVICES; LOSS OF USE, DATA, OR
  PROFITS; OR BUSINESS INTERRUPTION) HOWEVER CAUSED AND ON ANY THEORY OF
  LIABILITY, WHETHER IN CONTRACT, STRICT LIABILITY, OR TORT (INCLUDING NEG-
  LIGENCE OR OTHERWISE) ARISING IN ANY WAY OUT OF THE USE OF THIS SOFTWARE,
  EVEN IF ADVISED OF THE POSSIBILITY OF SUCH DAMAGE.
  
  Note: for reference, the above is the "Modified BSD license", this text
  was obtained 2003-07-26 at http://www.xfree86.org/3.3.6/COPYRIGHT2.html#5
 </description>

<!--========================================================================-->
<!--startup stuff-->

<!--getting started-->
<target name="-do-this-first">
  <available property="odsAvailable" file="${ods}"/>
  <available property="xlsAvailable" file="${xls}"/>
  <available property="odsLibraryAvailable" file="${odsLibrary}"/>
  <available property="xlsLibraryAvailable" file="${xlsLibrary}"/>
  <available property="copyrightExists" file="${copyrightfile}"/>
  <tstamp><format property="start" pattern="yyyy-MM-dd HH:mm:ss"/></tstamp>
  <echo file="${errorfile}" append="true">
</echo>
  <echo file="${errorfile}" append="true" message="Error log start: ${start}"/>
</target>

<!--exposing of input arguments-->
<target name="-exposeDocODF" if="ods">
  <echo file="${errorfile}" append="true">
</echo>
  <echo file="${errorfile}" append="true" message="Using: ods=${ods}"/>
  <echo message="Using: ods=${ods}"/>
</target>

<target name="-exposeDocExcel" if="xls">
  <echo file="${errorfile}" append="true">
</echo>
  <echo file="${errorfile}" append="true" message="Using: xls=${xls}"/>
  <echo message="Using: xls=${xls}"/>
</target>

<target name="-exposeLibraryODF" if="odsLibrary">
  <echo file="${errorfile}" append="true">
</echo>
  <echo file="${errorfile}" append="true" message="Using: odsLibrary=${odsLibrary}"/>
  <echo message="Using: odsLibrary=${odsLibrary}"/>
</target>

<target name="-exposeLibraryExcel" if="xlsLibrary">
  <echo file="${errorfile}" append="true">
</echo>
  <echo file="${errorfile}" append="true" message="Using: xlsLibrary=${xlsLibrary}"/>
  <echo message="Using: xlsLibrary=${xlsLibrary}"/>
</target>

<target name="-expose" depends="-exposeDocExcel,-exposeDocODF,
                                -exposeLibraryExcel, -exposeLibraryODF">
  <echo file="${errorfile}" append="true">
</echo>
  <echo file="${errorfile}" append="true" message="Using: doctype=${doctype}"/>
  <echo message="Using: doctype=${doctype}"/>
  <echo file="${errorfile}" append="true">
</echo>
  <echo file="${errorfile}" append="true" message="Using: basedir=${basedir}"/>
  <echo message="Using: basedir=${basedir}"/>
  <echo file="${errorfile}" append="true">
</echo>
  <echo file="${errorfile}" append="true" message="Using: startdir=${startdir}"/>
  <echo message="Using: startdir=${startdir}"/>
  <echo file="${errorfile}" append="true">
</echo>
  <echo file="${errorfile}" append="true" message="Using: workdir=${workdir}"/>
  <echo message="Using: workdir=${workdir}"/>
  <echo file="${errorfile}" append="true">
</echo>
  <echo file="${errorfile}" append="true" message="Using: outputdir=${outputdir}"/>
  <echo message="Using: outputdir=${outputdir}"/>
  <echo file="${errorfile}" append="true">
</echo>
  <echo file="${errorfile}" append="true" message="Using: copyrightfile=${copyrightfile}"/>
  <echo message="Using: copyrightfile=${copyrightfile}"/>
  <echo file="${errorfile}" append="true">
</echo>
  <echo file="${errorfile}" append="true" message="Using: xpathfile=${xpathfile}"/>
  <echo message="Using: xpathfile=${xpathfile}"/>
  <echo file="${errorfile}" append="true">
</echo>
  <echo file="${errorfile}" append="true" message="Using: regexforeign=${regexforeign}"/>
  <echo message="Using: regexforeign=${regexforeign}"/>
  <echo file="${errorfile}" append="true">
</echo>
  <echo file="${errorfile}" append="true" message="Using: nsforeign=${nsforeign}"/>
  <echo message="Using: nsforeign=${nsforeign}"/>
  <echo file="${errorfile}" append="true">
</echo>
  <echo file="${errorfile}" append="true" message="Using: errorfile=${errorfile}"/>
  <echo message="Using: errorfile=${errorfile}"/>

  <tempfile property="tempdir" destDir="${workdir}"/>
  <echo file="${errorfile}" append="true">
</echo>
  <echo file="${errorfile}" append="true" message="Using: tempdir=${tempdir}"/>
  <echo message="Using: tempdir=${tempdir}"/>
  <mkdir dir="${tempdir}"/>
  <echo file="${errorfile}" append="true">
</echo>
  <echo file="${errorfile}" append="true">
</echo>

  <available property="reportPythonExists"
         file="${basedir}/xpath2report.py"/>
  <fail unless="reportPythonExists" 
        message="Missing xpath2report.py installation"/>
  <fail unless="copyrightExists" 
        message="Missing copyright file: ${copyrightfile}"/>
</target>

<!--validating the arguments; exit if anything important is missing-->
<target name="-validate-inputs">
  <condition property="docOkay">
    <or>
      <and>
        <istrue value="${odsAvailable}"/>
        <not><istrue value="${xlsAvailable}"/></not>
      </and>
      <and>
        <istrue value="${xlsAvailable}"/>
        <not><istrue value="${odsAvailable}"/></not>
      </and>
    </or>
  </condition>
  <fail unless="docOkay"
   message='Must specify one of "ods" or "xls" (or the file cannot be found)'/>

  <condition property="cmnOkay">
    <or>
      <and>
        <istrue value="${odsLibraryAvailable}"/>
        <not><istrue value="${xlsLibraryAvailable}"/></not>
      </and>
      <and>
        <istrue value="${xlsLibraryAvailable}"/>
        <not><istrue value="${odsLibraryAvailable}"/></not>
      </and>
    </or>
  </condition>

  <fail unless="cmnOkay"
message='Must specify one of "odsLibrary" or "xlsLibrary" (or the file cannot be found)'/>
  <fail message="Must specify ${{doctype}} (e.g. Invoice)" unless="doctype"/>
  <fail message="Must specify ${{workdir}} with/for spreadsheet XML files"
        unless="workdir"/>
  <fail message="Must specify ${{outputdir}} with/for resulting XPath files"
        unless="outputdir"/>
  <fail message="Must specify ${{xpathfile}} with XPath file to prune"
        unless="xpathfile"/>
  <fail unless="regexforeign"
 message="Must specify ${{regexforeign}} with regex of foreign column prefix"/>
  <fail unless="nsforeign"
  message="Must specify ${{nsforeign}} with namespace URI of foreign content"/>
  <fail message="Must specify ${{soffice}} with executable for Open Office"
        unless="soffice"/>
  <fail message="Must specify ${{errorfile}} with name of the error report file (opened for append)"
        unless="errorfile"/>
</target>

<!--========================================================================-->
<!--determining the document dependencies-->

<target name="-doc-xls" if="${xlsFileAvailable}">
  <!--this task only happens if the xls file has been specified-->
  <copy file="${xlsFile}" tofile="${workdir}/${doc}.xls"
        preservelastmodified="true"/>
</target>
<target name="-doc-ods-check" if="${xlsFileAvailable}" depends="-doc-xls">
  <!--need to check if the ODS (if any) is up-to-date-->
  <uptodate property="okay-doc-ods"
            targetfile="${odsFile}" srcfile="${xlsFile}"/>
</target>
<target name="-doc-ods-fallback" unless="${xlsFileAvailable}">
  <!--only happens if the ods file has been specified; no need to xlate-->
  <copy file="${odsFile}" tofile="${workdir}/${doc}.ods"
        preservelastmodified="true"/>
  <!--of course the file is up-to-date, it is a copy-->
  <property name="okay-doc-ods" value="true"/>
</target>
<target name="-doc-ods" unless="okay-doc-ods" 
        depends="-doc-ods-check,-doc-ods-fallback">
  <!--we have an XLS and we need an ODF-->
  <echo message="Converting ${workdir}/${doc}.xls to ODS"/>
  <echo message="(using Open Office macro CraneXLS2ODS.CraneXLS2ODS)"/>
  <echo message="Note that return code is always 1 so exit on absence of ODS"/>
  <!--convert XLS to ODS using a macro-->
  <exec executable="${soffice}">
    <arg value="-invisible"/>
  <arg value="macro:///Standard.CraneXLS2ODS.CraneXLS2ODS(${workdir}/${doc}.xls)"/>
  </exec>
</target>
<target name="-doc-xml-fail-check">
  <!--check to make sure the end result was created-->
  <available property="xls2ods-look-doc" file="${workdir}/${doc}.ods"/>
</target>
<target name="-doc-xml-fail-error" unless="xls2ods-look-doc">
  <!--the result was not created for some reason, so fail-->
  <fail
     message="Problem converting XLS to ODS for ${workdir}/${doc}.ods"/>
</target>
<target name="-doc-xml-check" depends="-doc-ods, -doc-xml-fail-check,
                                       -doc-xml-fail-error">
  <!--check all the possible files that may make up the needed XML file-->
  <uptodate property="okay-doc-xml"
            targetfile="${workdir}/${doc}.xml">
    <srcfiles file="${workdir}/${doc}.ods"/>
    <srcfiles file="${odsFile}"/>
    <srcfiles file="${xlsFile}"/>
    <srcfiles file="${basedir}/odsUBL2xml.xsl"/>
    <srcfiles file="${basedir}/xmlUBL2nested.xsl"/>
  </uptodate>
</target>
<target name="doc-xml" unless="okay-doc-xml" depends="-doc-xml-check">
  <!--this will handle conversion of spreadsheet to necessary XML-->
  <echo message="Processing ${doc}..."/>
  <echo message="Extracting XML from ODS..."/>
  <unzip src="${odsFile}" dest="${tempdir}">
    <patternset>
      <include name="content.xml"/>
    </patternset>
  </unzip>
  <echo message="Extracting UBL constructs from XML..."/>
  <java failonerror="yes" classname="net.sf.saxon.Transform">
    <arg value="-o"/>
    <arg value="${tempdir}/raw.xml"/>
    <arg value="${tempdir}/content.xml"/>
    <arg value="${basedir}/odsUBL2xml.xsl"/>
  </java>
  <echo message="Nesting UBL constructs..."/>
  <java failonerror="yes" classname="net.sf.saxon.Transform">
    <arg value="-o"/>
    <arg value="${workdir}/${doc}.xml"/>
    <arg value="${tempdir}/raw.xml"/>
    <arg value="${basedir}/xmlUBL2nested.xsl"/>
  </java>
</target>

<!--prepare each of the document type and the library-->
<target name="-xpath-prepare">
  <!--if this hasn't been set by now, then XLS was specified, use work ODS-->
  <property name="ods" value="${workdir}/${doctype}.ods"/>
  <antcall target="doc-xml">
    <param name="doc" value="${doctype}"/>
    <param name="xlsFile" value="${xls}"/>
    <param name="xlsFileAvailable" value="xlsAvailable"/>
    <param name="odsFile" value="${ods}"/>
    <param name="odsFileAvailable" value="odsAvailable"/>
  </antcall>
  <!--if this hasn't been set by now, then XLS was specified, use work ODS-->
  <property name="odsLibrary" value="${workdir}/CommonLibrary.ods"/>
  <antcall target="doc-xml">
    <param name="doc" value="CommonLibrary"/>
    <param name="xlsFile" value="${xlsLibrary}"/>
    <param name="xlsFileAvailable" value="xlsLibraryAvailable"/>
    <param name="odsFile" value="${odsLibrary}"/>
    <param name="odsFileAvailable" value="odsLibraryAvailable"/>
  </antcall>
</target>

<!--========================================================================-->
<!--pruning the UBL XPath tree according to a spreadsheet's contents-->

<target name="-xpath-depends-check">
  <!--check which of the outputs need to be produced based on all inputs-->
  <uptodate property="okay-strict" 
        targetfile="${outputdir}/strict/xml/xpath/${doctype}-strict-XPath.xml">
    <srcfiles file="${basedir}/filterXPathDK.py"/>
    <srcfiles file="${basedir}/fixsaxutils.py"/>
    <srcfiles file="${basedir}/odsUBL2xml.xsl"/>
    <srcfiles file="${basedir}/xmlUBL2nested.xsl"/>
    <srcfiles file="${copyrightfile}"/>
    <srcfiles file="${workdir}/CommonLibrary.xml"/>
    <srcfiles file="${workdir}/CommonLibrary.ods"/>
    <srcfiles file="${workdir}/${doctype}.xml"/>
    <srcfiles file="${workdir}/${doctype}.ods"/>
    <srcfiles file="${odsLibrary}"/>
    <srcfiles file="${ods}"/>
    <srcfiles file="${xlsLibrary}"/>
    <srcfiles file="${xls}"/>
  </uptodate>
  <uptodate property="okay-permitted" 
  targetfile="${outputdir}/permitted/xml/xpath/${doctype}-permitted-XPath.xml">
    <srcfiles file="${basedir}/filterXPathDK.py"/>
    <srcfiles file="${basedir}/fixsaxutils.py"/>
    <srcfiles file="${basedir}/odsUBL2xml.xsl"/>
    <srcfiles file="${basedir}/xmlUBL2nested.xsl"/>
    <srcfiles file="${copyrightfile}"/>
    <srcfiles file="${workdir}/CommonLibrary.xml"/>
    <srcfiles file="${workdir}/CommonLibrary.ods"/>
    <srcfiles file="${workdir}/${doctype}.xml"/>
    <srcfiles file="${workdir}/${doctype}.ods"/>
    <srcfiles file="${odsLibrary}"/>
    <srcfiles file="${ods}"/>
    <srcfiles file="${xlsLibrary}"/>
    <srcfiles file="${xls}"/>
  </uptodate>
</target>
<target name="-xpath-strict" unless="okay-strict">
  <!--assign invocation arguments for strict unless the outputs are okay-->
  <mkdir dir="${outputdir}/strict/xml/xpath"/>
  <property name="arg-strict-signal" 
            value="-strict"/>
  <property name="arg-strict-value" 
            value="${outputdir}/strict/xml/xpath/${doctype}-strict-XPath.xml"/>
</target>
<target name="-xpath-permitted" unless="okay-permitted">
  <!--assign invocation arguments for permitted unless the outputs are okay-->
  <mkdir dir="${outputdir}/permitted/xml/xpath"/>
  <property name="arg-permitted-signal" 
       value="-permitted"/>
  <property name="arg-permitted-value" 
      value="${outputdir}/permitted/xml/xpath/${doctype}-permitted-XPath.xml"/>
</target>
<target name="-xpath-depends" depends="-xpath-prepare,
                                       -xpath-depends-check,
                                       -xpath-strict,-xpath-permitted">
  <!--determine if it is necessary to run the filter process-->
  <condition property="xpath-necessary">
    <or>
      <isset property="arg-strict-signal"/>
      <isset property="arg-permitted-signal"/>
    </or>
  </condition>
  <!--at this point if these properties are not set, they are set empty
      as they are not needed; they would be set with args for invocation-->
  <property name="arg-strict-signal" value=""/>
  <property name="arg-strict-value" value=""/>
  <property name="arg-permitted-signal" value=""/>
  <property name="arg-permitted-value" value=""/>
</target>
<target name="-xpath" if="xpath-necessary" depends="-xpath-depends">
  <!--filter the XPath tree to the output pruned tree if necessary-->
  <echo message="Invoking filtering with: ${arg-strict-signal} ${arg-permitted-signal}"/>
  <exec executable="python" resultproperty="filter-return" 
        error="${errorfile}" append="true">
    <!--append errors to error file-->
    <arg value="filterXPathDK.py"/>
    <arg value="-library"/>
    <arg value="${workdir}/CommonLibrary.xml"/>
    <arg value="-document"/>
    <arg value="${workdir}/${doctype}.xml"/>
    <arg value="-xpath"/>
    <arg value="${xpathfile}"/>
    <arg value="-foreign"/>
    <arg value="${regexforeign}"/>
    <arg value="-uri"/>
    <arg value="${nsforeign}"/>
    <arg value="-echo"/>
    <arg value="-nl"/>
    <arg value="${arg-strict-signal}"/>
    <arg value="${arg-strict-value}"/>
    <arg value="${arg-permitted-signal}"/>
    <arg value="${arg-permitted-value}"/>
  </exec>
  <echo message="Return from Python: ${filter-return}"/>
  <condition property="filter-exit">
    <not><equals arg1="0" arg2="${filter-return}"/></not>
  </condition>
  <fail if="filter-exit" message="Error exit from filter process"/>
</target>

<!--========================================================================-->
<!--create report outputs-->

<!--check and create one report-->
<target name="-report-generate-start">
  <!--determine the components of the file name-->
  <condition property="fullminimal" value="instance">
    <equals arg1="xml" arg2="${output}"/>
  </condition>
  <condition property="fullminimal" value="full">
    <equals arg1="" arg2="${minimal}"/>
  </condition>
  <property name="fullminimal" value="minimal"/>
  <condition property="textxml" value="xml">
    <equals arg1="xml" arg2="${output}"/>
  </condition>
  <available property="xpathExists"
         file="${outputdir}/${input}/xml/xpath/${doctype}-${input}-XPath.xml"/>
  <property name="textxml" value="txt"/>
  <echo message="${input} ${output} ${minimal}"/>
</target>
<target name="-report-generate-check" if="xpathExists">
  <!--check to see if the file named is up to date-->
  <uptodate property="report-generate-okay"
    targetfile="${outputdir}/${input}/${output}/${fullminimal}/${doctype}-${input}-XPath.${textxml}"
    srcfile="${outputdir}/${input}/xml/xpath/${doctype}-${input}-XPath.xml"/>
</target>
<target name="-report-generate" if="xpathExists" unless="report-generate-okay"
        depends="-report-generate-start,-report-generate-check">
  <!--create the report unless it is already up to date-->
  <mkdir dir="${outputdir}/${input}/${output}/${fullminimal}"/>
  <echo message="input=${outputdir}/${input}/xml/xpath/${doctype}-${input}-XPath.xml"/>
  <echo message="output=${outputdir}/${input}/${output}/${fullminimal}/${doctype}-${input}-XPath.${textxml}"/>
  <!--the append is needed for errors, so delete output before starting-->
  <delete file="${outputdir}/${input}/${output}/${fullminimal}/${doctype}-${input}-${fullminimal}.${textxml}"/>
  <!--create the report-->
  <exec executable="python" resultproperty="full-return"
   input="${outputdir}/${input}/xml/xpath/${doctype}-${input}-XPath.xml"
   output="${outputdir}/${input}/${output}/${fullminimal}/${doctype}-${input}-${fullminimal}.${textxml}"
   error="${errorfile}" append="true">
    <arg value="${basedir}/xpath2report.py"/>
    <arg value="-copyright"/>
    <arg value="${copyrightfile}"/>
    <arg value="-type"/>
    <arg value="${output}"/>
    <arg value="${minimal}"/>
  </exec>
  <echo message="Return from Python: ${full-return}"/>
  <condition property="full-exit">
    <not><equals arg1="0" arg2="${full-return}"/></not>
  </condition>
  <fail if="full-exit" 
   message="Error exit from ${input} ${fullminimal} ${output} report process"/>
</target>

<!--check and create all reports-->
<target name="-report">
  <antcall target="-report-generate">
    <param name="input" value="strict"/>
    <param name="output" value="text"/>
    <param name="minimal" value=""/>
  </antcall>
  <antcall target="-report-generate">
    <param name="input" value="strict"/>
    <param name="output" value="text"/>
    <param name="minimal" value="-minimal"/>
  </antcall>
  <antcall target="-report-generate">
    <param name="input" value="strict"/>
    <param name="output" value="xml"/>
    <param name="minimal" value=""/>
  </antcall>
  <antcall target="-report-generate">
    <param name="input" value="permitted"/>
    <param name="output" value="text"/>
    <param name="minimal" value=""/>
  </antcall>
  <antcall target="-report-generate">
    <param name="input" value="permitted"/>
    <param name="output" value="text"/>
    <param name="minimal" value="-minimal"/>
  </antcall>
  <antcall target="-report-generate">
    <param name="input" value="permitted"/>
    <param name="output" value="xml"/>
    <param name="minimal" value=""/>
  </antcall>
</target>

<!--========================================================================-->
<!--main process-->

<!--invoke all of the subprocesses as dependent targets, then clean up mess-->
<target name="make" depends="-do-this-first,
                             -expose,
                             -validate-inputs,
                             -xpath,
                             -report">
  <tstamp><format property="end" pattern="yyyy-MM-dd HH:mm:ss"/></tstamp>
  <echo file="${errorfile}" append="true">
</echo>
  <echo file="${errorfile}" append="true" 
        message="Error log end: ${end} (start:${start})"/>
  <echo file="${errorfile}" append="true">
</echo>
  <delete dir="${tempdir}"/>
</target>

</project>
