<?xml version="1.0" encoding="US-ASCII"?>
<project default="make">
<description>
  This Ant task performs a pruning of an XSD file based on the parameters
  of a customization.

  $Id: filterXSDDK.xml,v 1.5 2006/12/21 20:11:59 G. Ken Holman Exp $

  Copyright (C) - Crane Softwrights Ltd.
 		- http://www.CraneSoftwrights.com/links/res-dev.htm
  Portions originally copyright (C) 2006 National IT and Telecom Agency, 
  Denmark, and used under the license by which these portions were obtained.

  Redistribution and use in source and binary forms, with or without
  modification, are permitted provided that the following conditions are met:
  
  - Redistributions of source code must retain the above copyright notice,
    this list of conditions and the following disclaimer.
  - Redistributions in binary form must reproduce the above copyright notice,
    this list of conditions and the following disclaimer in the documentation
    and/or other materials provided with the distribution.
  - The name of the author may not be used to endorse or promote products
    derived from this software without specific prior written permission.
  
  THIS SOFTWARE IS PROVIDED BY THE AUTHOR ``AS IS'' AND ANY EXPRESS OR
  IMPLIED WARRANTIES, INCLUDING, BUT NOT LIMITED TO, THE IMPLIED WARRANTIES
  OF MERCHANTABILITY AND FITNESS FOR A PARTICULAR PURPOSE ARE DISCLAIMED. IN
  NO EVENT SHALL THE AUTHOR BE LIABLE FOR ANY DIRECT, INDIRECT, INCIDENTAL,
  SPECIAL, EXEMPLARY, OR CONSEQUENTIAL DAMAGES (INCLUDING, BUT NOT LIMITED
  TO, PROCUREMENT OF SUBSTITUTE GOODS OR SERVICES; LOSS OF USE, DATA, OR
  PROFITS; OR BUSINESS INTERRUPTION) HOWEVER CAUSED AND ON ANY THEORY OF
  LIABILITY, WHETHER IN CONTRACT, STRICT LIABILITY, OR TORT (INCLUDING NEG-
  LIGENCE OR OTHERWISE) ARISING IN ANY WAY OUT OF THE USE OF THIS SOFTWARE,
  EVEN IF ADVISED OF THE POSSIBILITY OF SUCH DAMAGE.
  
  Note: for reference, the above is the "Modified BSD license", this text
  was obtained 2003-07-26 at http://www.xfree86.org/3.3.6/COPYRIGHT2.html#5
</description>

<!--========================================================================-->
<!--startup stuff-->

<!--getting started-->
<target name="-do-this-first">
  <available property="odsAvailable" file="${ods}"/>
  <available property="xlsAvailable" file="${xls}"/>
  <available property="copyrightExists" file="${copyrightfile}"/>
  <tempfile property="tempdir" destDir="${startdir}"/>
  <mkdir dir="${tempdir}"/>
  <tstamp><format property="start" pattern="yyyy-MM-dd HH:mm:ss"/></tstamp>
  <echo file="${errorfile}" append="true">
</echo>
  <echo file="${errorfile}" append="true" message="Error log start: ${start}"/>
</target>

<!--exposing of input arguments-->
<target name="-exposeDocODF" if="ods">
  <echo file="${errorfile}" append="true">
</echo>
  <echo file="${errorfile}" append="true" message="Using: ods=${ods}"/>
  <echo message="Using: ods=${ods}"/>
</target>

<target name="-exposeDocExcel" if="xls">
  <echo file="${errorfile}" append="true">
</echo>
  <echo file="${errorfile}" append="true" message="Using: xls=${xls}"/>
  <echo message="Using: xls=${xls}"/>
</target>

<target name="-expose" depends="-exposeDocExcel,-exposeDocODF">
  <echo file="${errorfile}" append="true">
</echo>
  <echo file="${errorfile}" append="true" message="Using: strictpermitted=${strictpermitted}"/>
  <echo message="Using: strictpermitted=${strictpermitted}"/>
  <echo file="${errorfile}" append="true">
</echo>
  <echo file="${errorfile}" append="true" message="Using: xsdinfile=${xsdinfile}"/>
  <echo message="Using: xsdinfile=${xsdinfile}"/>
  <echo file="${errorfile}" append="true">
</echo>
  <echo file="${errorfile}" append="true" message="Using: xsdoutfile=${xsdoutfile}"/>
  <echo message="Using: xsdoutfile=${xsdoutfile}"/>
  <echo file="${errorfile}" append="true">
</echo>
  <echo file="${errorfile}" append="true" message="Using: workdir=${workdir}"/>
  <echo message="Using: workdir=${workdir}"/>
  <echo file="${errorfile}" append="true">
</echo>
  <echo file="${errorfile}" append="true" message="Using: identificationString=${identificationString}"/>
  <echo message="Using: identificationString=${identificationString}"/>
  <echo file="${errorfile}" append="true">
</echo>
  <echo file="${errorfile}" append="true" message="Using: copyrightfile=${copyrightfile}"/>
  <echo message="Using: copyrightfile=${copyrightfile}"/>
  <echo file="${errorfile}" append="true">
</echo>
  <echo file="${errorfile}" append="true" message="Using: regexforeign=${regexforeign}"/>
  <echo message="Using: regexforeign=${regexforeign}"/>
  <echo file="${errorfile}" append="true">
</echo>
  <echo file="${errorfile}" append="true" message="Using: nsforeign=${nsforeign}"/>
  <echo message="Using: nsforeign=${nsforeign}"/>
  <echo file="${errorfile}" append="true">
</echo>
  <echo file="${errorfile}" append="true" message="Using: tempdir=${tempdir}"/>
  <echo message="Using: tempdir=${tempdir}"/>
  <echo file="${errorfile}" append="true">
</echo>
  <echo file="${errorfile}" append="true" message="Using: errorfile=${errorfile}"/>
  <echo message="Using: errorfile=${errorfile}"/>
  <echo file="${errorfile}" append="true">
</echo>
  <echo file="${errorfile}" append="true" message="Using: basedir=${basedir}"/>
  <echo message="Using: basedir=${basedir}"/>
  <echo file="${errorfile}" append="true">
</echo>
  <echo file="${errorfile}" append="true" message="Using: startdir=${startdir}"/>
  <echo message="Using: startdir=${startdir}"/>
  <echo file="${errorfile}" append="true">
</echo>

  <fail unless="copyrightExists" 
        message="Missing copyright file: ${copyrightfile}"/>
</target>

<!--validating the arguments; exit if anything important is missing-->
<target name="-validate-inputs">
  <condition property="docOkay">
    <or>
      <and>
        <istrue value="${odsAvailable}"/>
        <not><istrue value="${xlsAvailable}"/></not>
      </and>
      <and>
        <istrue value="${xlsAvailable}"/>
        <not><istrue value="${odsAvailable}"/></not>
      </and>
    </or>
  </condition>
  <fail unless="docOkay"
   message='Must specify one of "ods" or "xls" (or the file cannot be found)'/>

  <fail message="Must specify ${{xsdinfile}} (XSD input file to be pruned)" unless="xsdinfile"/>
  <available property="xsdinfile-okay" file="${xsdinfile}"/>
  <fail message="Must specify ${{xsdinfile}} with filename of XSD file being pruned" unless="xsdinfile-okay"/>

  <fail message='Must specify ${{strictpermitted}} as "strict" or "permitted"' unless="strictpermitted"/>
  <fail message="Must specify ${{xsdoutfile}} (XSD output pruned file)" unless="xsdoutfile"/>
  <fail message='Must specify ${{component}} typically as "Invoice" or "CommonAggregateComponents"' unless="component"/>
  <fail message="Must specify ${{workdir}} with/for component XML files"
        unless="workdir"/>
  <fail unless="regexforeign"
 message="Must specify ${{regexforeign}} with regex of foreign column prefix"/>
  <fail unless="nsforeign"
  message="Must specify ${{nsforeign}} with namespace URI of foreign content"/>
  <fail message="Must specify ${{soffice}} with executable for Open Office"
        unless="soffice"/>
  <fail message="Must specify ${{errorfile}} with name of the error report file (opened for append)"
        unless="errorfile"/>
</target>

<!--========================================================================-->
<!--prepare the document files in XML for analysis-->
<target name="-ss-check">
  <available property="ss-ready" file="${workdir}/${component}.xml"/>
</target>

<target name="-xsd-prepare" unless="ss-ready" depends="-ss-check">
  <!--if this hasn't been set by now, then XLS was specified, use work ODS-->
  <property name="ods" value="${workdir}/${component}.ods"/>
  <ant antfile="${basedir}/filterXPathDK.xml" target="doc-xml">
    <property name="doc" value="${component}"/>
    <property name="xlsFile" value="${xls}"/>
    <property name="xlsFileAvailable" value="xlsAvailable"/>
    <property name="odsFile" value="${ods}"/>
    <property name="odsFileAvailable" value="odsAvailable"/>
  </ant>
  <available property="ss-created" file="${workdir}/${component}.xml"/>
  <fail message="Component XML file not created: ${workdir}/${component.xml}" unless="ss-created"/>
</target>

<!--========================================================================-->
<!--pruning the UBL XSD files according to a spreadsheet's contents-->

<target name="-xsd-depends-check" if="ss-ready" depends="-xsd-prepare">
  <!--check which of the outputs need to be produced based on all inputs-->
  <uptodate property="okay-xsd" targetfile="${xsdoutfile}">
    <srcfiles file="${basedir}/filterXSDDK.xsl"/>
    <srcfiles file="${basedir}/odsUBL2xml.xsl"/>
    <srcfiles file="${basedir}/xmlUBL2nested.xsl"/>
    <srcfiles file="${copyrightfile}"/>
    <srcfiles file="${workdir}/${component}.xml"/>
    <srcfiles file="${workdir}/${component}.ods"/>
    <srcfiles file="${ods}"/>
    <srcfiles file="${xls}"/>
  </uptodate>
</target>
<!--the following mess with paths is to create a path using forward slashes
    instead of back slashes so that Java 1.5 interprets passed filename
    arguments as properly formed URI strings; suggestions for a replacement
    of the next ten lines of code would be very welcome-->
<dirname property="copyrightfiledir" file="${copyrightfile}"/>
<basename property="copyrightfilename" file="${copyrightfile}"/>
<dirname property="componentXMLdir" file="${workdir}/${component}.xml"/>
<basename property="componentXMLname" file="${workdir}/${component}.xml"/>
<pathconvert targetos="unix" property="componentXMLpath">
  <path id="componentXMLpath" path="${componentXMLdir}/${componentXMLname}"/>
</pathconvert>
<pathconvert targetos="unix" property="copyrightpath">
  <path id="copyrightpath" path="${copyrightfiledir}/${copyrightfilename}"/>
</pathconvert>
<!--end of mess with paths-->
<target name="-xsd" unless="okay-xsd" depends="-xsd-depends-check">
  <echo message="Filtering UBL constructs from XSD..."/>
  <java failonerror="yes" classname="net.sf.saxon.Transform">
    <arg value="-o"/>
    <arg value="${xsdoutfile}"/>
    <arg value="${xsdinfile}"/>
    <arg value="${basedir}/filterXSDDK.xsl"/>
    <arg value="strictpermitted=${strictpermitted}"/>
    <arg value="componentXML=file:///${componentXMLpath}"/>
    <arg value="identificationString=${identificationString}"/>
    <arg value="copyrightFile=file:///${copyrightpath}"/>
    <arg value="regexForeign=${regexforeign}"/>
  </java>
</target>

<!--========================================================================-->
<!--main process-->

<!--invoke all of the subprocesses as dependent targets, then clean up mess-->
<target name="make" depends="-do-this-first,
                             -expose,
                             -validate-inputs,
                             -xsd">
  <tstamp><format property="end" pattern="yyyy-MM-dd HH:mm:ss"/></tstamp>
  <echo file="${errorfile}" append="true">
</echo>
  <echo file="${errorfile}" append="true">BUILD SUCCESSFUL
</echo>
  <echo file="${errorfile}" append="true" 
        message="Error log end: ${end} (start:${start})"/>
  <echo file="${errorfile}" append="true">
</echo>
  <delete dir="${tempdir}"/>
</target>

</project>
