<?xml version="1.0" encoding="ISO-8859-1"?>
<?xml-stylesheet type="text/xsl" href="Crane-xml2xpath-html.xsl"?>
<Invoice 
xmlns="urn:oasis:names:specification:ubl:schema:xsd:Invoice-2" 
xmlns:cbc="urn:oasis:names:specification:ubl:schema:xsd:CommonBasicComponents-2" 
xmlns:cac="urn:oasis:names:specification:ubl:schema:xsd:CommonAggregateComponents-2" 
xmlns:ext="urn:oasis:names:specification:ubl:schema:xsd:CommonExtensionComponents-2" 
xmlns:demo="urn:x-Demo:Demo">
  <ext:UBLExtensions>
    <ext:UBLExtension>
      <cbc:ID>Demo1</cbc:ID>
      <cbc:Name>Demonstration</cbc:Name>
      <ext:ExtensionAgencyID>CSL</ext:ExtensionAgencyID>
      <ext:ExtensionAgencyName>Crane Softwrights Ltd.</ext:ExtensionAgencyName>
      <ext:ExtensionVersionID>0.1</ext:ExtensionVersionID>
      <ext:ExtensionAgencyURI>http://www.CraneSoftwrights.com/links/res-dev.htm</ext:ExtensionAgencyURI>
      <ext:ExtensionURI>urn:x-Demo:Demo:0.1</ext:ExtensionURI>
      <ext:ExtensionReasonCode listURI="urn:x-Demo:Demo:ReasonCodes">1</ext:ExtensionReasonCode>
      <ext:ExtensionReason>Illustration</ext:ExtensionReason>
      <ext:ExtensionContent>
        <demo:Demo>
          <demo:Thing>This is a test</demo:Thing>
          <cbc:ID>DemoTest</cbc:ID>
          <demo:Total currencyID="GBP">100.00</demo:Total>
        </demo:Demo>
      </ext:ExtensionContent>
    </ext:UBLExtension>
  </ext:UBLExtensions>

  <cbc:ID>A00095678</cbc:ID>
  <cbc:IssueDate>2005-06-21</cbc:IssueDate>
  <cbc:Note>sample</cbc:Note>
  <cac:AccountingSupplierParty>
    <cac:Party>
      <cac:PartyName>
        <cbc:Name>Consortial</cbc:Name>
      </cac:PartyName>
      <cac:PostalAddress>
        <cbc:StreetName>Busy Street</cbc:StreetName>
        <cbc:BuildingName>Thereabouts</cbc:BuildingName>
        <cbc:BuildingNumber>56A</cbc:BuildingNumber>
        <cbc:CityName>Farthing</cbc:CityName>
        <cbc:PostalZone>AA99 1BB</cbc:PostalZone>
        <cbc:CountrySubentity>Heremouthshire</cbc:CountrySubentity>
        <cac:AddressLine>
          <cbc:Line>The Roundabout</cbc:Line>
        </cac:AddressLine>
        <cac:Country>
          <cbc:IdentificationCode>GB</cbc:IdentificationCode>
        </cac:Country>
      </cac:PostalAddress>
    </cac:Party>
  </cac:AccountingSupplierParty>
  <cac:AccountingCustomerParty>
    <cac:Party>
      <cac:PartyName>
        <cbc:Name>IYT Corporation</cbc:Name>
      </cac:PartyName>
      <cac:PostalAddress>
        <cbc:StreetName>Avon Way</cbc:StreetName>
        <cbc:BuildingName>Thereabouts</cbc:BuildingName>
        <cbc:BuildingNumber>56A</cbc:BuildingNumber>
        <cbc:CityName>Bridgtow</cbc:CityName>
        <cbc:PostalZone>ZZ99 1ZZ</cbc:PostalZone>
        <cbc:CountrySubentity>Avon</cbc:CountrySubentity>
        <cac:AddressLine>
          <cbc:Line>3rd Floor, Room 5</cbc:Line>
        </cac:AddressLine>
        <cac:Country>
          <cbc:IdentificationCode>GB</cbc:IdentificationCode>
        </cac:Country>
      </cac:PostalAddress>
    </cac:Party>
  </cac:AccountingCustomerParty>
  <cac:PaymentMeans>
    <cbc:PaymentMeansCode>20</cbc:PaymentMeansCode>
    <cbc:PaymentDueDate>2005-07-21</cbc:PaymentDueDate>
  </cac:PaymentMeans>
  <cac:LegalMonetaryTotal>
    <cbc:LineExtensionAmount currencyID="GBP">100.00</cbc:LineExtensionAmount>
    <cbc:TaxExclusiveAmount currencyID="GBP">90.00</cbc:TaxExclusiveAmount>
    <cbc:AllowanceTotalAmount currencyID="GBP">10.00</cbc:AllowanceTotalAmount>
    <cbc:PayableAmount currencyID="GBP">107.50</cbc:PayableAmount>
  </cac:LegalMonetaryTotal>
  <cac:InvoiceLine>
    <cbc:ID>A</cbc:ID>
    <cbc:InvoicedQuantity unitCode="KG">100</cbc:InvoicedQuantity>
    <cbc:LineExtensionAmount currencyID="GBP">100.00</cbc:LineExtensionAmount>
    <cac:Item>
      <cbc:Description>Acme beeswax</cbc:Description>
      <cbc:Name>beeswax</cbc:Name>
    </cac:Item>
    <cac:Price>
      <cbc:PriceAmount currencyID="GBP">1.00</cbc:PriceAmount>
      <cbc:BaseQuantity unitCode="KG">1</cbc:BaseQuantity>
    </cac:Price>
  </cac:InvoiceLine>
</Invoice>
