<?xml version="1.0" encoding="UTF-8"?>
<Forecast xmlns="urn:oasis:names:specification:ubl:schema:xsd:Forecast-2" xmlns:cac="urn:oasis:names:specification:ubl:schema:xsd:CommonAggregateComponents-2" xmlns:cbc="urn:oasis:names:specification:ubl:schema:xsd:CommonBasicComponents-2" xmlns:ext="urn:oasis:names:specification:ubl:schema:xsd:CommonExtensionComponents-2">
  <cbc:ID/>
  <cbc:IssueDate/>
  <cbc:ForecastPurposeCode/>
  <cac:ForecastPeriod>
  </cac:ForecastPeriod>
  <cac:SenderParty>
  </cac:SenderParty>
  <cac:ReceiverParty>
  </cac:ReceiverParty>
  <cac:ForecastLine>
    <cbc:ID/>
    <cbc:ForecastTypeCode/>
  </cac:ForecastLine>
</Forecast>