<?xml version="1.0" encoding="UTF-8"?>
<GuaranteeCertificate xmlns="urn:oasis:names:specification:ubl:schema:xsd:GuaranteeCertificate-2" xmlns:cac="urn:oasis:names:specification:ubl:schema:xsd:CommonAggregateComponents-2" xmlns:cbc="urn:oasis:names:specification:ubl:schema:xsd:CommonBasicComponents-2" xmlns:ext="urn:oasis:names:specification:ubl:schema:xsd:CommonExtensionComponents-2">
  <cbc:ContractFolderID/>
  <cbc:IssueDate/>
  <cbc:LiabilityAmount/>
  <cac:Signature>
    <cbc:ID/>
  </cac:Signature>
  <cac:GuarantorParty>
  </cac:GuarantorParty>
  <cac:InterestedParty>
  </cac:InterestedParty>
</GuaranteeCertificate>