<?xml version="1.0" encoding="UTF-8"?>
<TendererQualification xmlns="urn:X-test:UBL:Pre-award:TendererQualification"
                       xmlns:cac="urn:X-test:UBL:Pre-award:CommonAggregate"
                       xmlns:cbc="urn:X-test:UBL:Pre-award:CommonBasic"
                       xmlns:ext="urn:oasis:names:specification:ubl:schema:xsd:CommonExtensionComponents-2">
   <cbc:ID>ZZZ</cbc:ID>
   <cbc:ContractFolderID>ZZZ</cbc:ContractFolderID>
   <cbc:IssueDate>2000-01-01</cbc:IssueDate>
   <cac:TendererPartyQualification>
      <cac:MainQualifyingParty/>
   </cac:TendererPartyQualification>
</TendererQualification>
