<?xml version="1.0" encoding="UTF-8"?>
<RequestForQuotation xmlns="urn:X-test:UBL:Pre-award:RequestForQuotation"
                     xmlns:cac="urn:X-test:UBL:Pre-award:CommonAggregate"
                     xmlns:cbc="urn:X-test:UBL:Pre-award:CommonBasic"
                     xmlns:ext="urn:oasis:names:specification:ubl:schema:xsd:CommonExtensionComponents-2">
   <cbc:IssueDate>2000-01-01</cbc:IssueDate>
   <cbc:IssueTime>00:00:00+0000</cbc:IssueTime>
   <cac:SellerSupplierParty/>
   <cac:RequestForQuotationLine>
      <cac:LineItem>
         <cbc:ID>ZZZ</cbc:ID>
         <cac:Item/>
      </cac:LineItem>
   </cac:RequestForQuotationLine>
</RequestForQuotation>
