<?xml version="1.0" encoding="UTF-8"?>
<TransportServiceDescriptionRequest xmlns="urn:X-test:UBL:Pre-award:TransportServiceDescriptionRequest"
                                    xmlns:cac="urn:X-test:UBL:Pre-award:CommonAggregate"
                                    xmlns:cbc="urn:X-test:UBL:Pre-award:CommonBasic"
                                    xmlns:ext="urn:oasis:names:specification:ubl:schema:xsd:CommonExtensionComponents-2">
   <cbc:ID>ZZZ</cbc:ID>
   <cbc:IssueDate>2000-01-01</cbc:IssueDate>
   <cbc:IssueTime>00:00:00+0000</cbc:IssueTime>
   <cac:TransportationService>
      <cbc:TransportServiceCode>ZZZ</cbc:TransportServiceCode>
   </cac:TransportationService>
</TransportServiceDescriptionRequest>
