<?xml version="1.0" encoding="UTF-8"?>
<ForecastRevision xmlns="urn:X-test:UBL:Pre-award:ForecastRevision"
                  xmlns:cac="urn:X-test:UBL:Pre-award:CommonAggregate"
                  xmlns:cbc="urn:X-test:UBL:Pre-award:CommonBasic"
                  xmlns:ext="urn:oasis:names:specification:ubl:schema:xsd:CommonExtensionComponents-2">
   <cbc:ID>ZZZ</cbc:ID>
   <cbc:IssueDate>2000-01-01</cbc:IssueDate>
   <cbc:SequenceNumberID>ZZZ</cbc:SequenceNumberID>
   <cac:ForecastPeriod/>
   <cac:SenderParty/>
   <cac:ReceiverParty/>
   <cac:ForecastRevisionLine>
      <cbc:ID>ZZZ</cbc:ID>
      <cbc:RevisedForecastLineID>ZZZ</cbc:RevisedForecastLineID>
      <cbc:SourceForecastIssueDate>2000-01-01</cbc:SourceForecastIssueDate>
      <cbc:SourceForecastIssueTime>00:00:00+0000</cbc:SourceForecastIssueTime>
   </cac:ForecastRevisionLine>
</ForecastRevision>
