<?xml version="1.0" encoding="UTF-8"?>
<AttachedDocument xmlns="urn:X-test:UBL:Pre-award:AttachedDocument"
                  xmlns:cac="urn:X-test:UBL:Pre-award:CommonAggregate"
                  xmlns:cbc="urn:X-test:UBL:Pre-award:CommonBasic"
                  xmlns:ext="urn:oasis:names:specification:ubl:schema:xsd:CommonExtensionComponents-2">
   <cbc:ID>ZZZ</cbc:ID>
   <cbc:IssueDate>2000-01-01</cbc:IssueDate>
   <cbc:ParentDocumentID>ZZZ</cbc:ParentDocumentID>
   <cac:SenderParty/>
   <cac:ReceiverParty/>
   <cac:Attachment/>
</AttachedDocument>
