<?xml version="1.0" encoding="UTF-8"?>
<ExpressionOfInterestResponse xmlns="urn:X-test:UBL:Pre-award:ExpressionOfInterestResponse"
                              xmlns:cac="urn:X-test:UBL:Pre-award:CommonAggregate"
                              xmlns:cbc="urn:X-test:UBL:Pre-award:CommonBasic"
                              xmlns:ext="urn:oasis:names:specification:ubl:schema:xsd:CommonExtensionComponents-2">
   <cbc:ID>ZZZ</cbc:ID>
   <cbc:IssueDate>2000-01-01</cbc:IssueDate>
   <cac:EconomicOperatorParty>
      <cac:Party/>
   </cac:EconomicOperatorParty>
   <cac:ContractingParty>
      <cac:Party/>
   </cac:ContractingParty>
</ExpressionOfInterestResponse>
