<?xml version="1.0" encoding="UTF-8"?>
<ProductActivity xmlns="urn:X-test:UBL:Pre-award:ProductActivity"
                 xmlns:cac="urn:X-test:UBL:Pre-award:CommonAggregate"
                 xmlns:cbc="urn:X-test:UBL:Pre-award:CommonBasic"
                 xmlns:ext="urn:oasis:names:specification:ubl:schema:xsd:CommonExtensionComponents-2">
   <cbc:ID>ZZZ</cbc:ID>
   <cbc:IssueDate>2000-01-01</cbc:IssueDate>
   <cac:ActivityPeriod/>
   <cac:SenderParty/>
   <cac:ReceiverParty/>
   <cac:SupplyChainActivityDataLine>
      <cbc:ID>ZZZ</cbc:ID>
      <cbc:SupplyChainActivityTypeCode>ZZZ</cbc:SupplyChainActivityTypeCode>
      <cac:ActivityOriginLocation/>
      <cac:SalesItem>
         <cbc:Quantity>000</cbc:Quantity>
         <cac:Item/>
      </cac:SalesItem>
   </cac:SupplyChainActivityDataLine>
</ProductActivity>
