<?xml version="1.0" encoding="UTF-8"?>
<CertificateOfOrigin xmlns="urn:X-test:UBL:Pre-award:CertificateOfOrigin"
                     xmlns:cac="urn:X-test:UBL:Pre-award:CommonAggregate"
                     xmlns:cbc="urn:X-test:UBL:Pre-award:CommonBasic"
                     xmlns:ext="urn:oasis:names:specification:ubl:schema:xsd:CommonExtensionComponents-2">
   <cbc:ID>ZZZ</cbc:ID>
   <cac:CertificateOfOriginApplication>
      <cbc:ReferenceID>ZZZ</cbc:ReferenceID>
      <cbc:CertificateType>ZZZ</cbc:CertificateType>
      <cbc:OriginalJobID>ZZZ</cbc:OriginalJobID>
      <cac:Shipment>
         <cbc:ID>ZZZ</cbc:ID>
      </cac:Shipment>
      <cac:EndorserParty>
         <cbc:RoleCode>ZZZ</cbc:RoleCode>
         <cbc:SequenceNumeric>000</cbc:SequenceNumeric>
         <cac:Party/>
         <cac:SignatoryContact/>
      </cac:EndorserParty>
      <cac:PreparationParty/>
      <cac:IssuerParty/>
      <cac:IssuingCountry/>
   </cac:CertificateOfOriginApplication>
   <cac:IssuerEndorsement>
      <cbc:DocumentID>ZZZ</cbc:DocumentID>
      <cbc:ApprovalStatus>ZZZ</cbc:ApprovalStatus>
      <cac:EndorserParty>
         <cbc:RoleCode>ZZZ</cbc:RoleCode>
         <cbc:SequenceNumeric>000</cbc:SequenceNumeric>
         <cac:Party/>
         <cac:SignatoryContact/>
      </cac:EndorserParty>
   </cac:IssuerEndorsement>
</CertificateOfOrigin>
