<?xml version="1.0" encoding="UTF-8"?>
<TenderReceipt xmlns="urn:X-test:UBL:Pre-award:TenderReceipt"
               xmlns:cac="urn:X-test:UBL:Pre-award:CommonAggregate"
               xmlns:cbc="urn:X-test:UBL:Pre-award:CommonBasic"
               xmlns:ext="urn:oasis:names:specification:ubl:schema:xsd:CommonExtensionComponents-2">
   <cbc:ContractFolderID>ZZZ</cbc:ContractFolderID>
   <cbc:IssueDate>2000-01-01</cbc:IssueDate>
   <cbc:RegisteredDate>2000-01-01</cbc:RegisteredDate>
   <cbc:RegisteredTime>00:00:00+0000</cbc:RegisteredTime>
   <cac:SenderParty/>
   <cac:ReceiverParty/>
</TenderReceipt>
