<?xml version="1.0" encoding="UTF-8"?>
<TenderContract xmlns="urn:X-test:UBL:Pre-award:TenderContract"
                xmlns:cac="urn:X-test:UBL:Pre-award:CommonAggregate"
                xmlns:cbc="urn:X-test:UBL:Pre-award:CommonBasic"
                xmlns:ext="urn:oasis:names:specification:ubl:schema:xsd:CommonExtensionComponents-2">
   <cbc:ContractFolderID>ZZZ</cbc:ContractFolderID>
   <cbc:IssueDate>2000-01-01</cbc:IssueDate>
   <cac:ContractingParty>
      <cac:Party/>
   </cac:ContractingParty>
   <cac:EconomicOperatorParty>
      <cac:Party/>
   </cac:EconomicOperatorParty>
   <cac:TenderResult>
      <cbc:AwardDate>2000-01-01</cbc:AwardDate>
   </cac:TenderResult>
</TenderContract>
