<?xml version="1.0" encoding="UTF-8"?>
<CatalogueDeletion xmlns="urn:X-test:UBL:Pre-award:CatalogueDeletion"
                   xmlns:cac="urn:X-test:UBL:Pre-award:CommonAggregate"
                   xmlns:cbc="urn:X-test:UBL:Pre-award:CommonBasic"
                   xmlns:ext="urn:oasis:names:specification:ubl:schema:xsd:CommonExtensionComponents-2">
   <cbc:ID>ZZZ</cbc:ID>
   <cbc:IssueDate>2000-01-01</cbc:IssueDate>
   <cac:DeletedCatalogueReference>
      <cbc:ID>ZZZ</cbc:ID>
   </cac:DeletedCatalogueReference>
   <cac:ReceiverParty/>
   <cac:ProviderParty/>
</CatalogueDeletion>
