<?xml version="1.0" encoding="utf-8"?><licensee>
  <name>Other Company Two Name</name>
  <location>Sydney, Australia</location>
  <deliveries>
    <delivery date="2004-08-16" ref="c2" days="3">
      <location>Brisbane, Australia</location>
    </delivery>
    <delivery date="2004-08-27" ref="c4" days="1">
      <location>Brisbane, Australia</location>
    </delivery>
    <delivery date="2004-08-20" ref="c1" days="2">
      <location>Singapore</location>
    </delivery>
  </deliveries>
</licensee>