<?xml version="1.0" encoding="UTF-8"?><standard xmlns:xlink="http://www.w3.org/1999/xlink" xmlns:tbx="urn:iso:std:iso:30042:ed-1"><front><iso-meta><title-wrap xml:lang="en"><intro>Information Technology</intro><main>Test</main><compl>Test of all constructs</compl><full>Test of all constructs</full></title-wrap><title-wrap xml:lang="fr"><intro>Technologies de l'information</intro><main>Test</main><compl>De test de toutes les constructions</compl><full>Test of all constructs</full></title-wrap><doc-ident><sdo>ISO/IEC</sdo><proj-id>00000</proj-id><language>en</language><release-version>FDIS</release-version><urn>iso:std:iso-iec:00000:-20:fdis:ed-1:v1:en</urn></doc-ident><std-ident><originator>ISO/IEC</originator><doc-type>IS</doc-type><doc-number>00000</doc-number><part-number>20</part-number><edition>1</edition><version>1</version><suppl-type/><suppl-number/><suppl-version/></std-ident><content-language>en</content-language><std-ref type="dated">ISO/IEC 00000-20:2015</std-ref><std-ref type="undated">ISO/IEC 00000-20</std-ref><doc-ref>ISO/IEC 00000-20:2015(en)</doc-ref><pub-date>2015-05-29</pub-date><release-date>2015-05-29</release-date><comm-ref>ISO/IEC JTC 1/SC xx/WG 1</comm-ref><secretariat>USA (ANSI)</secretariat><ics>uu.vvv.ww</ics><ics>xx.yyy.zz</ics><page-count count="zz"/><permissions><copyright-statement>All rights reserved.</copyright-statement><copyright-year>2015</copyright-year><copyright-holder>ISO/IEC</copyright-holder></permissions></iso-meta><sec id="sec_foreword" sec-type="foreword">
    <title>Foreword</title>
    <p>The foreword here.</p>
    <sec id="sec_foreword.1">
      <title>Sub-foreword</title>
      <p>A subsection in the foreword</p>
    </sec>
  </sec><sec id="sec_0" sec-type="intro">
    <title>Introduction</title>
    <sec id="sec_0.1"><label>0.1</label>
      <title>Purpose and overview</title>
      <p>This is the first paragraph.</p>
      <p>This has something<fn id="fn_1"><label>1)</label>
          <p><italic>ISO/IEC 14662:2010 Information technology - Open-edi
              Reference Model/Technologies de l'information - Modèle de
              référence EDI-ouvert.</italic> The English and French
            versions of this ISO/IEC standard are publicly available. {See
              &lt;<uri xlink:type="simple">http://www.jtc1.org</uri>&gt;} </p>
        </fn> to note. <xref rid="fig_1" ref-type="fig">Figure 1</xref> (Figure 1 from ISO/IEC
        14662) depicts the Open-edi environment (for definitions of the terms
        in Figure 1 see clause 3).</p>
      <fig position="anchor" id="fig_1"><label>Figure 1</label><caption><title>Open-edi environment</title></caption><graphic xlink:href="fig_1" mimetype="image" mime-subtype="svg+xml"><?Crane-ISOSTS-image-ext .svg?><?Crane-ISOSTS-image-pdf fig_1.svg?><?Crane-ISOSTS-image-html fig_1.png?></graphic></fig>
      <p>The Open-edi Reference Model (ISO/IEC 14662:2010, Clause 5.2)
        states the following regarding the Functional Service View
        (FSV):</p>
      <disp-quote>
        <p>Within the FSV, the interoperability addresses the interactions
          between the IT Systems supporting the Open-edi Parties.
          Interoperability implies that two or more IT systems, conforming to
          the standards related to the FSV, are able to co-operate and support
          the execution of business transactions that are in compliance with
          Open-edi scenarios. FSV-related standards address information
          technology interoperability aspects which are generic to business
          transactions.</p>
        <p> The FSV identifies and models the generic functional
          capabilities of IT Systems which are needed to support the execution
          of Open-edi transactions. In addition, it provides the basic concepts
          which will allow the FSV-related standards to accommodate different
          configurations of organizations and IT systems to provide these
          functional capabilities.</p>
      </disp-quote>
      <p>A base FSV standard is a complete specification from which
        typically a subset of the specification, possibly also including an
        extension, is used in an Information Technology System (IT system). A
        base FSV standard is considered as the whole cloth from which the
        material for a given garment is cut.</p>
      <non-normative-note><label>NOTE</label><p>This is an example note</p></non-normative-note>
      <non-normative-note><label>NOTES</label><list list-type="bullet">
          <list-item><label>—</label>
            <p>the first of two bullets</p>
          </list-item>
          <list-item><label>—</label>
            <p>the second of two bullets</p>
          </list-item>
        </list></non-normative-note>
    </sec>
  </sec></front><body><sec id="sec_1" sec-type="scope"><label>1</label>
    <title>Scope</title>
    <sec id="sec_1.1"><label>1.1</label>
      <title>Statement of scope</title>
      <p>ISO/IEC 00000-20 specifies the properties of stuff.</p>
    </sec>
    <sec id="sec_1.2"><label>1.2</label>
      <title>Exclusions</title>
      <p>ISO/IEC 00000-20 does not specify other stuff.</p>
      <p>The Open-edi Reference Model (ISO/IEC 14662:2010, Clause 0.3)
        observes the following regarding interoperability:</p>
      <disp-quote>
        <p>Only the external behaviour of Open-edi Parties affects the
          interoperability of Open-edi Systems.</p>
      </disp-quote>
    </sec>
  </sec><sec id="sec_2" sec-type="norm-refs"><label>2</label>
    <title>Normative references</title>
    <p>The following referenced documents are
        indispensable for the application of this document. For dated
        references, only the edition cited applies. For undated references, the
        latest edition of the referenced document (including any amendments)
        applies.</p>
    <ref-list>
      <ref id="ref_1" content-type="standard"><std type="dated"><std-ref><originator>ISO/IEC</originator> <doc-number>14662</doc-number>:<year>2010</year></std-ref>, <title> Information technology — Open-edi reference model </title></std></ref>
    </ref-list>
  </sec><sec id="sec_3" sec-type="terms"><label>3</label>
    <title>Terms and definitions</title>
    <p>For the purposes of this document, the following terms and
      definitions apply.</p>
    
      <term-sec id="sec_3.1"><label>3.1</label><tbx:termEntry id="term_3.1"><tbx:langSet xml:lang="en"><tbx:definition>A definition here. </tbx:definition><tbx:tig><tbx:term>base FSV standard</tbx:term><tbx:partOfSpeech value="noun"/></tbx:tig></tbx:langSet></tbx:termEntry></term-sec>
      <term-sec id="sec_3.2"><label>3.2</label><tbx:termEntry id="term_3.2"><tbx:langSet xml:lang="en"><tbx:definition>series of processes, each having a clearly understood purpose,
            involving more than one person, realised through the exchange of
            information and directed towards some mutually agreed upon goal,
            extending over a period of time</tbx:definition><tbx:tig><tbx:term>business</tbx:term><tbx:partOfSpeech value="noun"/></tbx:tig></tbx:langSet></tbx:termEntry><p><ext-link ext-link-type="iso-std">[ISO/IEC 14662:2010
            (3.2)]</ext-link></p></term-sec>
      <term-sec id="sec_3.3"><label>3.3</label><tbx:termEntry id="term_3.3"><tbx:langSet xml:lang="en"><tbx:definition>perspective is limited to those aspects regarding the making of
            business decisions and commitments among persons, which are needed
            for the description of a business</tbx:definition><tbx:tig><tbx:term>Business Operational View</tbx:term><tbx:partOfSpeech value="noun"/><tbx:normativeAuthorization value="preferredTerm"/><tbx:termType value="fullForm"/></tbx:tig><tbx:tig><tbx:term>BOV</tbx:term><tbx:partOfSpeech value="noun"/><tbx:normativeAuthorization value="admittedTerm"/><tbx:termType value="acronym"/></tbx:tig></tbx:langSet></tbx:termEntry><p><ext-link ext-link-type="iso-std">[ISO/IEC 14662:2010
            (3.3)]</ext-link></p></term-sec>
    
  </sec><sec id="sec_4" sec-type="terms"><label>4</label>
    <title>Symbols and abbreviations</title>
    <array><table><col width="10%"/><col width="90%"/><tbody>
        <tr>
          <td><bold>BOV</bold></td>
          <td>Business Operational View</td>
        </tr>
        <tr>
          <td><bold>DMA</bold></td>
          <td>Decision Making Application</td>
        </tr>
      </tbody></table></array>
  </sec><sec id="sec_5"><label>5</label>
    <title>The first main section</title>
    <p>Starts with a paragraph with something<fn id="fn_2"><label>2)</label>
        <p><italic>ISO/IEC 00000-1:2011 Information technology - Business
            Operational View - Part 1: Operational aspects of Open-edi for
            implementation/Technologies de l'information - Vue
            opérationnelle d'affaires - Parti 1: Aspects
            opérationnels de l'Edi ouvert pour application.</italic>
          Clause 5.3. The English and French versions of this ISO/IEC standard
          are publicly available. {See &lt;<uri xlink:type="simple">http://www.jtc1.org</uri>&gt;} </p>
      </fn> below.</p>
    <p>This Open-edi Standard perspective of business transactions is
      limited to those aspects regarding the making or accepting of commitments
      among Persons, needed for the description of a business
      transaction.</p>
    <non-normative-note><label>NOTE</label><p>Because this part deals with the bridging of BOV standards to FSV
        standards it contains no "rules" as found in other parts of ISO/IEC
        15944.</p></non-normative-note>
    <non-normative-note><label>Custom note label</label><p>Because this part deals with the bridging of BOV standards to FSV
        standards it contains no "rules" as found in other parts of ISO/IEC
        15944.</p></non-normative-note>
    <non-normative-example><label>EXAMPLE</label><preformat>An example of
some code</preformat></non-normative-example>
    <non-normative-example><label>Legacy example</label><preformat>An example of
some legacy code</preformat></non-normative-example>
    <p>The description of a business transaction is realized using an
      Open-edi Description Technique (OeDT).</p>
  </sec><sec id="sec_6"><label>6</label>
    <title>The second main section</title>
    <sec id="sec_6.1"><label>6.1</label>
      <title>Overview</title>
      <p>The Functional Service View (FSV) of Open-edi IT systems governs
        the information and communication technologies (ICT) employed to enable
        technical interoperability among OePs of an Open-edi Community engaged
        in business transactions. Practices undertaken in the Business
        Operational View provide for flexibility in implementation at this
        interoperable level.</p>
      <non-normative-note><label>NOTE 3</label><p>In Open-edi, rules formally specify the commitment(s) and role(s)
          of the parties involved, and the expected behaviour(s) of the parties
          involved as seen by other parties involved in (electronic) business
          transactions. Such rules are applied to: </p><list list-type="bullet">
          <list-item><label>—</label>
            <p>content of the information flows in the form of precise and
              computer-processable meaning, i.e. the semantics of data;</p>
          </list-item>
          <list-item><label>—</label>
            <p>the order and behaviour of the information flows
              themselves.</p>
          </list-item>
        </list></non-normative-note>
      <p>A numbered list:</p>
      <list list-type="order">
        <list-item><label>1)</label>
          <p>The first member</p>
        </list-item>
        <list-item><label>2)</label>
          <p>The second member</p>
        </list-item>
        <list-item><label>3)</label>
          <p>The third member</p>
        </list-item>
      </list>
      <p>A bullet list:</p>
      <list list-type="bullet">
        <list-item><label>—</label>
          <p>The first member</p>
        </list-item>
        <list-item><label>—</label>
          <p>The second member</p>
        </list-item>
        <list-item><label>—</label>
          <p>The third member</p>
        </list-item>
      </list>
      <p>A numbered list with lower Roman:</p>
      <list list-type="roman-lower">
        <list-item><label>i)</label>
          <p>The first member</p>
        </list-item>
        <list-item><label>ii)</label>
          <p>The second member</p>
        </list-item>
        <list-item><label>iii)</label>
          <p>The third member</p>
        </list-item>
      </list>
      <p>A bullet list with a bullet mark:</p>
      <list list-type="bullet">
        <list-item><label>•</label>
          <p>The first member</p>
        </list-item>
        <list-item><label>•</label>
          <p>The second member</p>
        </list-item>
        <list-item><label>•</label>
          <p>The third member</p>
        </list-item>
      </list>
    </sec>
  </sec></body><back><app-group><app id="sec_A"><label>Annex A</label><annex-type>(normative)</annex-type>
    <title>The title of a normative annex<fn id="fn_3"><label>3)</label>
        <p>This annex is based on the approach taken for this multipart
          standard established in "Annex A (Normative)" as found in Part 1 of
          ISO/IEC 00000-1:2002.</p>
      </fn></title>
    <sec id="sec_A.1" sec-type="intro"><label>A.1</label>
      <title>Introduction</title>
      <p>This Annex A contains only those new concepts and their definitions
        introduced in this part of ISO/IEC 00000, i.e. as ISO English and ISO
        French language HIEs.</p>
    </sec>
    <sec id="sec_A.2"><label>A.2</label>
      <title>ISO English and ISO French</title>
      <p>This part of ISO/IEC 00000 recognizes that the use of English and
        French as natural languages is not uniform or harmonized globally.
        Consequently, the terms "ISO English" and "ISO French" are used here to
        indicate the ISO's specialized use of English and French as natural
        languages in the specific context of international standardization,
        i.e., as a "special language".</p>
    </sec>
    <sec id="sec_A.3"><label>A.3</label>
      <title>Cultural adaptability and quality control</title>
      <p>ISO/IEC JTC1 has "cultural adaptability" as the third strategic
        direction which all standards development work should support. This
        Annex serves to support the "cultural adaptability" aspects of
        standards as required by ISO/IEC JTC1. Another key of translating terms
        and definitions is that such work in providing bilingual/multilingual
        equivalency should be considered a "quality control check" in that
        establishing an equivalency in another language ferrets out "hidden"
        ambiguities in the source language. </p>
    </sec>
    <sec id="sec_A.4"><label>A.4</label>
      <title>Organization of Annex A - Consolidated list in matrix form</title>
      <p>The terms/definitions are organized in matrix form in alphabetical
        order (English language). The columns in the matrix are as follows: </p>
      <table-wrap position="anchor" id="tab_A.1"><label>Table A.1</label><caption><title>Columns in <xref rid="tab_A.2" ref-type="table">Table A.2</xref></title></caption><table rules="all" border="1" width="428" cellpadding="2" frame="box"><col width="15%"/><col width="85%"/><thead>
          <tr>
            <th>Col. No.</th>
            <th>Use</th>
          </tr>
        </thead><tbody>
          <tr>
            <td/>
            <td><bold>IT-Interface -
              Identification</bold></td>
          </tr>
          <tr>
            <td align="center">1</td>
            <td>Clause 3 ID (ID definition as per ISO/IEC 00000-12 Clause
              3)</td>
          </tr>
          <tr>
            <td align="center">2</td>
            <td>Source in ISO/IEC 00000-20.</td>
          </tr>
          <tr>
            <td/>
            <td><bold>Human Interface Equivalent (HIE)
                Components</bold></td>
          </tr>
          <tr>
            <td align="center">3</td>
            <td>ISO English Language - Term</td>
          </tr>
          <tr>
            <td align="center">4</td>
            <td>Gender of ISO English Language Term+</td>
          </tr>
          <tr>
            <td align="center">5</td>
            <td>ISO English Language - Definition</td>
          </tr>
          <tr>
            <td align="center">6</td>
            <td>ISO French Language - Term </td>
          </tr>
          <tr>
            <td align="center">7</td>
            <td>Gender of the ISO French language Term+</td>
          </tr>
          <tr>
            <td align="center">8</td>
            <td>ISO French Language - Definition </td>
          </tr>
        </tbody></table></table-wrap>
      <p>+ The codes representing gender of terms in natural languages are
        those found in Clause 6.2.6 in <italic>ISO/IEC 15944-5 "Gender, and
          official, de facto, or LRL languages"</italic>, Table 1 - ISO/IEC
        15944-5:01 <italic>"Codes representing gender and official
          languages"</italic>.</p>
      <table-wrap position="anchor" id="tab_A.2"><label>Table A.2</label><table rules="all" border="1" cellpadding="2" frame="box"><col width="8%"/><col width="8%"/><col width="15%"/><col width="4%"/><col width="23%"/><col width="15%"/><col width="4%"/><col width="23%"/><thead>
          <tr>
            <th align="center" colspan="2">IT-Interface</th>
            <th align="center" colspan="6">Human Interface Equivalent (HIE)
              Components</th>
          </tr>
          <tr>
            <th align="center" colspan="2">Identification</th>
            <th align="center" colspan="3">ISO English</th>
            <th align="center" colspan="3">ISO French</th>
          </tr>
          <tr>
            <th align="center">eBus. Vocab. ID</th>
            <th align="center">Source Ref. ID</th>
            <th align="center">Term</th>
            <th align="center">G</th>
            <th align="center">Definition</th>
            <th align="center">Term</th>
            <th align="center">G</th>
            <th align="center">Definition</th>
          </tr>
          <tr>
            <th align="center">(1)</th>
            <th align="center">(2)</th>
            <th align="center">(3)</th>
            <th align="center">(4)</th>
            <th align="center">(5)</th>
            <th align="center">(6)</th>
            <th align="center">(7)</th>
            <th align="center">(8)</th>
          </tr>
        </thead><tbody>
          <tr>
            <td>295</td>
            <td>3.1</td>
            <td>base FSV standard</td>
            <td>99</td>
            <td>
              <p>some data </p>
            </td>
            <td>norme FSV de base</td>
            <td>02</td>
            <td>du balisage</td>
          </tr>
          <tr>
            <td>296</td>
            <td>3.5</td>
            <td>choreography</td>
            <td>99</td>
            <td>
              <p>more data</p>
            </td>
            <td>chorégraphie</td>
            <td>02</td>
            <td>
              <p>and yet more</p>
            </td>
          </tr>
        </tbody></table><table-wrap-foot><p>List of terms and definitions with cultural adaptability of:
            ISO English and ISO French language equivalency</p></table-wrap-foot></table-wrap>
    </sec>
  </app><app id="sec_B"><label>Annex B</label><annex-type>(informative)</annex-type>
    <title>The title of an informative annex</title>
    <p>An interoperability framework implemented among Open-edi Parties in
      an Open-edi Community is enabled by the application of BOV- and
      FSV-related standards. Organizational interoperability brings into
      alignment organizational activities and processes. Semantic
      interoperability brings into alignment the precise meaning of exchanged
      information. The content of this information and these processes is
      mapped to the user data, choreography and transfer aspects providing
      technical interoperability among parties interacting among the
      community.</p>
    <sec id="sec_B.1"><label>B.1</label>
      <title>An annex subsection</title>
      <p>With stuff here.</p>
    </sec>
  </app><app id="sec_C"><label>Annex C</label>
    <title>The title of a second informative annex</title>
    <p>Not much in this annex.</p>
  </app></app-group><ref-list content-type="bibl" id="sec_bibl"><title>Bibliography</title>
    <ref id="biblref_1" content-type="standard"><label>[1]</label><std><std-ref>ISO Guide 73:2009</std-ref>, <title>Risk management — Vocabulary</title></std></ref>
    <ref id="biblref_2" content-type="standard"><label>[2]</label><std><std-ref>ISO/IEC 31010</std-ref>, <title>Risk management — Risk assessment
        techniques</title></std></ref>
    <ref id="biblref_3"><label>[3]</label><mixed-citation xlink:type="simple">Enz W., &amp; Steven H. Round Robin Test on test tracks as proposed in ISO/TC 43/SC 1/WG 27. Report
No. 10505993/01, FIGE GmbH, Herzogenrath, Germany, 1992</mixed-citation></ref>
  </ref-list></back></standard>