<!--
This information is taken from the entity file at:

  http://www.mathweb.org/cvsweb/cvsweb.cgi//omdoc/dtd/mathml/
-->
<sdatas>
<sdata ref="[angle]" set="mmlalias" code="02220">alias ISOAMSO ang  </sdata>
<sdata ref="[ApplyFunction]" set="mmlalias" code="02061">character showing function application in presentation tagging  </sdata>
<sdata ref="[approx]" set="mmlalias" code="02248">alias ISOTECH ap  </sdata>
<sdata ref="[approxeq]" set="mmlalias" code="0224A">alias ISOAMSR ape  </sdata>
<sdata ref="[Assign]" set="mmlalias" code="02254">assignment operator, alias ISOAMSR colone  </sdata>
<sdata ref="[backcong]" set="mmlalias" code="0224C">alias ISOAMSR bcong  </sdata>
<sdata ref="[backepsilon]" set="mmlalias" code="003F6">alias ISOAMSR bepsi  </sdata>
<sdata ref="[backprime]" set="mmlalias" code="02035">alias ISOAMSO bprime  </sdata>
<sdata ref="[backsim]" set="mmlalias" code="0223D">alias ISOAMSR bsim  </sdata>
<sdata ref="[backsimeq]" set="mmlalias" code="022CD">alias ISOAMSR bsime  </sdata>
<sdata ref="[Backslash]" set="mmlalias" code="02216">alias ISOAMSB setmn  </sdata>
<sdata ref="[barwedge]" set="mmlalias" code="022BC">alias ISOAMSB barwed  </sdata>
<sdata ref="[because]" set="mmlalias" code="02235">alias ISOTECH becaus  </sdata>
<sdata ref="[Because]" set="mmlalias" code="02235">alias ISOTECH becaus  </sdata>
<sdata ref="[Bernoullis]" set="mmlalias" code="0212C">alias ISOTECH bernou  </sdata>
<sdata ref="[between]" set="mmlalias" code="0226C">alias ISOAMSR twixt  </sdata>
<sdata ref="[bigcap]" set="mmlalias" code="022C2">alias ISOAMSB xcap  </sdata>
<sdata ref="[bigcirc]" set="mmlalias" code="025EF">alias ISOAMSB xcirc  </sdata>
<sdata ref="[bigcup]" set="mmlalias" code="022C3">alias ISOAMSB xcup  </sdata>
<sdata ref="[bigodot]" set="mmlalias" code="02299">alias ISOAMSB xodot  </sdata>
<sdata ref="[bigoplus]" set="mmlalias" code="02295">alias ISOAMSB xoplus  </sdata>
<sdata ref="[bigotimes]" set="mmlalias" code="02297">alias ISOAMSB xotime  </sdata>
<sdata ref="[bigsqcup]" set="mmlalias" code="02294">alias ISOAMSB xsqcup  </sdata>
<sdata ref="[bigstar]" set="mmlalias" code="02605">ISOPUB    starf   </sdata>
<sdata ref="[bigtriangledown]" set="mmlalias" code="025BD">alias ISOAMSB xdtri  </sdata>
<sdata ref="[bigtriangleup]" set="mmlalias" code="025B3">alias ISOAMSB xutri  </sdata>
<sdata ref="[biguplus]" set="mmlalias" code="0228E">alias ISOAMSB xuplus  </sdata>
<sdata ref="[bigvee]" set="mmlalias" code="022C1">alias ISOAMSB xvee  </sdata>
<sdata ref="[bigwedge]" set="mmlalias" code="022C0">alias ISOAMSB xwedge  </sdata>
<sdata ref="[bkarow]" set="mmlalias" code="0290D">alias ISOAMSA rbarr  </sdata>
<sdata ref="[blacklozenge]" set="mmlalias" code="029EB">alias ISOPUB lozf  </sdata>
<sdata ref="[blacksquare]" set="mmlalias" code="025AA">ISOTECH  squarf   </sdata>
<sdata ref="[blacktriangle]" set="mmlalias" code="025B4">alias ISOPUB utrif  </sdata>
<sdata ref="[blacktriangledown]" set="mmlalias" code="025BE">alias ISOPUB dtrif  </sdata>
<sdata ref="[blacktriangleleft]" set="mmlalias" code="025C2">alias ISOPUB ltrif  </sdata>
<sdata ref="[blacktriangleright]" set="mmlalias" code="025B8">alias ISOPUB rtrif  </sdata>
<sdata ref="[bot]" set="mmlalias" code="022A5">alias ISOTECH bottom  </sdata>
<sdata ref="[boxminus]" set="mmlalias" code="0229F">alias ISOAMSB minusb  </sdata>
<sdata ref="[boxplus]" set="mmlalias" code="0229E">alias ISOAMSB plusb  </sdata>
<sdata ref="[boxtimes]" set="mmlalias" code="022A0">alias ISOAMSB timesb  </sdata>
<sdata ref="[Breve]" set="mmlalias" code="002D8">alias ISODIA breve  </sdata>
<sdata ref="[bullet]" set="mmlalias" code="02022">alias ISOPUB bull  </sdata>
<sdata ref="[bumpeq]" set="mmlalias" code="0224F">alias ISOAMSR bumpe  </sdata>
<sdata ref="[Bumpeq]" set="mmlalias" code="0224E">alias ISOAMSR bump  </sdata>
<sdata ref="[CapitalDifferentialD]" set="mmlalias" code="02145">D for use in differentials, e.g., within integrals  </sdata>
<sdata ref="[Cayleys]" set="mmlalias" code="0212D">the non-associative ring of octonions or Cayley numbers  </sdata>
<sdata ref="[Cedilla]" set="mmlalias" code="000B8">alias ISODIA cedil  </sdata>
<sdata ref="[centerdot]" set="mmlalias" code="000B7">alias ISONUM middot  </sdata>
<sdata ref="[CenterDot]" set="mmlalias" code="000B7">alias ISONUM middot  </sdata>
<sdata ref="[checkmark]" set="mmlalias" code="02713">alias ISOPUB check  </sdata>
<sdata ref="[circeq]" set="mmlalias" code="02257">alias ISOAMSR cire  </sdata>
<sdata ref="[circlearrowleft]" set="mmlalias" code="021BA">alias ISOAMSA olarr  </sdata>
<sdata ref="[circlearrowright]" set="mmlalias" code="021BB">alias ISOAMSA orarr  </sdata>
<sdata ref="[circledast]" set="mmlalias" code="0229B">alias ISOAMSB oast  </sdata>
<sdata ref="[circledcirc]" set="mmlalias" code="0229A">alias ISOAMSB ocir  </sdata>
<sdata ref="[circleddash]" set="mmlalias" code="0229D">alias ISOAMSB odash  </sdata>
<sdata ref="[CircleDot]" set="mmlalias" code="02299">alias ISOAMSB odot  </sdata>
<sdata ref="[circledR]" set="mmlalias" code="000AE">alias ISONUM reg  </sdata>
<sdata ref="[circledS]" set="mmlalias" code="024C8">alias ISOAMSO oS  </sdata>
<sdata ref="[CircleMinus]" set="mmlalias" code="02296">alias ISOAMSB ominus  </sdata>
<sdata ref="[CirclePlus]" set="mmlalias" code="02295">alias ISOAMSB oplus  </sdata>
<sdata ref="[CircleTimes]" set="mmlalias" code="02297">alias ISOAMSB otimes  </sdata>
<sdata ref="[ClockwiseContourIntegral]" set="mmlalias" code="02232">alias ISOTECH cwconint  </sdata>
<sdata ref="[CloseCurlyDoubleQuote]" set="mmlalias" code="0201D">alias ISONUM rdquo  </sdata>
<sdata ref="[CloseCurlyQuote]" set="mmlalias" code="02019">alias ISONUM rsquo  </sdata>
<sdata ref="[clubsuit]" set="mmlalias" code="02663">ISOPUB    clubs   </sdata>
<sdata ref="[coloneq]" set="mmlalias" code="02254">alias ISOAMSR colone  </sdata>
<sdata ref="[complement]" set="mmlalias" code="02201">alias ISOAMSO comp  </sdata>
<sdata ref="[complexes]" set="mmlalias" code="02102">the field of complex numbers  </sdata>
<sdata ref="[Congruent]" set="mmlalias" code="02261">alias ISOTECH equiv  </sdata>
<sdata ref="[ContourIntegral]" set="mmlalias" code="0222E">alias ISOTECH conint  </sdata>
<sdata ref="[Coproduct]" set="mmlalias" code="02210">alias ISOAMSB coprod  </sdata>
<sdata ref="[CounterClockwiseContourIntegral]" set="mmlalias" code="02233">alias ISOTECH awconint  </sdata>
<sdata ref="[CupCap]" set="mmlalias" code="0224D">alias ISOAMSR asymp  </sdata>
<sdata ref="[curlyeqprec]" set="mmlalias" code="022DE">alias ISOAMSR cuepr  </sdata>
<sdata ref="[curlyeqsucc]" set="mmlalias" code="022DF">alias ISOAMSR cuesc  </sdata>
<sdata ref="[curlyvee]" set="mmlalias" code="022CE">alias ISOAMSB cuvee  </sdata>
<sdata ref="[curlywedge]" set="mmlalias" code="022CF">alias ISOAMSB cuwed  </sdata>
<sdata ref="[curvearrowleft]" set="mmlalias" code="021B6">alias ISOAMSA cularr  </sdata>
<sdata ref="[curvearrowright]" set="mmlalias" code="021B7">alias ISOAMSA curarr  </sdata>
<sdata ref="[dbkarow]" set="mmlalias" code="0290F">alias ISOAMSA rBarr  </sdata>
<sdata ref="[ddagger]" set="mmlalias" code="02021">alias ISOPUB Dagger  </sdata>
<sdata ref="[ddotseq]" set="mmlalias" code="02A77">alias ISOAMSR eDDot  </sdata>
<sdata ref="[Del]" set="mmlalias" code="02207">alias ISOTECH nabla  </sdata>
<sdata ref="[DiacriticalAcute]" set="mmlalias" code="000B4">alias ISODIA acute  </sdata>
<sdata ref="[DiacriticalDot]" set="mmlalias" code="002D9">alias ISODIA dot  </sdata>
<sdata ref="[DiacriticalDoubleAcute]" set="mmlalias" code="002DD">alias ISODIA dblac  </sdata>
<sdata ref="[DiacriticalGrave]" set="mmlalias" code="00060">alias ISODIA grave  </sdata>
<sdata ref="[DiacriticalTilde]" set="mmlalias" code="002DC">alias ISODIA tilde  </sdata>
<sdata ref="[diamond]" set="mmlalias" code="022C4">alias ISOAMSB diam  </sdata>
<sdata ref="[Diamond]" set="mmlalias" code="022C4">alias ISOAMSB diam  </sdata>
<sdata ref="[diamondsuit]" set="mmlalias" code="02666">ISOPUB    diams   </sdata>
<sdata ref="[DifferentialD]" set="mmlalias" code="02146">d for use in differentials, e.g., within integrals  </sdata>
<sdata ref="[digamma]" set="mmlalias" code="003DC">alias ISOGRK3 gammad  </sdata>
<sdata ref="[div]" set="mmlalias" code="000F7">alias ISONUM divide  </sdata>
<sdata ref="[divideontimes]" set="mmlalias" code="022C7">alias ISOAMSB divonx  </sdata>
<sdata ref="[doteq]" set="mmlalias" code="02250">alias ISOAMSR esdot  </sdata>
<sdata ref="[doteqdot]" set="mmlalias" code="02251">alias ISOAMSR eDot  </sdata>
<sdata ref="[DotEqual]" set="mmlalias" code="02250">alias ISOAMSR esdot  </sdata>
<sdata ref="[dotminus]" set="mmlalias" code="02238">alias ISOAMSB minusd  </sdata>
<sdata ref="[dotplus]" set="mmlalias" code="02214">alias ISOAMSB plusdo  </sdata>
<sdata ref="[dotsquare]" set="mmlalias" code="022A1">alias ISOAMSB sdotb  </sdata>
<sdata ref="[doublebarwedge]" set="mmlalias" code="02306">alias ISOAMSB Barwed  </sdata>
<sdata ref="[DoubleContourIntegral]" set="mmlalias" code="0222F">alias ISOTECH Conint  </sdata>
<sdata ref="[DoubleDot]" set="mmlalias" code="000A8">alias ISODIA die  </sdata>
<sdata ref="[DoubleDownArrow]" set="mmlalias" code="021D3">alias ISOAMSA dArr  </sdata>
<sdata ref="[DoubleLeftArrow]" set="mmlalias" code="021D0">alias ISOTECH lArr  </sdata>
<sdata ref="[DoubleLeftRightArrow]" set="mmlalias" code="021D4">alias ISOAMSA hArr  </sdata>
<sdata ref="[DoubleLeftTee]" set="mmlalias" code="02AE4">alias for  &amp;Dashv;   </sdata>
<sdata ref="[DoubleLongLeftArrow]" set="mmlalias" code="027F8">alias ISOAMSA xlArr  </sdata>
<sdata ref="[DoubleLongLeftRightArrow]" set="mmlalias" code="027FA">alias ISOAMSA xhArr  </sdata>
<sdata ref="[DoubleLongRightArrow]" set="mmlalias" code="027F9">alias ISOAMSA xrArr  </sdata>
<sdata ref="[DoubleRightArrow]" set="mmlalias" code="021D2">alias ISOTECH rArr  </sdata>
<sdata ref="[DoubleRightTee]" set="mmlalias" code="022A8">alias ISOAMSR vDash  </sdata>
<sdata ref="[DoubleUpArrow]" set="mmlalias" code="021D1">alias ISOAMSA uArr  </sdata>
<sdata ref="[DoubleUpDownArrow]" set="mmlalias" code="021D5">alias ISOAMSA vArr  </sdata>
<sdata ref="[DoubleVerticalBar]" set="mmlalias" code="02225">alias ISOTECH par  </sdata>
<sdata ref="[downarrow]" set="mmlalias" code="02193">alias ISONUM darr  </sdata>
<sdata ref="[Downarrow]" set="mmlalias" code="021D3">alias ISOAMSA dArr  </sdata>
<sdata ref="[DownArrow]" set="mmlalias" code="02193">alias ISONUM darr  </sdata>
<sdata ref="[DownArrowUpArrow]" set="mmlalias" code="021F5">alias ISOAMSA duarr  </sdata>
<sdata ref="[downdownarrows]" set="mmlalias" code="021CA">alias ISOAMSA ddarr  </sdata>
<sdata ref="[downharpoonleft]" set="mmlalias" code="021C3">alias ISOAMSA dharl  </sdata>
<sdata ref="[downharpoonright]" set="mmlalias" code="021C2">alias ISOAMSA dharr  </sdata>
<sdata ref="[DownLeftVector]" set="mmlalias" code="021BD">alias ISOAMSA lhard  </sdata>
<sdata ref="[DownRightVector]" set="mmlalias" code="021C1">alias ISOAMSA rhard  </sdata>
<sdata ref="[DownTee]" set="mmlalias" code="022A4">alias ISOTECH top  </sdata>
<sdata ref="[DownTeeArrow]" set="mmlalias" code="021A7">alias for mapstodown  </sdata>
<sdata ref="[drbkarow]" set="mmlalias" code="02910">alias ISOAMSA RBarr  </sdata>
<sdata ref="[Element]" set="mmlalias" code="02208">alias ISOTECH isinv  </sdata>
<sdata ref="[emptyset]" set="mmlalias" code="02205;0FE00">alias ISOAMSO empty  </sdata>
<sdata ref="[eqcirc]" set="mmlalias" code="02256">alias ISOAMSR ecir  </sdata>
<sdata ref="[eqcolon]" set="mmlalias" code="02255">alias ISOAMSR ecolon  </sdata>
<sdata ref="[eqsim]" set="mmlalias" code="02242">alias ISOAMSR esim  </sdata>
<sdata ref="[eqslantgtr]" set="mmlalias" code="022DD">alias ISOAMSR egs  </sdata>
<sdata ref="[eqslantless]" set="mmlalias" code="022DC">alias ISOAMSR els  </sdata>
<sdata ref="[EqualTilde]" set="mmlalias" code="02242">alias ISOAMSR esim  </sdata>
<sdata ref="[Equilibrium]" set="mmlalias" code="021CC">alias ISOAMSA rlhar  </sdata>
<sdata ref="[Exists]" set="mmlalias" code="02203">alias ISOTECH exist  </sdata>
<sdata ref="[expectation]" set="mmlalias" code="02130">expectation (operator)  </sdata>
<sdata ref="[exponentiale]" set="mmlalias" code="02147">base of the Napierian logarithms  </sdata>
<sdata ref="[ExponentialE]" set="mmlalias" code="02147">e use for the exponential base of the natural logarithms  </sdata>
<sdata ref="[fallingdotseq]" set="mmlalias" code="02252">alias ISOAMSR efDot  </sdata>
<sdata ref="[ForAll]" set="mmlalias" code="02200">alias ISOTECH forall  </sdata>
<sdata ref="[Fouriertrf]" set="mmlalias" code="02131">Fourier transform  </sdata>
<sdata ref="[geq]" set="mmlalias" code="02265">alias ISOTECH ge  </sdata>
<sdata ref="[geqq]" set="mmlalias" code="02267">alias ISOAMSR gE  </sdata>
<sdata ref="[geqslant]" set="mmlalias" code="02A7E">alias ISOAMSR ges  </sdata>
<sdata ref="[gg]" set="mmlalias" code="0226B">alias ISOAMSR Gt  </sdata>
<sdata ref="[ggg]" set="mmlalias" code="022D9">alias ISOAMSR Gg  </sdata>
<sdata ref="[gnapprox]" set="mmlalias" code="02A8A">alias ISOAMSN gnap  </sdata>
<sdata ref="[gneq]" set="mmlalias" code="02269">alias ISOAMSN gne  </sdata>
<sdata ref="[gneqq]" set="mmlalias" code="02269">alias ISOAMSN gnE  </sdata>
<sdata ref="[GreaterEqual]" set="mmlalias" code="02265">alias ISOTECH ge  </sdata>
<sdata ref="[GreaterEqualLess]" set="mmlalias" code="022DB">alias ISOAMSR gel  </sdata>
<sdata ref="[GreaterFullEqual]" set="mmlalias" code="02267">alias ISOAMSR gE  </sdata>
<sdata ref="[GreaterLess]" set="mmlalias" code="02277">alias ISOAMSR gl  </sdata>
<sdata ref="[GreaterSlantEqual]" set="mmlalias" code="02A7E">alias ISOAMSR ges  </sdata>
<sdata ref="[GreaterTilde]" set="mmlalias" code="02273">alias ISOAMSR gsim  </sdata>
<sdata ref="[gtrapprox]" set="mmlalias" code="02273">alias ISOAMSR gap  </sdata>
<sdata ref="[gtrdot]" set="mmlalias" code="022D7">alias ISOAMSR gtdot  </sdata>
<sdata ref="[gtreqless]" set="mmlalias" code="022DB">alias ISOAMSR gel  </sdata>
<sdata ref="[gtreqqless]" set="mmlalias" code="022DB">alias ISOAMSR gEl  </sdata>
<sdata ref="[gtrless]" set="mmlalias" code="02277">alias ISOAMSR gl  </sdata>
<sdata ref="[gtrsim]" set="mmlalias" code="02273">alias ISOAMSR gsim  </sdata>
<sdata ref="[gvertneqq]" set="mmlalias" code="02269;0FE00">alias ISOAMSN gvnE  </sdata>
<sdata ref="[Hacek]" set="mmlalias" code="002C7">alias ISODIA caron  </sdata>
<sdata ref="[Hat]" set="mmlalias" code="00302">circumflex accent (circ in ISODIA)  </sdata>
<sdata ref="[hbar]" set="mmlalias" code="0210F;0FE00">alias ISOAMSO plank  </sdata>
<sdata ref="[heartsuit]" set="mmlalias" code="02661">ISOPUB    hearts   </sdata>
<sdata ref="[HilbertSpace]" set="mmlalias" code="0210B">Hilbert space  </sdata>
<sdata ref="[hksearow]" set="mmlalias" code="02925">alias ISOAMSA searhk  </sdata>
<sdata ref="[hkswarow]" set="mmlalias" code="02926">alias ISOAMSA swarhk  </sdata>
<sdata ref="[hookleftarrow]" set="mmlalias" code="021A9">alias ISOAMSA larrhk  </sdata>
<sdata ref="[hookrightarrow]" set="mmlalias" code="021AA">alias ISOAMSA rarrhk  </sdata>
<sdata ref="[hslash]" set="mmlalias" code="0210F">alias ISOAMSO plankv  </sdata>
<sdata ref="[HumpDownHump]" set="mmlalias" code="0224E">alias ISOAMSR bump  </sdata>
<sdata ref="[HumpEqual]" set="mmlalias" code="0224F">alias ISOAMSR bumpe  </sdata>
<sdata ref="[iiiint]" set="mmlalias" code="02A0C">alias ISOTECH qint  </sdata>
<sdata ref="[iiint]" set="mmlalias" code="0222D">alias ISOTECH tint  </sdata>
<sdata ref="[Im]" set="mmlalias" code="02111">alias ISOAMSO image  </sdata>
<sdata ref="[ImaginaryI]" set="mmlalias" code="02148">i for use as a square root of -1  </sdata>
<sdata ref="[imagline]" set="mmlalias" code="02110">the geometric imaginary line  </sdata>
<sdata ref="[imagpart]" set="mmlalias" code="02111">alias ISOAMSO image  </sdata>
<sdata ref="[Implies]" set="mmlalias" code="021D2">alias ISOTECH rArr  </sdata>
<sdata ref="[in]" set="mmlalias" code="02208">ISOTECH   isin   </sdata>
<sdata ref="[integers]" set="mmlalias" code="02124">the ring of integers  </sdata>
<sdata ref="[Integral]" set="mmlalias" code="0222B">alias ISOTECH int  </sdata>
<sdata ref="[intercal]" set="mmlalias" code="022BA">alias ISOAMSB intcal  </sdata>
<sdata ref="[Intersection]" set="mmlalias" code="022C2">alias ISOAMSB xcap  </sdata>
<sdata ref="[intprod]" set="mmlalias" code="02A3C">alias ISOAMSB iprod  </sdata>
<sdata ref="[InvisibleComma]" set="mmlalias" code="02063">used as a separator, e.g., in indices  </sdata>
<sdata ref="[InvisibleTimes]" set="mmlalias" code="02062">marks multiplication when it is understood without a mark  </sdata>
<sdata ref="[langle]" set="mmlalias" code="02329">alias ISOTECH lang  </sdata>
<sdata ref="[Laplacetrf]" set="mmlalias" code="02112">Laplace transform  </sdata>
<sdata ref="[lbrace]" set="mmlalias" code="0007B">alias ISONUM lcub  </sdata>
<sdata ref="[lbrack]" set="mmlalias" code="0005B">alias ISONUM lsqb  </sdata>
<sdata ref="[LeftAngleBracket]" set="mmlalias" code="02329">alias ISOTECH lang  </sdata>
<sdata ref="[leftarrow]" set="mmlalias" code="02190">alias ISONUM larr  </sdata>
<sdata ref="[Leftarrow]" set="mmlalias" code="021D0">alias ISOTECH lArr  </sdata>
<sdata ref="[LeftArrow]" set="mmlalias" code="02190">alias ISONUM larr  </sdata>
<sdata ref="[LeftArrowBar]" set="mmlalias" code="021E4">alias for larrb  </sdata>
<sdata ref="[LeftArrowRightArrow]" set="mmlalias" code="021C6">alias ISOAMSA lrarr  </sdata>
<sdata ref="[leftarrowtail]" set="mmlalias" code="021A2">alias ISOAMSA larrtl  </sdata>
<sdata ref="[LeftCeiling]" set="mmlalias" code="02308">alias ISOAMSC lceil  </sdata>
<sdata ref="[LeftDoubleBracket]" set="mmlalias" code="0301A">left double bracket delimiter  </sdata>
<sdata ref="[LeftDownVector]" set="mmlalias" code="021C3">alias ISOAMSA dharl  </sdata>
<sdata ref="[LeftFloor]" set="mmlalias" code="0230A">alias ISOAMSC lfloor  </sdata>
<sdata ref="[leftharpoondown]" set="mmlalias" code="021BD">alias ISOAMSA lhard  </sdata>
<sdata ref="[leftharpoonup]" set="mmlalias" code="021BC">alias ISOAMSA lharu  </sdata>
<sdata ref="[leftleftarrows]" set="mmlalias" code="021C7">alias ISOAMSA llarr  </sdata>
<sdata ref="[leftrightarrow]" set="mmlalias" code="02194">alias ISOAMSA harr  </sdata>
<sdata ref="[Leftrightarrow]" set="mmlalias" code="021D4">alias ISOAMSA hArr  </sdata>
<sdata ref="[LeftRightArrow]" set="mmlalias" code="02194">alias ISOAMSA harr  </sdata>
<sdata ref="[leftrightarrows]" set="mmlalias" code="021C6">alias ISOAMSA lrarr  </sdata>
<sdata ref="[leftrightharpoons]" set="mmlalias" code="021CB">alias ISOAMSA lrhar  </sdata>
<sdata ref="[leftrightsquigarrow]" set="mmlalias" code="021AD">alias ISOAMSA harrw  </sdata>
<sdata ref="[LeftTee]" set="mmlalias" code="022A3">alias ISOAMSR dashv  </sdata>
<sdata ref="[LeftTeeArrow]" set="mmlalias" code="021A4">alias for mapstoleft  </sdata>
<sdata ref="[leftthreetimes]" set="mmlalias" code="022CB">alias ISOAMSB lthree  </sdata>
<sdata ref="[LeftTriangle]" set="mmlalias" code="022B2">alias ISOAMSR vltri  </sdata>
<sdata ref="[LeftTriangleEqual]" set="mmlalias" code="022B4">alias ISOAMSR ltrie  </sdata>
<sdata ref="[LeftUpVector]" set="mmlalias" code="021BF">alias ISOAMSA uharl  </sdata>
<sdata ref="[LeftVector]" set="mmlalias" code="021BC">alias ISOAMSA lharu  </sdata>
<sdata ref="[leq]" set="mmlalias" code="02264">alias ISOTECH le  </sdata>
<sdata ref="[leqq]" set="mmlalias" code="02266">alias ISOAMSR lE  </sdata>
<sdata ref="[leqslant]" set="mmlalias" code="02A7D">alias ISOAMSR les  </sdata>
<sdata ref="[lessapprox]" set="mmlalias" code="02272">alias ISOAMSR lap  </sdata>
<sdata ref="[lessdot]" set="mmlalias" code="022D6">alias ISOAMSR ltdot  </sdata>
<sdata ref="[lesseqgtr]" set="mmlalias" code="022DA">alias ISOAMSR leg  </sdata>
<sdata ref="[lesseqqgtr]" set="mmlalias" code="022DA">alias ISOAMSR lEg  </sdata>
<sdata ref="[LessEqualGreater]" set="mmlalias" code="022DA">alias ISOAMSR leg  </sdata>
<sdata ref="[LessFullEqual]" set="mmlalias" code="02266">alias ISOAMSR lE  </sdata>
<sdata ref="[LessGreater]" set="mmlalias" code="02276">alias ISOAMSR lg  </sdata>
<sdata ref="[lessgtr]" set="mmlalias" code="02276">alias ISOAMSR lg  </sdata>
<sdata ref="[lesssim]" set="mmlalias" code="02272">alias ISOAMSR lsim  </sdata>
<sdata ref="[LessSlantEqual]" set="mmlalias" code="02A7D">alias ISOAMSR les  </sdata>
<sdata ref="[LessTilde]" set="mmlalias" code="02272">alias ISOAMSR lsim  </sdata>
<sdata ref="[ll]" set="mmlalias" code="0226A">alias ISOAMSR Lt  </sdata>
<sdata ref="[llcorner]" set="mmlalias" code="0231E">alias ISOAMSC dlcorn  </sdata>
<sdata ref="[Lleftarrow]" set="mmlalias" code="021DA">alias ISOAMSA lAarr  </sdata>
<sdata ref="[lmoustache]" set="mmlalias" code="023B0">alias ISOAMSC lmoust  </sdata>
<sdata ref="[lnapprox]" set="mmlalias" code="02A89">alias ISOAMSN lnap  </sdata>
<sdata ref="[lneq]" set="mmlalias" code="02268">alias ISOAMSN lne  </sdata>
<sdata ref="[lneqq]" set="mmlalias" code="02268">alias ISOAMSN lnE  </sdata>
<sdata ref="[longleftarrow]" set="mmlalias" code="027F5">alias ISOAMSA xlarr  </sdata>
<sdata ref="[Longleftarrow]" set="mmlalias" code="027F8">alias ISOAMSA xlArr  </sdata>
<sdata ref="[LongLeftArrow]" set="mmlalias" code="027F5">alias ISOAMSA xlarr  </sdata>
<sdata ref="[longleftrightarrow]" set="mmlalias" code="027F7">alias ISOAMSA xharr  </sdata>
<sdata ref="[Longleftrightarrow]" set="mmlalias" code="027FA">alias ISOAMSA xhArr  </sdata>
<sdata ref="[LongLeftRightArrow]" set="mmlalias" code="027F7">alias ISOAMSA xharr  </sdata>
<sdata ref="[longmapsto]" set="mmlalias" code="027FC">alias ISOAMSA xmap  </sdata>
<sdata ref="[longrightarrow]" set="mmlalias" code="027F6">alias ISOAMSA xrarr  </sdata>
<sdata ref="[Longrightarrow]" set="mmlalias" code="027F9">alias ISOAMSA xrArr  </sdata>
<sdata ref="[LongRightArrow]" set="mmlalias" code="027F6">alias ISOAMSA xrarr  </sdata>
<sdata ref="[looparrowleft]" set="mmlalias" code="021AB">alias ISOAMSA larrlp  </sdata>
<sdata ref="[looparrowright]" set="mmlalias" code="021AC">alias ISOAMSA rarrlp  </sdata>
<sdata ref="[LowerLeftArrow]" set="mmlalias" code="02199">alias ISOAMSA swarr  </sdata>
<sdata ref="[LowerRightArrow]" set="mmlalias" code="02198">alias ISOAMSA searr  </sdata>
<sdata ref="[lozenge]" set="mmlalias" code="025CA">alias ISOPUB loz  </sdata>
<sdata ref="[lrcorner]" set="mmlalias" code="0231F">alias ISOAMSC drcorn  </sdata>
<sdata ref="[Lsh]" set="mmlalias" code="021B0">alias ISOAMSA lsh  </sdata>
<sdata ref="[lvertneqq]" set="mmlalias" code="02268;0FE00">alias ISOAMSN lvnE  </sdata>
<sdata ref="[maltese]" set="mmlalias" code="02720">alias ISOPUB malt  </sdata>
<sdata ref="[mapsto]" set="mmlalias" code="021A6">alias ISOAMSA map  </sdata>
<sdata ref="[measuredangle]" set="mmlalias" code="02221">alias ISOAMSO angmsd  </sdata>
<sdata ref="[Mellintrf]" set="mmlalias" code="02133">Mellin transform  </sdata>
<sdata ref="[MinusPlus]" set="mmlalias" code="02213">alias ISOTECH mnplus  </sdata>
<sdata ref="[mp]" set="mmlalias" code="02213">alias ISOTECH mnplus  </sdata>
<sdata ref="[multimap]" set="mmlalias" code="022B8">alias ISOAMSA mumap  </sdata>
<sdata ref="[napprox]" set="mmlalias" code="02249">alias ISOAMSN nap  </sdata>
<sdata ref="[natural]" set="mmlalias" code="0266E">alias ISOPUB natur  </sdata>
<sdata ref="[naturals]" set="mmlalias" code="02115">the semi-ring of natural numbers  </sdata>
<sdata ref="[nearrow]" set="mmlalias" code="02197">alias ISOAMSA nearr  </sdata>
<sdata ref="[NestedGreaterGreater]" set="mmlalias" code="0226B">alias ISOAMSR Gt  </sdata>
<sdata ref="[NestedLessLess]" set="mmlalias" code="0226A">alias ISOAMSR Lt  </sdata>
<sdata ref="[nexists]" set="mmlalias" code="02204">alias ISOAMSO nexist  </sdata>
<sdata ref="[ngeq]" set="mmlalias" code="02271">alias ISOAMSN nge  </sdata>
<sdata ref="[ngeqq]" set="mmlalias" code="02A7E;00338">alias ISOAMSN ngE  </sdata>
<sdata ref="[ngeqslant]" set="mmlalias" code="02A7E;00338">alias ISOAMSN nges  </sdata>
<sdata ref="[ngtr]" set="mmlalias" code="0226F">alias ISOAMSN ngt  </sdata>
<sdata ref="[nleftarrow]" set="mmlalias" code="0219A">alias ISOAMSA nlarr  </sdata>
<sdata ref="[nLeftarrow]" set="mmlalias" code="021CD">alias ISOAMSA nlArr  </sdata>
<sdata ref="[nleftrightarrow]" set="mmlalias" code="021AE">alias ISOAMSA nharr  </sdata>
<sdata ref="[nLeftrightarrow]" set="mmlalias" code="021CE">alias ISOAMSA nhArr  </sdata>
<sdata ref="[nleq]" set="mmlalias" code="02270">alias ISOAMSN nle  </sdata>
<sdata ref="[nleqq]" set="mmlalias" code="02A7D;00338">alias ISOAMSN nlE  </sdata>
<sdata ref="[nleqslant]" set="mmlalias" code="02A7D;00338">alias ISOAMSN nles  </sdata>
<sdata ref="[nless]" set="mmlalias" code="0226E">alias ISOAMSN nlt  </sdata>
<sdata ref="[NonBreakingSpace]" set="mmlalias" code="000A0">alias ISONUM nbsp  </sdata>
<sdata ref="[NotCongruent]" set="mmlalias" code="02262">alias ISOAMSN nequiv  </sdata>
<sdata ref="[NotDoubleVerticalBar]" set="mmlalias" code="02226">alias ISOAMSN npar  </sdata>
<sdata ref="[NotElement]" set="mmlalias" code="02209">alias ISOTECH notin  </sdata>
<sdata ref="[NotEqual]" set="mmlalias" code="02260">alias ISOTECH ne  </sdata>
<sdata ref="[NotEqualTilde]" set="mmlalias" code="02242;00338">alias for  &amp;nesim;  </sdata>
<sdata ref="[NotExists]" set="mmlalias" code="02204">alias ISOAMSO nexist  </sdata>
<sdata ref="[NotGreater]" set="mmlalias" code="0226F">alias ISOAMSN ngt  </sdata>
<sdata ref="[NotGreaterEqual]" set="mmlalias" code="02271">alias ISOAMSN nge  </sdata>
<sdata ref="[NotGreaterFullEqual]" set="mmlalias" code="02A7D;00338">alias ISOAMSN nlE  </sdata>
<sdata ref="[NotGreaterGreater]" set="mmlalias" code="0226B;00338;0FE00">alias ISOAMSN nGtv  </sdata>
<sdata ref="[NotGreaterLess]" set="mmlalias" code="02279">alias ISOAMSN ntvgl  </sdata>
<sdata ref="[NotGreaterSlantEqual]" set="mmlalias" code="02A7E;00338">alias ISOAMSN nges  </sdata>
<sdata ref="[NotGreaterTilde]" set="mmlalias" code="02275">alias ISOAMSN ngsim  </sdata>
<sdata ref="[NotHumpDownHump]" set="mmlalias" code="0224E;00338">alias for &amp;nbump;  </sdata>
<sdata ref="[NotLeftTriangle]" set="mmlalias" code="022EA">alias ISOAMSN nltri  </sdata>
<sdata ref="[NotLeftTriangleEqual]" set="mmlalias" code="022EC">alias ISOAMSN nltrie  </sdata>
<sdata ref="[NotLess]" set="mmlalias" code="0226E">alias ISOAMSN nlt  </sdata>
<sdata ref="[NotLessEqual]" set="mmlalias" code="02270">alias ISOAMSN nle  </sdata>
<sdata ref="[NotLessGreater]" set="mmlalias" code="02278">alias ISOAMSN ntvlg  </sdata>
<sdata ref="[NotLessLess]" set="mmlalias" code="0226A;00338;0FE00">alias ISOAMSN nLtv  </sdata>
<sdata ref="[NotLessSlantEqual]" set="mmlalias" code="02A7D;00338">alias ISOAMSN nles  </sdata>
<sdata ref="[NotLessTilde]" set="mmlalias" code="02274">alias ISOAMSN nlsim  </sdata>
<sdata ref="[NotPrecedes]" set="mmlalias" code="02280">alias ISOAMSN npr  </sdata>
<sdata ref="[NotPrecedesEqual]" set="mmlalias" code="02AAF">alias ISOAMSN npre  </sdata>
<sdata ref="[NotPrecedesSlantEqual]" set="mmlalias" code="022E0">alias ISOAMSN nprcue  </sdata>
<sdata ref="[NotReverseElement]" set="mmlalias" code="0220C">alias ISOTECH notniva  </sdata>
<sdata ref="[NotRightTriangle]" set="mmlalias" code="022EB">alias ISOAMSN nrtri  </sdata>
<sdata ref="[NotRightTriangleEqual]" set="mmlalias" code="022ED">alias ISOAMSN nrtrie  </sdata>
<sdata ref="[NotSquareSubsetEqual]" set="mmlalias" code="022E2">alias ISOAMSN nsqsube  </sdata>
<sdata ref="[NotSquareSupersetEqual]" set="mmlalias" code="022E3">alias ISOAMSN nsqsupe  </sdata>
<sdata ref="[NotSubset]" set="mmlalias" code="02284">alias ISOAMSN vnsub  </sdata>
<sdata ref="[NotSubsetEqual]" set="mmlalias" code="02288">alias ISOAMSN nsube  </sdata>
<sdata ref="[NotSucceeds]" set="mmlalias" code="02281">alias ISOAMSN nsc  </sdata>
<sdata ref="[NotSucceedsEqual]" set="mmlalias" code="02AB0;00338">alias ISOAMSN nsce  </sdata>
<sdata ref="[NotSucceedsSlantEqual]" set="mmlalias" code="022E1">alias ISOAMSN nsccue  </sdata>
<sdata ref="[NotSuperset]" set="mmlalias" code="02285">alias ISOAMSN vnsup  </sdata>
<sdata ref="[NotSupersetEqual]" set="mmlalias" code="02289">alias ISOAMSN nsupe  </sdata>
<sdata ref="[NotTilde]" set="mmlalias" code="02241">alias ISOAMSN nsim  </sdata>
<sdata ref="[NotTildeEqual]" set="mmlalias" code="02244">alias ISOAMSN nsime  </sdata>
<sdata ref="[NotTildeFullEqual]" set="mmlalias" code="02247">alias ISOAMSN ncong  </sdata>
<sdata ref="[NotTildeTilde]" set="mmlalias" code="02249">alias ISOAMSN nap  </sdata>
<sdata ref="[NotVerticalBar]" set="mmlalias" code="02224">alias ISOAMSN nmid  </sdata>
<sdata ref="[nparallel]" set="mmlalias" code="02226">alias ISOAMSN npar  </sdata>
<sdata ref="[nprec]" set="mmlalias" code="02280">alias ISOAMSN npr  </sdata>
<sdata ref="[npreceq]" set="mmlalias" code="02AAF">alias ISOAMSN npre  </sdata>
<sdata ref="[nrightarrow]" set="mmlalias" code="0219B">alias ISOAMSA nrarr  </sdata>
<sdata ref="[nRightarrow]" set="mmlalias" code="021CF">alias ISOAMSA nrArr  </sdata>
<sdata ref="[nshortmid]" set="mmlalias" code="02224;0FE00">alias ISOAMSN nsmid  </sdata>
<sdata ref="[nshortparallel]" set="mmlalias" code="02226;0FE00">alias ISOAMSN nspar  </sdata>
<sdata ref="[nsimeq]" set="mmlalias" code="02244">alias ISOAMSN nsime  </sdata>
<sdata ref="[nsubset]" set="mmlalias" code="02284">alias ISOAMSN vnsub  </sdata>
<sdata ref="[nsubseteq]" set="mmlalias" code="02288">alias ISOAMSN nsube  </sdata>
<sdata ref="[nsubseteqq]" set="mmlalias" code="02288">alias ISOAMSN nsubE  </sdata>
<sdata ref="[nsucc]" set="mmlalias" code="02281">alias ISOAMSN nsc  </sdata>
<sdata ref="[nsucceq]" set="mmlalias" code="02AB0;00338">alias ISOAMSN nsce  </sdata>
<sdata ref="[nsupset]" set="mmlalias" code="02285">alias ISOAMSN vnsup  </sdata>
<sdata ref="[nsupseteq]" set="mmlalias" code="02289">alias ISOAMSN nsupe  </sdata>
<sdata ref="[nsupseteqq]" set="mmlalias" code="02289">alias ISOAMSN nsupE  </sdata>
<sdata ref="[ntriangleleft]" set="mmlalias" code="022EA">alias ISOAMSN nltri  </sdata>
<sdata ref="[ntrianglelefteq]" set="mmlalias" code="022EC">alias ISOAMSN nltrie  </sdata>
<sdata ref="[ntriangleright]" set="mmlalias" code="022EB">alias ISOAMSN nrtri  </sdata>
<sdata ref="[ntrianglerighteq]" set="mmlalias" code="022ED">alias ISOAMSN nrtrie  </sdata>
<sdata ref="[nwarrow]" set="mmlalias" code="02196">alias ISOAMSA nwarr  </sdata>
<sdata ref="[oint]" set="mmlalias" code="0222E">alias ISOTECH conint  </sdata>
<sdata ref="[OpenCurlyDoubleQuote]" set="mmlalias" code="0201C">alias ISONUM ldquo  </sdata>
<sdata ref="[OpenCurlyQuote]" set="mmlalias" code="02018">alias ISONUM lsquo  </sdata>
<sdata ref="[orderof]" set="mmlalias" code="02134">alias ISOTECH order  </sdata>
<sdata ref="[parallel]" set="mmlalias" code="02225">alias ISOTECH par  </sdata>
<sdata ref="[PartialD]" set="mmlalias" code="02202">alias ISOTECH part  </sdata>
<sdata ref="[pitchfork]" set="mmlalias" code="022D4">alias ISOAMSR fork  </sdata>
<sdata ref="[PlusMinus]" set="mmlalias" code="000B1">alias ISONUM plusmn  </sdata>
<sdata ref="[pm]" set="mmlalias" code="000B1">alias ISONUM plusmn  </sdata>
<sdata ref="[Poincareplane]" set="mmlalias" code="0210C">the Poincare upper half-plane  </sdata>
<sdata ref="[prec]" set="mmlalias" code="0227A">alias ISOAMSR pr  </sdata>
<sdata ref="[precapprox]" set="mmlalias" code="0227E">alias ISOAMSR prap  </sdata>
<sdata ref="[preccurlyeq]" set="mmlalias" code="0227C">alias ISOAMSR prcue  </sdata>
<sdata ref="[Precedes]" set="mmlalias" code="0227A">alias ISOAMSR pr  </sdata>
<sdata ref="[PrecedesEqual]" set="mmlalias" code="02AAF">alias ISOAMSR pre  </sdata>
<sdata ref="[PrecedesSlantEqual]" set="mmlalias" code="0227C">alias ISOAMSR prcue  </sdata>
<sdata ref="[PrecedesTilde]" set="mmlalias" code="0227E">alias ISOAMSR prsim  </sdata>
<sdata ref="[preceq]" set="mmlalias" code="02AAF">alias ISOAMSR pre  </sdata>
<sdata ref="[precnapprox]" set="mmlalias" code="022E8">alias ISOAMSN prnap  </sdata>
<sdata ref="[precneqq]" set="mmlalias" code="02AB5">alias ISOAMSN prnE  </sdata>
<sdata ref="[precnsim]" set="mmlalias" code="022E8">alias ISOAMSN prnsim  </sdata>
<sdata ref="[precsim]" set="mmlalias" code="0227E">alias ISOAMSR prsim  </sdata>
<sdata ref="[primes]" set="mmlalias" code="02119">the prime natural numbers  </sdata>
<sdata ref="[Proportion]" set="mmlalias" code="02237">alias ISOAMSR Colon  </sdata>
<sdata ref="[Proportional]" set="mmlalias" code="0221D">alias ISOTECH prop  </sdata>
<sdata ref="[propto]" set="mmlalias" code="0221D">alias ISOTECH prop  </sdata>
<sdata ref="[quaternions]" set="mmlalias" code="0210D">the ring (skew field) of quaternions  </sdata>
<sdata ref="[questeq]" set="mmlalias" code="0225F">alias ISOAMSR equest  </sdata>
<sdata ref="[rangle]" set="mmlalias" code="0232A">alias ISOTECH rang  </sdata>
<sdata ref="[rationals]" set="mmlalias" code="0211A">the field of rational numbers  </sdata>
<sdata ref="[rbrace]" set="mmlalias" code="0007D">alias ISONUM rcub  </sdata>
<sdata ref="[rbrack]" set="mmlalias" code="0005D">alias ISONUM rsqb  </sdata>
<sdata ref="[Re]" set="mmlalias" code="0211C">alias ISOAMSO real  </sdata>
<sdata ref="[realine]" set="mmlalias" code="0211B">the geometric real line  </sdata>
<sdata ref="[realpart]" set="mmlalias" code="0211C">alias ISOAMSO real  </sdata>
<sdata ref="[reals]" set="mmlalias" code="0211D">the field of real numbers  </sdata>
<sdata ref="[ReverseElement]" set="mmlalias" code="0220B">alias ISOTECH niv  </sdata>
<sdata ref="[ReverseEquilibrium]" set="mmlalias" code="021CB">alias ISOAMSA lrhar  </sdata>
<sdata ref="[ReverseUpEquilibrium]" set="mmlalias" code="0296F">alias ISOAMSA duhar  </sdata>
<sdata ref="[RightAngleBracket]" set="mmlalias" code="0232A">alias ISOTECH rang  </sdata>
<sdata ref="[rightarrow]" set="mmlalias" code="02192">alias ISONUM rarr  </sdata>
<sdata ref="[Rightarrow]" set="mmlalias" code="021D2">alias ISOTECH rArr  </sdata>
<sdata ref="[RightArrow]" set="mmlalias" code="02192">alias ISONUM rarr  </sdata>
<sdata ref="[RightArrowBar]" set="mmlalias" code="021E5">alias for rarrb  </sdata>
<sdata ref="[RightArrowLeftArrow]" set="mmlalias" code="021C4">alias ISOAMSA rlarr  </sdata>
<sdata ref="[rightarrowtail]" set="mmlalias" code="021A3">alias ISOAMSA rarrtl  </sdata>
<sdata ref="[RightCeiling]" set="mmlalias" code="02309">alias ISOAMSC rceil  </sdata>
<sdata ref="[RightDoubleBracket]" set="mmlalias" code="0301B">right double bracket delimiter  </sdata>
<sdata ref="[RightDownVector]" set="mmlalias" code="021C2">alias ISOAMSA dharr  </sdata>
<sdata ref="[RightFloor]" set="mmlalias" code="0230B">alias ISOAMSC rfloor  </sdata>
<sdata ref="[rightharpoondown]" set="mmlalias" code="021C1">alias ISOAMSA rhard  </sdata>
<sdata ref="[rightharpoonup]" set="mmlalias" code="021C0">alias ISOAMSA rharu  </sdata>
<sdata ref="[rightleftarrows]" set="mmlalias" code="021C4">alias ISOAMSA rlarr  </sdata>
<sdata ref="[rightleftharpoons]" set="mmlalias" code="021CC">alias ISOAMSA rlhar  </sdata>
<sdata ref="[rightrightarrows]" set="mmlalias" code="021C9">alias ISOAMSA rrarr  </sdata>
<sdata ref="[rightsquigarrow]" set="mmlalias" code="0219D">alias ISOAMSA rarrw  </sdata>
<sdata ref="[RightTee]" set="mmlalias" code="022A2">alias ISOAMSR vdash  </sdata>
<sdata ref="[RightTeeArrow]" set="mmlalias" code="021A6">alias ISOAMSA map  </sdata>
<sdata ref="[rightthreetimes]" set="mmlalias" code="022CC">alias ISOAMSB rthree  </sdata>
<sdata ref="[RightTriangle]" set="mmlalias" code="022B3">alias ISOAMSR vrtri  </sdata>
<sdata ref="[RightTriangleEqual]" set="mmlalias" code="022B5">alias ISOAMSR rtrie  </sdata>
<sdata ref="[RightUpVector]" set="mmlalias" code="021BE">alias ISOAMSA uharr  </sdata>
<sdata ref="[RightVector]" set="mmlalias" code="021C0">alias ISOAMSA rharu  </sdata>
<sdata ref="[risingdotseq]" set="mmlalias" code="02253">alias ISOAMSR erDot  </sdata>
<sdata ref="[rmoustache]" set="mmlalias" code="023B1">alias ISOAMSC rmoust  </sdata>
<sdata ref="[Rrightarrow]" set="mmlalias" code="021DB">alias ISOAMSA rAarr  </sdata>
<sdata ref="[Rsh]" set="mmlalias" code="021B1">alias ISOAMSA rsh  </sdata>
<sdata ref="[searrow]" set="mmlalias" code="02198">alias ISOAMSA searr  </sdata>
<sdata ref="[setminus]" set="mmlalias" code="02216">alias ISOAMSB setmn  </sdata>
<sdata ref="[ShortLeftArrow]" set="mmlalias" code="02190;0FE00">alias ISOAMSA slarr  </sdata>
<sdata ref="[shortmid]" set="mmlalias" code="02223;0FE00">alias ISOAMSR smid  </sdata>
<sdata ref="[shortparallel]" set="mmlalias" code="02225;0FE00">alias ISOAMSR spar  </sdata>
<sdata ref="[ShortRightArrow]" set="mmlalias" code="02192;0FE00">alias ISOAMSA srarr  </sdata>
<sdata ref="[simeq]" set="mmlalias" code="02243">alias ISOTECH sime  </sdata>
<sdata ref="[SmallCircle]" set="mmlalias" code="02218">alias ISOTECH compfn  </sdata>
<sdata ref="[smallsetminus]" set="mmlalias" code="02216;0FE00">alias ISOAMSB ssetmn  </sdata>
<sdata ref="[spadesuit]" set="mmlalias" code="02660">ISOPUB    spades   </sdata>
<sdata ref="[Sqrt]" set="mmlalias" code="0221A">alias ISOTECH radic  </sdata>
<sdata ref="[sqsubset]" set="mmlalias" code="0228F">alias ISOAMSR sqsub  </sdata>
<sdata ref="[sqsubseteq]" set="mmlalias" code="02291">alias ISOAMSR sqsube  </sdata>
<sdata ref="[sqsupset]" set="mmlalias" code="02290">alias ISOAMSR sqsup  </sdata>
<sdata ref="[sqsupseteq]" set="mmlalias" code="02292">alias ISOAMSR sqsupe  </sdata>
<sdata ref="[Square]" set="mmlalias" code="025A1">alias for square  </sdata>
<sdata ref="[SquareIntersection]" set="mmlalias" code="02293">alias ISOAMSB sqcap  </sdata>
<sdata ref="[SquareSubset]" set="mmlalias" code="0228F">alias ISOAMSR sqsub  </sdata>
<sdata ref="[SquareSubsetEqual]" set="mmlalias" code="02291">alias ISOAMSR sqsube  </sdata>
<sdata ref="[SquareSuperset]" set="mmlalias" code="02290">alias ISOAMSR sqsup  </sdata>
<sdata ref="[SquareSupersetEqual]" set="mmlalias" code="02292">alias ISOAMSR sqsupe  </sdata>
<sdata ref="[SquareUnion]" set="mmlalias" code="02294">alias ISOAMSB sqcup  </sdata>
<sdata ref="[Star]" set="mmlalias" code="022C6">alias ISOAMSB sstarf  </sdata>
<sdata ref="[straightepsilon]" set="mmlalias" code="003B5">alias ISOGRK3 epsi  </sdata>
<sdata ref="[straightphi]" set="mmlalias" code="003D5">alias ISOGRK3 phi  </sdata>
<sdata ref="[subset]" set="mmlalias" code="02282">alias ISOTECH sub  </sdata>
<sdata ref="[Subset]" set="mmlalias" code="022D0">alias ISOAMSR Sub  </sdata>
<sdata ref="[subseteq]" set="mmlalias" code="02286">alias ISOTECH sube  </sdata>
<sdata ref="[subseteqq]" set="mmlalias" code="02286">alias ISOAMSR subE  </sdata>
<sdata ref="[SubsetEqual]" set="mmlalias" code="02286">alias ISOTECH sube  </sdata>
<sdata ref="[subsetneq]" set="mmlalias" code="0228A">alias ISOAMSN subne  </sdata>
<sdata ref="[subsetneqq]" set="mmlalias" code="0228A">alias ISOAMSN subnE  </sdata>
<sdata ref="[succ]" set="mmlalias" code="0227B">alias ISOAMSR sc  </sdata>
<sdata ref="[succapprox]" set="mmlalias" code="0227F">alias ISOAMSR scap  </sdata>
<sdata ref="[succcurlyeq]" set="mmlalias" code="0227D">alias ISOAMSR sccue  </sdata>
<sdata ref="[Succeeds]" set="mmlalias" code="0227B">alias ISOAMSR sc  </sdata>
<sdata ref="[SucceedsEqual]" set="mmlalias" code="0227D">alias ISOAMSR sce  </sdata>
<sdata ref="[SucceedsSlantEqual]" set="mmlalias" code="0227D">alias ISOAMSR sccue  </sdata>
<sdata ref="[SucceedsTilde]" set="mmlalias" code="0227F">alias ISOAMSR scsim  </sdata>
<sdata ref="[succeq]" set="mmlalias" code="0227D">alias ISOAMSR sce  </sdata>
<sdata ref="[succnapprox]" set="mmlalias" code="022E9">alias ISOAMSN scnap  </sdata>
<sdata ref="[succneqq]" set="mmlalias" code="02AB6">alias ISOAMSN scnE  </sdata>
<sdata ref="[succnsim]" set="mmlalias" code="022E9">alias ISOAMSN scnsim  </sdata>
<sdata ref="[succsim]" set="mmlalias" code="0227F">alias ISOAMSR scsim  </sdata>
<sdata ref="[SuchThat]" set="mmlalias" code="0220B">ISOTECH  ni  </sdata>
<sdata ref="[Sum]" set="mmlalias" code="02211">alias ISOAMSB sum  </sdata>
<sdata ref="[Superset]" set="mmlalias" code="02283">alias ISOTECH sup  </sdata>
<sdata ref="[SupersetEqual]" set="mmlalias" code="02287">alias ISOTECH supe  </sdata>
<sdata ref="[supset]" set="mmlalias" code="02283">alias ISOTECH sup  </sdata>
<sdata ref="[Supset]" set="mmlalias" code="022D1">alias ISOAMSR Sup  </sdata>
<sdata ref="[supseteq]" set="mmlalias" code="02287">alias ISOTECH supe  </sdata>
<sdata ref="[supseteqq]" set="mmlalias" code="02287">alias ISOAMSR supE  </sdata>
<sdata ref="[supsetneq]" set="mmlalias" code="0228B">alias ISOAMSN supne  </sdata>
<sdata ref="[supsetneqq]" set="mmlalias" code="0228B">alias ISOAMSN supnE  </sdata>
<sdata ref="[swarrow]" set="mmlalias" code="02199">alias ISOAMSA swarr  </sdata>
<sdata ref="[therefore]" set="mmlalias" code="02234">alias ISOTECH there4  </sdata>
<sdata ref="[Therefore]" set="mmlalias" code="02234">alias ISOTECH there4  </sdata>
<sdata ref="[thickapprox]" set="mmlalias" code="02248;0FE00">ISOAMSR   thkap   </sdata>
<sdata ref="[thicksim]" set="mmlalias" code="0223C;0FE00">ISOAMSR   thksim  </sdata>
<sdata ref="[ThinSpace]" set="mmlalias" code="02009">space of width 3/18 em alias ISOPUB thinsp  </sdata>
<sdata ref="[Tilde]" set="mmlalias" code="0223C">alias ISOTECH sim  </sdata>
<sdata ref="[TildeEqual]" set="mmlalias" code="02243">alias ISOTECH sime  </sdata>
<sdata ref="[TildeFullEqual]" set="mmlalias" code="02245">alias ISOTECH cong  </sdata>
<sdata ref="[TildeTilde]" set="mmlalias" code="02248">alias ISOTECH ap  </sdata>
<sdata ref="[toea]" set="mmlalias" code="02928">alias ISOAMSA nesear  </sdata>
<sdata ref="[tosa]" set="mmlalias" code="02929">alias ISOAMSA seswar  </sdata>
<sdata ref="[triangle]" set="mmlalias" code="025B5">alias ISOPUB utri  </sdata>
<sdata ref="[triangledown]" set="mmlalias" code="025BF">alias ISOPUB dtri  </sdata>
<sdata ref="[triangleleft]" set="mmlalias" code="025C3">alias ISOPUB ltri  </sdata>
<sdata ref="[trianglelefteq]" set="mmlalias" code="022B4">alias ISOAMSR ltrie  </sdata>
<sdata ref="[triangleq]" set="mmlalias" code="0225C">alias ISOAMSR trie  </sdata>
<sdata ref="[triangleright]" set="mmlalias" code="025B9">alias ISOPUB rtri  </sdata>
<sdata ref="[trianglerighteq]" set="mmlalias" code="022B5">alias ISOAMSR rtrie  </sdata>
<sdata ref="[TripleDot]" set="mmlalias" code="020DB">alias ISOTECH tdot  </sdata>
<sdata ref="[twoheadleftarrow]" set="mmlalias" code="0219E">alias ISOAMSA Larr  </sdata>
<sdata ref="[twoheadrightarrow]" set="mmlalias" code="021A0">alias ISOAMSA Rarr  </sdata>
<sdata ref="[ulcorner]" set="mmlalias" code="0231C">alias ISOAMSC ulcorn  </sdata>
<sdata ref="[Union]" set="mmlalias" code="022C3">alias ISOAMSB xcup  </sdata>
<sdata ref="[UnionPlus]" set="mmlalias" code="0228E">alias ISOAMSB uplus  </sdata>
<sdata ref="[uparrow]" set="mmlalias" code="02191">alias ISONUM uarr  </sdata>
<sdata ref="[Uparrow]" set="mmlalias" code="021D1">alias ISOAMSA uArr  </sdata>
<sdata ref="[UpArrow]" set="mmlalias" code="02191">alias ISONUM uarr  </sdata>
<sdata ref="[UpArrowDownArrow]" set="mmlalias" code="021C5">alias ISOAMSA udarr  </sdata>
<sdata ref="[updownarrow]" set="mmlalias" code="02195">alias ISOAMSA varr  </sdata>
<sdata ref="[Updownarrow]" set="mmlalias" code="021D5">alias ISOAMSA vArr  </sdata>
<sdata ref="[UpDownArrow]" set="mmlalias" code="02195">alias ISOAMSA varr  </sdata>
<sdata ref="[UpEquilibrium]" set="mmlalias" code="0296E">alias ISOAMSA udhar  </sdata>
<sdata ref="[upharpoonleft]" set="mmlalias" code="021BF">alias ISOAMSA uharl  </sdata>
<sdata ref="[upharpoonright]" set="mmlalias" code="021BE">alias ISOAMSA uharr  </sdata>
<sdata ref="[UpperLeftArrow]" set="mmlalias" code="02196">alias ISOAMSA nwarr  </sdata>
<sdata ref="[UpperRightArrow]" set="mmlalias" code="02197">alias ISOAMSA nearr  </sdata>
<sdata ref="[upsilon]" set="mmlalias" code="003C5">alias ISOGRK3 upsi  </sdata>
<sdata ref="[Upsilon]" set="mmlalias" code="003D2">alias ISOGRK3 Upsi  </sdata>
<sdata ref="[UpTee]" set="mmlalias" code="022A5">alias ISOTECH perp  </sdata>
<sdata ref="[UpTeeArrow]" set="mmlalias" code="021A5">Alias mapstoup  </sdata>
<sdata ref="[upuparrows]" set="mmlalias" code="021C8">alias ISOAMSA uuarr  </sdata>
<sdata ref="[urcorner]" set="mmlalias" code="0231D">alias ISOAMSC urcorn  </sdata>
<sdata ref="[varepsilon]" set="mmlalias" code="0025B">alias ISOGRK3 epsiv  </sdata>
<sdata ref="[varkappa]" set="mmlalias" code="003F0">alias ISOGRK3 kappav  </sdata>
<sdata ref="[varnothing]" set="mmlalias" code="02205">alias ISOAMSO emptyv  </sdata>
<sdata ref="[varphi]" set="mmlalias" code="003C6">alias ISOGRK3 phiv  </sdata>
<sdata ref="[varpi]" set="mmlalias" code="003D6">alias ISOGRK3 piv  </sdata>
<sdata ref="[varpropto]" set="mmlalias" code="0221D">alias ISOAMSR vprop  </sdata>
<sdata ref="[varrho]" set="mmlalias" code="003F1">alias ISOGRK3 rhov  </sdata>
<sdata ref="[varsigma]" set="mmlalias" code="003C2">alias ISOGRK3 sigmav  </sdata>
<sdata ref="[varsubsetneq]" set="mmlalias" code="0228A;0FE00">alias ISOAMSN vsubne  </sdata>
<sdata ref="[varsubsetneqq]" set="mmlalias" code="0228A;0FE00">alias ISOAMSN vsubnE  </sdata>
<sdata ref="[varsupsetneq]" set="mmlalias" code="0228B;0FE00">alias ISOAMSN vsupne  </sdata>
<sdata ref="[varsupsetneqq]" set="mmlalias" code="0228B;0FE00">alias ISOAMSN vsupnE  </sdata>
<sdata ref="[vartheta]" set="mmlalias" code="003D1">alias ISOGRK3 thetav  </sdata>
<sdata ref="[vartriangleleft]" set="mmlalias" code="022B2">alias ISOAMSR vltri  </sdata>
<sdata ref="[vartriangleright]" set="mmlalias" code="022B3">alias ISOAMSR vrtri  </sdata>
<sdata ref="[vee]" set="mmlalias" code="02228">alias ISOTECH or  </sdata>
<sdata ref="[Vee]" set="mmlalias" code="022C1">alias ISOAMSB xvee  </sdata>
<sdata ref="[vert]" set="mmlalias" code="0007C">alias ISONUM verbar  </sdata>
<sdata ref="[Vert]" set="mmlalias" code="02016">alias ISOTECH Verbar  </sdata>
<sdata ref="[VerticalBar]" set="mmlalias" code="02223">alias ISOAMSR mid  </sdata>
<sdata ref="[VerticalTilde]" set="mmlalias" code="02240">alias ISOAMSB wreath  </sdata>
<sdata ref="[VeryThinSpace]" set="mmlalias" code="0200A">space of width 1/18 em alias ISOPUB hairsp  </sdata>
<sdata ref="[wedge]" set="mmlalias" code="02227">alias ISOTECH and  </sdata>
<sdata ref="[Wedge]" set="mmlalias" code="022C0">alias ISOAMSB xwedge  </sdata>
<sdata ref="[wp]" set="mmlalias" code="02118">alias ISOAMSO weierp  </sdata>
<sdata ref="[wr]" set="mmlalias" code="02240">alias ISOAMSB wreath  </sdata>
<sdata ref="[zeetrf]" set="mmlalias" code="02128">zee transform  </sdata>
<sdata ref="[ZeroWidthSpace]" set="mmlalias" code="0200B">zero width space  </sdata>
</sdatas>
