<!--
This information is taken from the entity file at:

  http://www.mathweb.org/cvsweb/cvsweb.cgi//omdoc/dtd/mathml/
-->
<sdatas>
<sdata ref="[af]" set="mmlextra" code="02061">character showing function application in presentation tagging  </sdata>
<sdata ref="[aopf]" set="mmlextra" code="1D552"></sdata>
<sdata ref="[bopf]" set="mmlextra" code="1D553"></sdata>
<sdata ref="[copf]" set="mmlextra" code="1D554"></sdata>
<sdata ref="[Cross]" set="mmlextra" code="02A2F">cross or vector product  </sdata>
<sdata ref="[dd]" set="mmlextra" code="02146">d for use in differentials, e.g., within integrals  </sdata>
<sdata ref="[DD]" set="mmlextra" code="02145">D for use in differentials, e.g., within integrals  </sdata>
<sdata ref="[dopf]" set="mmlextra" code="1D555"></sdata>
<sdata ref="[DownArrowBar]" set="mmlextra" code="02913">down arrow to bar  </sdata>
<sdata ref="[DownBreve]" set="mmlextra" code="00311">breve, inverted (non-spacing)  </sdata>
<sdata ref="[DownLeftRightVector]" set="mmlextra" code="02950">left-down-right-down harpoon  </sdata>
<sdata ref="[DownLeftTeeVector]" set="mmlextra" code="0295E">left-down harpoon from bar  </sdata>
<sdata ref="[DownLeftVectorBar]" set="mmlextra" code="02956">left-down harpoon to bar  </sdata>
<sdata ref="[DownRightTeeVector]" set="mmlextra" code="0295F">right-down harpoon from bar  </sdata>
<sdata ref="[DownRightVectorBar]" set="mmlextra" code="02957">right-down harpoon to bar  </sdata>
<sdata ref="[ee]" set="mmlextra" code="02147">e use for the exponential base of the natural logarithms  </sdata>
<sdata ref="[EmptySmallSquare]" set="mmlextra" code="025FB">empty small square  </sdata>
<sdata ref="[EmptyVerySmallSquare]" set="mmlextra" code="025AB">empty small square  </sdata>
<sdata ref="[eopf]" set="mmlextra" code="1D556"></sdata>
<sdata ref="[Equal]" set="mmlextra" code="02A75">two consecutive equal signs  </sdata>
<sdata ref="[FilledSmallSquare]" set="mmlextra" code="025FC">filled small square  </sdata>
<sdata ref="[FilledVerySmallSquare]" set="mmlextra" code="025AA">filled very small square  </sdata>
<sdata ref="[fopf]" set="mmlextra" code="1D557"></sdata>
<sdata ref="[gopf]" set="mmlextra" code="1D558"></sdata>
<sdata ref="[GreaterGreater]" set="mmlextra" code="02AA2">alias for GT  </sdata>
<sdata ref="[hopf]" set="mmlextra" code="1D559"></sdata>
<sdata ref="[HorizontalLine]" set="mmlextra" code="02500">short horizontal line   </sdata>
<sdata ref="[ic]" set="mmlextra" code="02063">short form of  &amp;InvisibleComma;  </sdata>
<sdata ref="[ii]" set="mmlextra" code="02148">i for use as a square root of -1  </sdata>
<sdata ref="[iopf]" set="mmlextra" code="1D55A"></sdata>
<sdata ref="[it]" set="mmlextra" code="02062">marks multiplication when it is understood without a mark  </sdata>
<sdata ref="[jopf]" set="mmlextra" code="1D55B"></sdata>
<sdata ref="[kopf]" set="mmlextra" code="1D55C"></sdata>
<sdata ref="[larrb]" set="mmlextra" code="021E4">leftwards arrow to bar  </sdata>
<sdata ref="[LeftDownTeeVector]" set="mmlextra" code="02961">down-left harpoon from bar  </sdata>
<sdata ref="[LeftDownVectorBar]" set="mmlextra" code="02959">down-left harpoon to bar  </sdata>
<sdata ref="[LeftRightVector]" set="mmlextra" code="0294E">left-up-right-up harpoon  </sdata>
<sdata ref="[LeftTeeVector]" set="mmlextra" code="0295A">left-up harpoon from bar  </sdata>
<sdata ref="[LeftTriangleBar]" set="mmlextra" code="029CF">not left triangle, vertical bar  </sdata>
<sdata ref="[LeftUpDownVector]" set="mmlextra" code="02951">up-left-down-left harpoon  </sdata>
<sdata ref="[LeftUpTeeVector]" set="mmlextra" code="02960">up-left harpoon from bar  </sdata>
<sdata ref="[LeftUpVectorBar]" set="mmlextra" code="02958">up-left harpoon to bar  </sdata>
<sdata ref="[LeftVectorBar]" set="mmlextra" code="02952">left-up harpoon to bar  </sdata>
<sdata ref="[LessLess]" set="mmlextra" code="02AA1">alias for Lt  </sdata>
<sdata ref="[lopf]" set="mmlextra" code="1D55D"></sdata>
<sdata ref="[mapstodown]" set="mmlextra" code="021A7">downwards arrow from bar  </sdata>
<sdata ref="[mapstoleft]" set="mmlextra" code="021A4">leftwards arrow from bar  </sdata>
<sdata ref="[mapstoup]" set="mmlextra" code="021A5">upwards arrow from bar  </sdata>
<sdata ref="[MediumSpace]" set="mmlextra" code="0205F">space of width 4/18 em  </sdata>
<sdata ref="[mopf]" set="mmlextra" code="1D55E"></sdata>
<sdata ref="[nbump]" set="mmlextra" code="0224E;00338">not bumpy equals  </sdata>
<sdata ref="[nbumpe]" set="mmlextra" code="0224F;00338">not bumpy single equals  </sdata>
<sdata ref="[NegativeMediumSpace]" set="mmlextra" code="0205F;0FE00">space of width -4/18 em  </sdata>
<sdata ref="[NegativeThickSpace]" set="mmlextra" code="02005;0FE00">space of width -5/18 em  </sdata>
<sdata ref="[NegativeThinSpace]" set="mmlextra" code="02009;0FE00">space of width -3/18 em  </sdata>
<sdata ref="[NegativeVeryThinSpace]" set="mmlextra" code="0200A;0FE00">space of width -1/18 em  </sdata>
<sdata ref="[nesim]" set="mmlextra" code="02242;00338">not equal or similar  </sdata>
<sdata ref="[NewLine]" set="mmlextra" code="0000A">force a line break; line feed  </sdata>
<sdata ref="[NoBreak]" set="mmlextra" code="0FEFF">never break line here  </sdata>
<sdata ref="[nopf]" set="mmlextra" code="1D55F"></sdata>
<sdata ref="[NotCupCap]" set="mmlextra" code="0226D">alias for &amp;nasymp;  </sdata>
<sdata ref="[NotHumpEqual]" set="mmlextra" code="0224F;00338">alias for &amp;nbumpe;  </sdata>
<sdata ref="[NotLeftTriangleBar]" set="mmlextra" code="029CF;00338">not left triangle, vertical bar  </sdata>
<sdata ref="[NotNestedGreaterGreater]" set="mmlextra" code="024A2;00338">not double greater-than sign  </sdata>
<sdata ref="[NotNestedLessLess]" set="mmlextra" code="024A1;00338">not double less-than sign  </sdata>
<sdata ref="[NotRightTriangleBar]" set="mmlextra" code="029D0;00338">not vertical bar, right triangle  </sdata>
<sdata ref="[NotSquareSubset]" set="mmlextra" code="0228F;00338">square not subset  </sdata>
<sdata ref="[NotSquareSuperset]" set="mmlextra" code="02290;00338">negated set-like partial order operator  </sdata>
<sdata ref="[NotSucceedsTilde]" set="mmlextra" code="0227F;00338">not succeeds or similar  </sdata>
<sdata ref="[oopf]" set="mmlextra" code="1D560"></sdata>
<sdata ref="[OverBar]" set="mmlextra" code="000AF">over bar  </sdata>
<sdata ref="[OverBrace]" set="mmlextra" code="0FE37">over brace   </sdata>
<sdata ref="[OverBracket]" set="mmlextra" code="023B4">over bracket  </sdata>
<sdata ref="[OverParenthesis]" set="mmlextra" code="0FE35">over parenthesis  </sdata>
<sdata ref="[planckh]" set="mmlextra" code="0210E">the ring (skew field) of quaternions  </sdata>
<sdata ref="[popf]" set="mmlextra" code="1D561"></sdata>
<sdata ref="[Product]" set="mmlextra" code="0220F">alias for &amp;prod  </sdata>
<sdata ref="[qopf]" set="mmlextra" code="1D562"></sdata>
<sdata ref="[rarrb]" set="mmlextra" code="021E5">leftwards arrow to bar  </sdata>
<sdata ref="[RightDownTeeVector]" set="mmlextra" code="0295D">down-right harpoon from bar  </sdata>
<sdata ref="[RightDownVectorBar]" set="mmlextra" code="02955">down-right harpoon to bar  </sdata>
<sdata ref="[RightTeeVector]" set="mmlextra" code="0295B">right-up harpoon from bar  </sdata>
<sdata ref="[RightTriangleBar]" set="mmlextra" code="029D0">vertical bar, right triangle  </sdata>
<sdata ref="[RightUpDownVector]" set="mmlextra" code="0294F">up-right-down-right harpoon  </sdata>
<sdata ref="[RightUpTeeVector]" set="mmlextra" code="0295C">up-right harpoon from bar  </sdata>
<sdata ref="[RightUpVectorBar]" set="mmlextra" code="02954">up-right harpoon to bar  </sdata>
<sdata ref="[RightVectorBar]" set="mmlextra" code="02953">up-right harpoon to bar  </sdata>
<sdata ref="[ropf]" set="mmlextra" code="1D563"></sdata>
<sdata ref="[RoundImplies]" set="mmlextra" code="02970">round implies  </sdata>
<sdata ref="[RuleDelayed]" set="mmlextra" code="029F4">rule-delayed (colon right arrow)  </sdata>
<sdata ref="[ShortDownArrow]" set="mmlextra" code="02304;0FE00">short down arrow  </sdata>
<sdata ref="[ShortUpArrow]" set="mmlextra" code="02303;0FE00">short up arrow   </sdata>
<sdata ref="[sopf]" set="mmlextra" code="1D564"></sdata>
<sdata ref="[Tab]" set="mmlextra" code="00009">tabulator stop; horizontal tabulation  </sdata>
<sdata ref="[ThickSpace]" set="mmlextra" code="02009;0200A;0200A">space of width 5/18 em  </sdata>
<sdata ref="[topf]" set="mmlextra" code="1D565"></sdata>
<sdata ref="[UnderBar]" set="mmlextra" code="00332">combining low line  </sdata>
<sdata ref="[UnderBrace]" set="mmlextra" code="0FE38">under brace   </sdata>
<sdata ref="[UnderBracket]" set="mmlextra" code="023B5">under bracket  </sdata>
<sdata ref="[UnderParenthesis]" set="mmlextra" code="0FE36">under parenthesis  </sdata>
<sdata ref="[uopf]" set="mmlextra" code="1D566"></sdata>
<sdata ref="[UpArrowBar]" set="mmlextra" code="02912">up arrow to bar  </sdata>
<sdata ref="[VerticalLine]" set="mmlextra" code="0007C">alias ISONUM verbar  </sdata>
<sdata ref="[VerticalSeparator]" set="mmlextra" code="02758">vertical separating operator  </sdata>
<sdata ref="[vopf]" set="mmlextra" code="1D567"></sdata>
<sdata ref="[wopf]" set="mmlextra" code="1D568"></sdata>
<sdata ref="[xopf]" set="mmlextra" code="1D569"></sdata>
<sdata ref="[yopf]" set="mmlextra" code="1D56A"></sdata>
<sdata ref="[zopf]" set="mmlextra" code="1D56B"></sdata>
</sdatas>
