<!--
This file is created from:
 
   ftp://ftp.unicode.org/Public/MAPPINGS/VENDORS/MISC/SGML.TXT
-->
<sdatas>
<!-- Author: John Cowan <cowan@ccil.org>-->
<!-- Date: 25 July 1997-->
<!---->
<!-- The following table maps SGML character entities from various-->
<!-- public sets (namely, ISOamsa, ISOamsb, ISOamsc, ISOamsn, ISOamso,-->
<!-- ISOamsr, ISObox, ISOcyr1, ISOcyr2, ISOdia, ISOgrk1, ISOgrk2,-->
<!-- ISOgrk3, ISOgrk4, ISOlat1, ISOlat2, ISOnum, ISOpub, ISOtech,-->
<!-- HTMLspecial, HTMLsymbol) to corresponding Unicode characters.-->
<!---->
<!-- The table has four tab-separated columns:-->
<!--	Column 1: SGML character entity name-->
<!--	Column 2: SGML public entity set-->
<!--	Column 3: Unicode 2.0 character code-->
<!--	Column 4: Unicode 2.0 character name (UPPER CASE)-->
<!-- Entries which don't have Unicode equivalents have "0x????"-->
<!-- in Column 3 and a lower case description (from the public entity-->
<!-- set DTD) in Column 4.  The mapping is not reversible, because many-->
<!-- distinctions are unified away in Unicode, particularly between-->
<!-- mathematical symbols.-->
<!---->
<!-- The table is sorted case-blind by SGML character entity name.-->
<!---->
<!-- The contents of this table are drawn from various sources, and-->
<!-- are in the public domain.-->
<!---->
<sdata ref="[Aacgr]" set="ISOgrk2" code="0386">GREEK CAPITAL LETTER ALPHA WITH TONOS</sdata>
<sdata ref="[aacgr]" set="ISOgrk2" code="03AC">GREEK SMALL LETTER ALPHA WITH TONOS</sdata>
<sdata ref="[Aacute]" set="ISOlat1" code="00C1">LATIN CAPITAL LETTER A WITH ACUTE</sdata>
<sdata ref="[aacute]" set="ISOlat1" code="00E1">LATIN SMALL LETTER A WITH ACUTE</sdata>
<sdata ref="[Abreve]" set="ISOlat2" code="0102">LATIN CAPITAL LETTER A WITH BREVE</sdata>
<sdata ref="[abreve]" set="ISOlat2" code="0103">LATIN SMALL LETTER A WITH BREVE</sdata>
<sdata ref="[Acirc]" set="ISOlat1" code="00C2">LATIN CAPITAL LETTER A WITH CIRCUMFLEX</sdata>
<sdata ref="[acirc]" set="ISOlat1" code="00E2">LATIN SMALL LETTER A WITH CIRCUMFLEX</sdata>
<sdata ref="[acute]" set="ISOdia" code="00B4">ACUTE ACCENT</sdata>
<sdata ref="[Acy]" set="ISOcyr1" code="0410">CYRILLIC CAPITAL LETTER A</sdata>
<sdata ref="[acy]" set="ISOcyr1" code="0430">CYRILLIC SMALL LETTER A</sdata>
<sdata ref="[AElig]" set="ISOlat1" code="00C6">LATIN CAPITAL LETTER AE</sdata>
<sdata ref="[aelig]" set="ISOlat1" code="00E6">LATIN SMALL LETTER AE</sdata>
<sdata ref="[Agr]" set="ISOgrk1" code="0391">GREEK CAPITAL LETTER ALPHA</sdata>
<sdata ref="[agr]" set="ISOgrk1" code="03B1">GREEK SMALL LETTER ALPHA</sdata>
<sdata ref="[Agrave]" set="ISOlat1" code="00C0">LATIN CAPITAL LETTER A WITH GRAVE</sdata>
<sdata ref="[agrave]" set="ISOlat1" code="00E0">LATIN SMALL LETTER A WITH GRAVE</sdata>
<sdata ref="[alefsym]" set="HTMLsymbol" code="2135">ALEF SYMBOL</sdata>
<sdata ref="[aleph]" set="ISOtech" code="2135">ALEF SYMBOL</sdata>
<sdata ref="[Alpha]" set="HTMLsymbol" code="0391">GREEK CAPITAL LETTER ALPHA</sdata>
<sdata ref="[alpha]" set="ISOgrk3" code="03B1">GREEK SMALL LETTER ALPHA</sdata>
<sdata ref="[Amacr]" set="ISOlat2" code="0100">LATIN CAPITAL LETTER A WITH MACRON</sdata>
<sdata ref="[amacr]" set="ISOlat2" code="0101">LATIN SMALL LETTER A WITH MACRON</sdata>
<sdata ref="[amalg]" set="ISOamsb" code="2210">N-ARY COPRODUCT</sdata>
<sdata ref="[amp]" set="ISOnum" code="0026">AMPERSAND</sdata>
<sdata ref="[and]" set="ISOtech" code="2227">LOGICAL AND</sdata>
<sdata ref="[ang]" set="ISOamso" code="2220">ANGLE</sdata>
<sdata ref="[ang90]" set="ISOtech" code="221F">RIGHT ANGLE</sdata>
<sdata ref="[angmsd]" set="ISOamso" code="2221">MEASURED ANGLE</sdata>
<sdata ref="[angsph]" set="ISOtech" code="2222">SPHERICAL ANGLE</sdata>
<sdata ref="[angst]" set="ISOtech" code="212B">ANGSTROM SIGN</sdata>
<sdata ref="[Aogon]" set="ISOlat2" code="0104">LATIN CAPITAL LETTER A WITH OGONEK</sdata>
<sdata ref="[aogon]" set="ISOlat2" code="0105">LATIN SMALL LETTER A WITH OGONEK</sdata>
<sdata ref="[ap]" set="ISOtech" code="2248">ALMOST EQUAL TO</sdata>
<sdata ref="[ape]" set="ISOamsr" code="224A">ALMOST EQUAL OR EQUAL TO</sdata>
<sdata ref="[apos]" set="ISOnum" code="02BC">MODIFIER LETTER APOSTROPHE</sdata>
<sdata ref="[Aring]" set="ISOlat1" code="00C5">LATIN CAPITAL LETTER A WITH RING ABOVE</sdata>
<sdata ref="[aring]" set="ISOlat1" code="00E5">LATIN SMALL LETTER A WITH RING ABOVE</sdata>
<sdata ref="[ast]" set="ISOnum" code="002A">ASTERISK</sdata>
<sdata ref="[asymp]" set="ISOamsr" code="2248">ALMOST EQUAL TO</sdata>
<sdata ref="[Atilde]" set="ISOlat1" code="00C3">LATIN CAPITAL LETTER A WITH TILDE</sdata>
<sdata ref="[atilde]" set="ISOlat1" code="00E3">LATIN SMALL LETTER A WITH TILDE</sdata>
<sdata ref="[Auml]" set="ISOlat1" code="00C4">LATIN CAPITAL LETTER A WITH DIAERESIS</sdata>
<sdata ref="[auml]" set="ISOlat1" code="00E4">LATIN SMALL LETTER A WITH DIAERESIS</sdata>
<sdata ref="[b.alpha]" set="ISOgrk4" code="03B1">GREEK SMALL LETTER ALPHA</sdata>
<sdata ref="[barwed]" set="ISOamsb" code="22BC">NAND</sdata>
<sdata ref="[Barwed]" set="ISOamsb" code="2306">PERSPECTIVE</sdata>
<sdata ref="[b.beta]" set="ISOgrk4" code="03B2">GREEK SMALL LETTER BETA</sdata>
<sdata ref="[b.chi]" set="ISOgrk4" code="03C7">GREEK SMALL LETTER CHI</sdata>
<sdata ref="[bcong]" set="ISOamsr" code="224C">ALL EQUAL TO</sdata>
<sdata ref="[Bcy]" set="ISOcyr1" code="0411">CYRILLIC CAPITAL LETTER BE</sdata>
<sdata ref="[bcy]" set="ISOcyr1" code="0431">CYRILLIC SMALL LETTER BE</sdata>
<sdata ref="[b.Delta]" set="ISOgrk4" code="0394">GREEK CAPITAL LETTER DELTA</sdata>
<sdata ref="[b.delta]" set="ISOgrk4" code="03B4">GREEK SMALL LETTER DELTA</sdata>
<sdata ref="[bdquo]" set="HTMLspecial" code="201E">DOUBLE LOW-9 QUOTATION MARK</sdata>
<sdata ref="[becaus]" set="ISOtech" code="2235">BECAUSE</sdata>
<sdata ref="[bepsi]" set="ISOamsr" code="220D">SMALL CONTAINS AS MEMBER</sdata>
<sdata ref="[b.epsi]" set="ISOgrk4" code="03B5">GREEK SMALL LETTER EPSILON</sdata>
<sdata ref="[b.epsis]" set="ISOgrk4" code="03B5">GREEK SMALL LETTER EPSILON</sdata>
<sdata ref="[b.epsiv]" set="ISOgrk4" code="03B5">GREEK SMALL LETTER EPSILON</sdata>
<sdata ref="[bernou]" set="ISOtech" code="212C">SCRIPT CAPITAL B</sdata>
<sdata ref="[Beta]" set="HTMLsymbol" code="0392">GREEK CAPITAL LETTER BETA</sdata>
<sdata ref="[beta]" set="ISOgrk3" code="03B2">GREEK SMALL LETTER BETA</sdata>
<sdata ref="[b.eta]" set="ISOgrk4" code="03B7">GREEK SMALL LETTER ETA</sdata>
<sdata ref="[beth]" set="ISOamso" code="2136">BET SYMBOL</sdata>
<sdata ref="[b.Gamma]" set="ISOgrk4" code="0393">GREEK CAPITAL LETTER GAMMA</sdata>
<sdata ref="[b.gamma]" set="ISOgrk4" code="03B3">GREEK SMALL LETTER GAMMA</sdata>
<sdata ref="[b.gammad]" set="ISOgrk4" code="03DC">GREEK LETTER DIGAMMA</sdata>
<sdata ref="[Bgr]" set="ISOgrk1" code="0392">GREEK CAPITAL LETTER BETA</sdata>
<sdata ref="[bgr]" set="ISOgrk1" code="03B2">GREEK SMALL LETTER BETA</sdata>
<sdata ref="[b.iota]" set="ISOgrk4" code="03B9">GREEK SMALL LETTER IOTA</sdata>
<sdata ref="[b.kappa]" set="ISOgrk4" code="03BA">GREEK SMALL LETTER KAPPA</sdata>
<sdata ref="[b.kappav]" set="ISOgrk4" code="03F0">GREEK KAPPA SYMBOL</sdata>
<sdata ref="[b.Lambda]" set="ISOgrk4" code="039B">GREEK CAPITAL LETTER LAMDA</sdata>
<sdata ref="[b.lambda]" set="ISOgrk4" code="03BB">GREEK SMALL LETTER LAMDA</sdata>
<sdata ref="[blank]" set="ISOpub" code="2423">OPEN BOX</sdata>
<sdata ref="[blk12]" set="ISOpub" code="2592">MEDIUM SHADE</sdata>
<sdata ref="[blk14]" set="ISOpub" code="2591">LIGHT SHADE</sdata>
<sdata ref="[blk34]" set="ISOpub" code="2593">DARK SHADE</sdata>
<sdata ref="[block]" set="ISOpub" code="2588">FULL BLOCK</sdata>
<sdata ref="[b.mu]" set="ISOgrk4" code="03BC">GREEK SMALL LETTER MU</sdata>
<sdata ref="[b.nu]" set="ISOgrk4" code="03BD">GREEK SMALL LETTER NU</sdata>
<sdata ref="[b.Omega]" set="ISOgrk4" code="03A9">GREEK CAPITAL LETTER OMEGA</sdata>
<sdata ref="[b.omega]" set="ISOgrk4" code="03CE">GREEK SMALL LETTER OMEGA WITH TONOS</sdata>
<sdata ref="[bottom]" set="ISOtech" code="22A5">UP TACK</sdata>
<sdata ref="[bowtie]" set="ISOamsr" code="22C8">BOWTIE</sdata>
<sdata ref="[boxdl]" set="ISObox" code="2510">BOX DRAWINGS LIGHT DOWN AND LEFT</sdata>
<sdata ref="[boxdL]" set="ISObox" code="2555">BOX DRAWINGS DOWN SINGLE AND LEFT DOUBLE</sdata>
<sdata ref="[boxDl]" set="ISObox" code="2556">BOX DRAWINGS DOWN DOUBLE AND LEFT SINGLE</sdata>
<sdata ref="[boxDL]" set="ISObox" code="2557">BOX DRAWINGS DOUBLE DOWN AND LEFT</sdata>
<sdata ref="[boxdr]" set="ISObox" code="250C">BOX DRAWINGS LIGHT DOWN AND RIGHT</sdata>
<sdata ref="[boxdR]" set="ISObox" code="2552">BOX DRAWINGS DOWN SINGLE AND RIGHT DOUBLE</sdata>
<sdata ref="[boxDr]" set="ISObox" code="2553">BOX DRAWINGS DOWN DOUBLE AND RIGHT SINGLE</sdata>
<sdata ref="[boxDR]" set="ISObox" code="2554">BOX DRAWINGS DOUBLE DOWN AND RIGHT</sdata>
<sdata ref="[boxh]" set="ISObox" code="2500">BOX DRAWINGS LIGHT HORIZONTAL</sdata>
<sdata ref="[boxH]" set="ISObox" code="2550">BOX DRAWINGS DOUBLE HORIZONTAL</sdata>
<sdata ref="[boxhd]" set="ISObox" code="252C">BOX DRAWINGS LIGHT DOWN AND HORIZONTAL</sdata>
<sdata ref="[boxHd]" set="ISObox" code="2564">BOX DRAWINGS DOWN SINGLE AND HORIZONTAL DOUBLE</sdata>
<sdata ref="[boxhD]" set="ISObox" code="2565">BOX DRAWINGS DOWN DOUBLE AND HORIZONTAL SINGLE</sdata>
<sdata ref="[boxHD]" set="ISObox" code="2566">BOX DRAWINGS DOUBLE DOWN AND HORIZONTAL</sdata>
<sdata ref="[boxhu]" set="ISObox" code="2534">BOX DRAWINGS LIGHT UP AND HORIZONTAL</sdata>
<sdata ref="[boxHu]" set="ISObox" code="2567">BOX DRAWINGS UP SINGLE AND HORIZONTAL DOUBLE</sdata>
<sdata ref="[boxhU]" set="ISObox" code="2568">BOX DRAWINGS UP DOUBLE AND HORIZONTAL SINGLE</sdata>
<sdata ref="[boxHU]" set="ISObox" code="2569">BOX DRAWINGS DOUBLE UP AND HORIZONTAL</sdata>
<sdata ref="[boxul]" set="ISObox" code="2518">BOX DRAWINGS LIGHT UP AND LEFT</sdata>
<sdata ref="[boxuL]" set="ISObox" code="255B">BOX DRAWINGS UP SINGLE AND LEFT DOUBLE</sdata>
<sdata ref="[boxUl]" set="ISObox" code="255C">BOX DRAWINGS UP DOUBLE AND LEFT SINGLE</sdata>
<sdata ref="[boxUL]" set="ISObox" code="255D">BOX DRAWINGS DOUBLE UP AND LEFT</sdata>
<sdata ref="[boxur]" set="ISObox" code="2514">BOX DRAWINGS LIGHT UP AND RIGHT</sdata>
<sdata ref="[boxuR]" set="ISObox" code="2558">BOX DRAWINGS UP SINGLE AND RIGHT DOUBLE</sdata>
<sdata ref="[boxUr]" set="ISObox" code="2559">BOX DRAWINGS UP DOUBLE AND RIGHT SINGLE</sdata>
<sdata ref="[boxUR]" set="ISObox" code="255A">BOX DRAWINGS DOUBLE UP AND RIGHT</sdata>
<sdata ref="[boxv]" set="ISObox" code="2502">BOX DRAWINGS LIGHT VERTICAL</sdata>
<sdata ref="[boxV]" set="ISObox" code="2551">BOX DRAWINGS DOUBLE VERTICAL</sdata>
<sdata ref="[boxvh]" set="ISObox" code="253C">BOX DRAWINGS LIGHT VERTICAL AND HORIZONTAL</sdata>
<sdata ref="[boxvH]" set="ISObox" code="256A">BOX DRAWINGS VERTICAL SINGLE AND HORIZONTAL DOUBLE</sdata>
<sdata ref="[boxVh]" set="ISObox" code="256B">BOX DRAWINGS VERTICAL DOUBLE AND HORIZONTAL SINGLE</sdata>
<sdata ref="[boxVH]" set="ISObox" code="256C">BOX DRAWINGS DOUBLE VERTICAL AND HORIZONTAL</sdata>
<sdata ref="[boxvl]" set="ISObox" code="2524">BOX DRAWINGS LIGHT VERTICAL AND LEFT</sdata>
<sdata ref="[boxvL]" set="ISObox" code="2561">BOX DRAWINGS VERTICAL SINGLE AND LEFT DOUBLE</sdata>
<sdata ref="[boxVl]" set="ISObox" code="2562">BOX DRAWINGS VERTICAL DOUBLE AND LEFT SINGLE</sdata>
<sdata ref="[boxVL]" set="ISObox" code="2563">BOX DRAWINGS DOUBLE VERTICAL AND LEFT</sdata>
<sdata ref="[boxvr]" set="ISObox" code="251C">BOX DRAWINGS LIGHT VERTICAL AND RIGHT</sdata>
<sdata ref="[boxvR]" set="ISObox" code="255E">BOX DRAWINGS VERTICAL SINGLE AND RIGHT DOUBLE</sdata>
<sdata ref="[boxVr]" set="ISObox" code="255F">BOX DRAWINGS VERTICAL DOUBLE AND RIGHT SINGLE</sdata>
<sdata ref="[boxVR]" set="ISObox" code="2560">BOX DRAWINGS DOUBLE VERTICAL AND RIGHT</sdata>
<sdata ref="[b.Phi]" set="ISOgrk4" code="03A6">GREEK CAPITAL LETTER PHI</sdata>
<sdata ref="[b.phis]" set="ISOgrk4" code="03C6">GREEK SMALL LETTER PHI</sdata>
<sdata ref="[b.phiv]" set="ISOgrk4" code="03D5">GREEK PHI SYMBOL</sdata>
<sdata ref="[b.Pi]" set="ISOgrk4" code="03A0">GREEK CAPITAL LETTER PI</sdata>
<sdata ref="[b.pi]" set="ISOgrk4" code="03C0">GREEK SMALL LETTER PI</sdata>
<sdata ref="[b.piv]" set="ISOgrk4" code="03D6">GREEK PI SYMBOL</sdata>
<sdata ref="[bprime]" set="ISOamso" code="2035">REVERSED PRIME</sdata>
<sdata ref="[b.Psi]" set="ISOgrk4" code="03A8">GREEK CAPITAL LETTER PSI</sdata>
<sdata ref="[b.psi]" set="ISOgrk4" code="03C8">GREEK SMALL LETTER PSI</sdata>
<sdata ref="[breve]" set="ISOdia" code="02D8">BREVE</sdata>
<sdata ref="[b.rho]" set="ISOgrk4" code="03C1">GREEK SMALL LETTER RHO</sdata>
<sdata ref="[b.rhov]" set="ISOgrk4" code="03F1">GREEK RHO SYMBOL</sdata>
<sdata ref="[brvbar]" set="ISOnum" code="00A6">BROKEN BAR</sdata>
<sdata ref="[b.Sigma]" set="ISOgrk4" code="03A3">GREEK CAPITAL LETTER SIGMA</sdata>
<sdata ref="[b.sigma]" set="ISOgrk4" code="03C3">GREEK SMALL LETTER SIGMA</sdata>
<sdata ref="[b.sigmav]" set="ISOgrk4" code="03C2">GREEK SMALL LETTER FINAL SIGMA</sdata>
<sdata ref="[bsim]" set="ISOamsr" code="223D">REVERSED TILDE</sdata>
<sdata ref="[bsime]" set="ISOamsr" code="22CD">REVERSED TILDE EQUALS</sdata>
<sdata ref="[bsol]" set="ISOnum" code="005C">REVERSE SOLIDUS</sdata>
<sdata ref="[b.tau]" set="ISOgrk4" code="03C4">GREEK SMALL LETTER TAU</sdata>
<sdata ref="[b.Theta]" set="ISOgrk4" code="0398">GREEK CAPITAL LETTER THETA</sdata>
<sdata ref="[b.thetas]" set="ISOgrk4" code="03B8">GREEK SMALL LETTER THETA</sdata>
<sdata ref="[b.thetav]" set="ISOgrk4" code="03D1">GREEK THETA SYMBOL</sdata>
<sdata ref="[bull]" set="ISOpub" code="2022">BULLET</sdata>
<sdata ref="[bump]" set="ISOamsr" code="224E">GEOMETRICALLY EQUIVALENT TO</sdata>
<sdata ref="[bumpe]" set="ISOamsr" code="224F">DIFFERENCE BETWEEN</sdata>
<sdata ref="[b.Upsi]" set="ISOgrk4" code="03A5">GREEK CAPITAL LETTER UPSILON</sdata>
<sdata ref="[b.upsi]" set="ISOgrk4" code="03C5">GREEK SMALL LETTER UPSILON</sdata>
<sdata ref="[b.Xi]" set="ISOgrk4" code="039E">GREEK CAPITAL LETTER XI</sdata>
<sdata ref="[b.xi]" set="ISOgrk4" code="03BE">GREEK SMALL LETTER XI</sdata>
<sdata ref="[b.zeta]" set="ISOgrk4" code="03B6">GREEK SMALL LETTER ZETA</sdata>
<sdata ref="[Cacute]" set="ISOlat2" code="0106">LATIN CAPITAL LETTER C WITH ACUTE</sdata>
<sdata ref="[cacute]" set="ISOlat2" code="0107">LATIN SMALL LETTER C WITH ACUTE</sdata>
<sdata ref="[Cap]" set="ISOamsb" code="22D2">DOUBLE INTERSECTION</sdata>
<sdata ref="[cap]" set="ISOtech" code="2229">INTERSECTION</sdata>
<sdata ref="[caret]" set="ISOpub" code="2041">CARET INSERTION POINT</sdata>
<sdata ref="[caron]" set="ISOdia" code="02C7">CARON</sdata>
<sdata ref="[Ccaron]" set="ISOlat2" code="010C">LATIN CAPITAL LETTER C WITH CARON</sdata>
<sdata ref="[ccaron]" set="ISOlat2" code="010D">LATIN SMALL LETTER C WITH CARON</sdata>
<sdata ref="[Ccedil]" set="ISOlat1" code="00C7">LATIN CAPITAL LETTER C WITH CEDILLA</sdata>
<sdata ref="[ccedil]" set="ISOlat1" code="00E7">LATIN SMALL LETTER C WITH CEDILLA</sdata>
<sdata ref="[Ccirc]" set="ISOlat2" code="0108">LATIN CAPITAL LETTER C WITH CIRCUMFLEX</sdata>
<sdata ref="[ccirc]" set="ISOlat2" code="0109">LATIN SMALL LETTER C WITH CIRCUMFLEX</sdata>
<sdata ref="[Cdot]" set="ISOlat2" code="010A">LATIN CAPITAL LETTER C WITH DOT ABOVE</sdata>
<sdata ref="[cdot]" set="ISOlat2" code="010B">LATIN SMALL LETTER C WITH DOT ABOVE</sdata>
<sdata ref="[cedil]" set="ISOdia" code="00B8">CEDILLA</sdata>
<sdata ref="[cent]" set="ISOnum" code="00A2">CENT SIGN</sdata>
<sdata ref="[CHcy]" set="ISOcyr1" code="0427">CYRILLIC CAPITAL LETTER CHE</sdata>
<sdata ref="[chcy]" set="ISOcyr1" code="0447">CYRILLIC SMALL LETTER CHE</sdata>
<sdata ref="[check]" set="ISOpub" code="2713">CHECK MARK</sdata>
<sdata ref="[Chi]" set="HTMLsymbol" code="03A7">GREEK CAPITAL LETTER CHI</sdata>
<sdata ref="[chi]" set="ISOgrk3" code="03C7">GREEK SMALL LETTER CHI</sdata>
<sdata ref="[cir]" set="ISOpub" code="25CB">WHITE CIRCLE</sdata>
<sdata ref="[circ]" set="ISOdia" code="02C6">MODIFIER LETTER CIRCUMFLEX ACCENT</sdata>
<sdata ref="[cire]" set="ISOamsr" code="2257">RING EQUAL TO</sdata>
<sdata ref="[clubs]" set="ISOpub" code="2663">BLACK CLUB SUIT</sdata>
<sdata ref="[colon]" set="ISOnum" code="003A">COLON</sdata>
<sdata ref="[colone]" set="ISOamsr" code="2254">COLON EQUALS</sdata>
<sdata ref="[comma]" set="ISOnum" code="002C">COMMA</sdata>
<sdata ref="[commat]" set="ISOnum" code="0040">COMMERCIAL AT</sdata>
<sdata ref="[comp]" set="ISOamso" code="2201">COMPLEMENT</sdata>
<sdata ref="[compfn]" set="ISOtech" code="2218">RING OPERATOR</sdata>
<sdata ref="[cong]" set="ISOtech" code="2245">APPROXIMATELY EQUAL TO</sdata>
<sdata ref="[conint]" set="ISOtech" code="222E">CONTOUR INTEGRAL</sdata>
<sdata ref="[coprod]" set="ISOamsb" code="2210">N-ARY COPRODUCT</sdata>
<sdata ref="[copy]" set="ISOnum" code="00A9">COPYRIGHT SIGN</sdata>
<sdata ref="[copysr]" set="ISOpub" code="2117">SOUND RECORDING COPYRIGHT</sdata>
<sdata ref="[crarr]" set="HTMLsymbol" code="21B5">DOWNWARDS ARROW WITH CORNER LEFTWARDS</sdata>
<sdata ref="[cross]" set="ISOpub" code="2717">BALLOT X</sdata>
<sdata ref="[cuepr]" set="ISOamsr" code="22DE">EQUAL TO OR PRECEDES</sdata>
<sdata ref="[cuesc]" set="ISOamsr" code="22DF">EQUAL TO OR SUCCEEDS</sdata>
<sdata ref="[cularr]" set="ISOamsa" code="21B6">ANTICLOCKWISE TOP SEMICIRCLE ARROW</sdata>
<sdata ref="[Cup]" set="ISOamsb" code="22D3">DOUBLE UNION</sdata>
<sdata ref="[cup]" set="ISOtech" code="222A">UNION</sdata>
<sdata ref="[cupre]" set="ISOamsr" code="227C">PRECEDES OR EQUAL TO</sdata>
<sdata ref="[curarr]" set="ISOamsa" code="21B7">CLOCKWISE TOP SEMICIRCLE ARROW</sdata>
<sdata ref="[curren]" set="ISOnum" code="00A4">CURRENCY SIGN</sdata>
<sdata ref="[cuvee]" set="ISOamsb" code="22CE">CURLY LOGICAL OR</sdata>
<sdata ref="[cuwed]" set="ISOamsb" code="22CF">CURLY LOGICAL AND</sdata>
<sdata ref="[dagger]" set="ISOpub" code="2020">DAGGER</sdata>
<sdata ref="[Dagger]" set="ISOpub" code="2021">DOUBLE DAGGER</sdata>
<sdata ref="[daleth]" set="ISOamso" code="2138">DALET SYMBOL</sdata>
<sdata ref="[dArr]" set="ISOamsa" code="21D3">DOWNWARDS DOUBLE ARROW</sdata>
<sdata ref="[darr]" set="ISOnum" code="2193">DOWNWARDS ARROW</sdata>
<sdata ref="[darr2]" set="ISOamsa" code="21CA">DOWNWARDS PAIRED ARROWS</sdata>
<sdata ref="[dash]" set="ISOpub" code="2010">HYPHEN</sdata>
<sdata ref="[dashv]" set="ISOamsr" code="22A3">LEFT TACK</sdata>
<sdata ref="[dblac]" set="ISOdia" code="02DD">DOUBLE ACUTE ACCENT</sdata>
<sdata ref="[Dcaron]" set="ISOlat2" code="010E">LATIN CAPITAL LETTER D WITH CARON</sdata>
<sdata ref="[dcaron]" set="ISOlat2" code="010F">LATIN SMALL LETTER D WITH CARON</sdata>
<sdata ref="[Dcy]" set="ISOcyr1" code="0414">CYRILLIC CAPITAL LETTER DE</sdata>
<sdata ref="[dcy]" set="ISOcyr1" code="0434">CYRILLIC SMALL LETTER DE</sdata>
<sdata ref="[deg]" set="ISOnum" code="00B0">DEGREE SIGN</sdata>
<sdata ref="[Delta]" set="ISOgrk3" code="0394">GREEK CAPITAL LETTER DELTA</sdata>
<sdata ref="[delta]" set="ISOgrk3" code="03B4">GREEK SMALL LETTER DELTA</sdata>
<sdata ref="[Dgr]" set="ISOgrk1" code="0394">GREEK CAPITAL LETTER DELTA</sdata>
<sdata ref="[dgr]" set="ISOgrk1" code="03B4">GREEK SMALL LETTER DELTA</sdata>
<sdata ref="[dharl]" set="ISOamsa" code="21C3">DOWNWARDS HARPOON WITH BARB LEFTWARDS</sdata>
<sdata ref="[dharr]" set="ISOamsa" code="21C2">DOWNWARDS HARPOON WITH BARB RIGHTWARDS</sdata>
<sdata ref="[diam]" set="ISOamsb" code="22C4">DIAMOND OPERATOR</sdata>
<sdata ref="[diams]" set="ISOpub" code="2666">BLACK DIAMOND SUIT</sdata>
<sdata ref="[die]" set="ISOdia" code="00A8">DIAERESIS</sdata>
<sdata ref="[divide]" set="ISOnum" code="00F7">DIVISION SIGN</sdata>
<sdata ref="[divonx]" set="ISOamsb" code="22C7">DIVISION TIMES</sdata>
<sdata ref="[DJcy]" set="ISOcyr2" code="0402">CYRILLIC CAPITAL LETTER DJE</sdata>
<sdata ref="[djcy]" set="ISOcyr2" code="0452">CYRILLIC SMALL LETTER DJE</sdata>
<sdata ref="[dlarr]" set="ISOamsa" code="2199">SOUTH WEST ARROW</sdata>
<sdata ref="[dlcorn]" set="ISOamsc" code="231E">BOTTOM LEFT CORNER</sdata>
<sdata ref="[dlcrop]" set="ISOpub" code="230D">BOTTOM LEFT CROP</sdata>
<sdata ref="[dollar]" set="ISOnum" code="0024">DOLLAR SIGN</sdata>
<sdata ref="[dot]" set="ISOdia" code="02D9">DOT ABOVE</sdata>
<sdata ref="[Dot]" set="ISOtech" code="00A8">DIAERESIS</sdata>
<sdata ref="[DotDot]" set="ISOtech" code="20DC">COMBINING FOUR DOTS ABOVE</sdata>
<sdata ref="[drarr]" set="ISOamsa" code="2198">SOUTH EAST ARROW</sdata>
<sdata ref="[drcorn]" set="ISOamsc" code="231F">BOTTOM RIGHT CORNER</sdata>
<sdata ref="[drcrop]" set="ISOpub" code="230C">BOTTOM RIGHT CROP</sdata>
<sdata ref="[DScy]" set="ISOcyr2" code="0405">CYRILLIC CAPITAL LETTER DZE</sdata>
<sdata ref="[dscy]" set="ISOcyr2" code="0455">CYRILLIC SMALL LETTER DZE</sdata>
<sdata ref="[Dstrok]" set="ISOlat2" code="0110">LATIN CAPITAL LETTER D WITH STROKE</sdata>
<sdata ref="[dstrok]" set="ISOlat2" code="0111">LATIN SMALL LETTER D WITH STROKE</sdata>
<sdata ref="[dtri]" set="ISOpub" code="25BF">WHITE DOWN-POINTING SMALL TRIANGLE</sdata>
<sdata ref="[dtrif]" set="ISOpub" code="25BE">BLACK DOWN-POINTING SMALL TRIANGLE</sdata>
<sdata ref="[DZcy]" set="ISOcyr2" code="040F">CYRILLIC CAPITAL LETTER DZHE</sdata>
<sdata ref="[dzcy]" set="ISOcyr2" code="045F">CYRILLIC SMALL LETTER DZHE</sdata>
<sdata ref="[Eacgr]" set="ISOgrk2" code="0388">GREEK CAPITAL LETTER EPSILON WITH TONOS</sdata>
<sdata ref="[eacgr]" set="ISOgrk2" code="03AD">GREEK SMALL LETTER EPSILON WITH TONOS</sdata>
<sdata ref="[Eacute]" set="ISOlat1" code="00C9">LATIN CAPITAL LETTER E WITH ACUTE</sdata>
<sdata ref="[eacute]" set="ISOlat1" code="00E9">LATIN SMALL LETTER E WITH ACUTE</sdata>
<sdata ref="[Ecaron]" set="ISOlat2" code="011A">LATIN CAPITAL LETTER E WITH CARON</sdata>
<sdata ref="[ecaron]" set="ISOlat2" code="011B">LATIN SMALL LETTER E WITH CARON</sdata>
<sdata ref="[ecir]" set="ISOamsr" code="2256">RING IN EQUAL TO</sdata>
<sdata ref="[Ecirc]" set="ISOlat1" code="00CA">LATIN CAPITAL LETTER E WITH CIRCUMFLEX</sdata>
<sdata ref="[ecirc]" set="ISOlat1" code="00EA">LATIN SMALL LETTER E WITH CIRCUMFLEX</sdata>
<sdata ref="[ecolon]" set="ISOamsr" code="2255">EQUALS COLON</sdata>
<sdata ref="[Ecy]" set="ISOcyr1" code="042D">CYRILLIC CAPITAL LETTER E</sdata>
<sdata ref="[ecy]" set="ISOcyr1" code="044D">CYRILLIC SMALL LETTER E</sdata>
<sdata ref="[eDot]" set="ISOamsr" code="2251">GEOMETRICALLY EQUAL TO</sdata>
<sdata ref="[Edot]" set="ISOlat2" code="0116">LATIN CAPITAL LETTER E WITH DOT ABOVE</sdata>
<sdata ref="[edot]" set="ISOlat2" code="0117">LATIN SMALL LETTER E WITH DOT ABOVE</sdata>
<sdata ref="[EEacgr]" set="ISOgrk2" code="0389">GREEK CAPITAL LETTER ETA WITH TONOS</sdata>
<sdata ref="[eeacgr]" set="ISOgrk2" code="03AE">GREEK SMALL LETTER ETA WITH TONOS</sdata>
<sdata ref="[EEgr]" set="ISOgrk1" code="0397">GREEK CAPITAL LETTER ETA</sdata>
<sdata ref="[eegr]" set="ISOgrk1" code="03B7">GREEK SMALL LETTER ETA</sdata>
<sdata ref="[efDot]" set="ISOamsr" code="2252">APPROXIMATELY EQUAL TO OR THE IMAGE OF</sdata>
<sdata ref="[Egr]" set="ISOgrk1" code="0395">GREEK CAPITAL LETTER EPSILON</sdata>
<sdata ref="[egr]" set="ISOgrk1" code="03B5">GREEK SMALL LETTER EPSILON</sdata>
<sdata ref="[Egrave]" set="ISOlat1" code="00C8">LATIN CAPITAL LETTER E WITH GRAVE</sdata>
<sdata ref="[egrave]" set="ISOlat1" code="00E8">LATIN SMALL LETTER E WITH GRAVE</sdata>
<sdata ref="[egs]" set="ISOamsr" code="22DD">EQUAL TO OR GREATER-THAN</sdata>
<sdata ref="[ell]" set="ISOamso" code="2113">SCRIPT SMALL L</sdata>
<sdata ref="[els]" set="ISOamsr" code="22DC">EQUAL TO OR LESS-THAN</sdata>
<sdata ref="[Emacr]" set="ISOlat2" code="0112">LATIN CAPITAL LETTER E WITH MACRON</sdata>
<sdata ref="[emacr]" set="ISOlat2" code="0113">LATIN SMALL LETTER E WITH MACRON</sdata>
<sdata ref="[empty]" set="ISOamso" code="2205">EMPTY SET</sdata>
<sdata ref="[emsp]" set="ISOpub" code="2003">EM SPACE</sdata>
<sdata ref="[emsp13]" set="ISOpub" code="2004">THREE-PER-EM SPACE</sdata>
<sdata ref="[emsp14]" set="ISOpub" code="2005">FOUR-PER-EM SPACE</sdata>
<sdata ref="[ENG]" set="ISOlat2" code="014A">LATIN CAPITAL LETTER ENG</sdata>
<sdata ref="[eng]" set="ISOlat2" code="014B">LATIN SMALL LETTER ENG</sdata>
<sdata ref="[ensp]" set="ISOpub" code="2002">EN SPACE</sdata>
<sdata ref="[Eogon]" set="ISOlat2" code="0118">LATIN CAPITAL LETTER E WITH OGONEK</sdata>
<sdata ref="[eogon]" set="ISOlat2" code="0119">LATIN SMALL LETTER E WITH OGONEK</sdata>
<sdata ref="[epsi]" set="ISOgrk3" code="03B5">GREEK SMALL LETTER EPSILON</sdata>
<sdata ref="[Epsilon]" set="HTMLsymbol" code="0395">GREEK CAPITAL LETTER EPSILON</sdata>
<sdata ref="[epsilon]" set="HTMLsymbol" code="03B5">GREEK SMALL LETTER EPSILON</sdata>
<sdata ref="[epsis]" set="ISOgrk3" code="220A">SMALL ELEMENT OF</sdata>
<sdata ref="[equals]" set="ISOnum" code="003D">EQUALS SIGN</sdata>
<sdata ref="[equiv]" set="ISOtech" code="2261">IDENTICAL TO</sdata>
<sdata ref="[erDot]" set="ISOamsr" code="2253">IMAGE OF OR APPROXIMATELY EQUAL TO</sdata>
<sdata ref="[esdot]" set="ISOamsr" code="2250">APPROACHES THE LIMIT</sdata>
<sdata ref="[Eta]" set="HTMLsymbol" code="0397">GREEK CAPITAL LETTER ETA</sdata>
<sdata ref="[eta]" set="ISOgrk3" code="03B7">GREEK SMALL LETTER ETA</sdata>
<sdata ref="[ETH]" set="ISOlat1" code="00D0">LATIN CAPITAL LETTER ETH</sdata>
<sdata ref="[eth]" set="ISOlat1" code="00F0">LATIN SMALL LETTER ETH</sdata>
<sdata ref="[Euml]" set="ISOlat1" code="00CB">LATIN CAPITAL LETTER E WITH DIAERESIS</sdata>
<sdata ref="[euml]" set="ISOlat1" code="00EB">LATIN SMALL LETTER E WITH DIAERESIS</sdata>
<sdata ref="[excl]" set="ISOnum" code="0021">EXCLAMATION MARK</sdata>
<sdata ref="[exist]" set="ISOtech" code="2203">THERE EXISTS</sdata>
<sdata ref="[Fcy]" set="ISOcyr1" code="0424">CYRILLIC CAPITAL LETTER EF</sdata>
<sdata ref="[fcy]" set="ISOcyr1" code="0444">CYRILLIC SMALL LETTER EF</sdata>
<sdata ref="[female]" set="ISOpub" code="2640">FEMALE SIGN</sdata>
<sdata ref="[ffilig]" set="ISOpub" code="FB03">LATIN SMALL LIGATURE FFI</sdata>
<sdata ref="[fflig]" set="ISOpub" code="FB00">LATIN SMALL LIGATURE FF</sdata>
<sdata ref="[ffllig]" set="ISOpub" code="FB04">LATIN SMALL LIGATURE FFL</sdata>
<sdata ref="[filig]" set="ISOpub" code="FB01">LATIN SMALL LIGATURE FI</sdata>
<sdata ref="[flat]" set="ISOpub" code="266D">MUSIC FLAT SIGN</sdata>
<sdata ref="[fllig]" set="ISOpub" code="FB02">LATIN SMALL LIGATURE FL</sdata>
<sdata ref="[fnof]" set="ISOtech" code="0192">LATIN SMALL LETTER F WITH HOOK</sdata>
<sdata ref="[forall]" set="ISOtech" code="2200">FOR ALL</sdata>
<sdata ref="[fork]" set="ISOamsr" code="22D4">PITCHFORK</sdata>
<sdata ref="[frac12]" set="ISOnum" code="00BD">VULGAR FRACTION ONE HALF</sdata>
<sdata ref="[frac13]" set="ISOpub" code="2153">VULGAR FRACTION ONE THIRD</sdata>
<sdata ref="[frac14]" set="ISOnum" code="00BC">VULGAR FRACTION ONE QUARTER</sdata>
<sdata ref="[frac15]" set="ISOpub" code="2155">VULGAR FRACTION ONE FIFTH</sdata>
<sdata ref="[frac16]" set="ISOpub" code="2159">VULGAR FRACTION ONE SIXTH</sdata>
<sdata ref="[frac18]" set="ISOnum" code="215B">VULGAR FRACTION ONE EIGHTH</sdata>
<sdata ref="[frac23]" set="ISOpub" code="2154">VULGAR FRACTION TWO THIRDS</sdata>
<sdata ref="[frac25]" set="ISOpub" code="2156">VULGAR FRACTION TWO FIFTHS</sdata>
<sdata ref="[frac34]" set="ISOnum" code="00BE">VULGAR FRACTION THREE QUARTERS</sdata>
<sdata ref="[frac35]" set="ISOpub" code="2157">VULGAR FRACTION THREE FIFTHS</sdata>
<sdata ref="[frac38]" set="ISOnum" code="215C">VULGAR FRACTION THREE EIGHTHS</sdata>
<sdata ref="[frac45]" set="ISOpub" code="2158">VULGAR FRACTION FOUR FIFTHS</sdata>
<sdata ref="[frac56]" set="ISOpub" code="215A">VULGAR FRACTION FIVE SIXTHS</sdata>
<sdata ref="[frac58]" set="ISOnum" code="215D">VULGAR FRACTION FIVE EIGHTHS</sdata>
<sdata ref="[frac78]" set="ISOnum" code="215E">VULGAR FRACTION SEVEN EIGHTHS</sdata>
<sdata ref="[frasl]" set="HTMLsymbol" code="2044">FRACTION SLASH</sdata>
<sdata ref="[frown]" set="ISOamsr" code="2322">FROWN</sdata>
<sdata ref="[gacute]" set="ISOlat2" code="01F5">LATIN SMALL LETTER G WITH ACUTE</sdata>
<sdata ref="[Gamma]" set="ISOgrk3" code="0393">GREEK CAPITAL LETTER GAMMA</sdata>
<sdata ref="[gamma]" set="ISOgrk3" code="03B3">GREEK SMALL LETTER GAMMA</sdata>
<sdata ref="[gammad]" set="ISOgrk3" code="03DC">GREEK LETTER DIGAMMA</sdata>
<sdata ref="[Gbreve]" set="ISOlat2" code="011E">LATIN CAPITAL LETTER G WITH BREVE</sdata>
<sdata ref="[gbreve]" set="ISOlat2" code="011F">LATIN SMALL LETTER G WITH BREVE</sdata>
<sdata ref="[Gcedil]" set="ISOlat2" code="0122">LATIN CAPITAL LETTER G WITH CEDILLA</sdata>
<sdata ref="[gcedil]" set="ISOlat2" code="0123">LATIN SMALL LETTER G WITH CEDILLA</sdata>
<sdata ref="[Gcirc]" set="ISOlat2" code="011C">LATIN CAPITAL LETTER G WITH CIRCUMFLEX</sdata>
<sdata ref="[gcirc]" set="ISOlat2" code="011D">LATIN SMALL LETTER G WITH CIRCUMFLEX</sdata>
<sdata ref="[Gcy]" set="ISOcyr1" code="0413">CYRILLIC CAPITAL LETTER GHE</sdata>
<sdata ref="[gcy]" set="ISOcyr1" code="0433">CYRILLIC SMALL LETTER GHE</sdata>
<sdata ref="[Gdot]" set="ISOlat2" code="0120">LATIN CAPITAL LETTER G WITH DOT ABOVE</sdata>
<sdata ref="[gdot]" set="ISOlat2" code="0121">LATIN SMALL LETTER G WITH DOT ABOVE</sdata>
<sdata ref="[gE]" set="ISOamsr" code="2267">GREATER-THAN OVER EQUAL TO</sdata>
<sdata ref="[ge]" set="ISOtech" code="2265">GREATER-THAN OR EQUAL TO</sdata>
<sdata ref="[gel]" set="ISOamsr" code="22DB">GREATER-THAN EQUAL TO OR LESS-THAN</sdata>
<sdata ref="[ges]" set="ISOamsr" code="2265">GREATER-THAN OR EQUAL TO</sdata>
<sdata ref="[Gg]" set="ISOamsr" code="22D9">VERY MUCH GREATER-THAN</sdata>
<sdata ref="[Ggr]" set="ISOgrk1" code="0393">GREEK CAPITAL LETTER GAMMA</sdata>
<sdata ref="[ggr]" set="ISOgrk1" code="03B3">GREEK SMALL LETTER GAMMA</sdata>
<sdata ref="[gimel]" set="ISOamso" code="2137">GIMEL SYMBOL</sdata>
<sdata ref="[GJcy]" set="ISOcyr2" code="0403">CYRILLIC CAPITAL LETTER GJE</sdata>
<sdata ref="[gjcy]" set="ISOcyr2" code="0453">CYRILLIC SMALL LETTER GJE</sdata>
<sdata ref="[gl]" set="ISOamsr" code="2277">GREATER-THAN OR LESS-THAN</sdata>
<sdata ref="[gne]" set="ISOamsn" code="2269">GREATER-THAN BUT NOT EQUAL TO</sdata>
<sdata ref="[gnE]" set="ISOamsn" code="2269">GREATER-THAN BUT NOT EQUAL TO</sdata>
<sdata ref="[gnsim]" set="ISOamsn" code="22E7">GREATER-THAN BUT NOT EQUIVALENT TO</sdata>
<sdata ref="[grave]" set="ISOdia" code="0060">GRAVE ACCENT</sdata>
<sdata ref="[gsdot]" set="ISOamsr" code="22D7">GREATER-THAN WITH DOT</sdata>
<sdata ref="[gsim]" set="ISOamsr" code="2273">GREATER-THAN OR EQUIVALENT TO</sdata>
<sdata ref="[Gt]" set="ISOamsr" code="226B">MUCH GREATER-THAN</sdata>
<sdata ref="[gt]" set="ISOnum" code="003E">GREATER-THAN SIGN</sdata>
<sdata ref="[gvnE]" set="ISOamsn" code="2269">GREATER-THAN BUT NOT EQUAL TO</sdata>
<sdata ref="[hairsp]" set="ISOpub" code="200A">HAIR SPACE</sdata>
<sdata ref="[half]" set="ISOnum" code="00BD">VULGAR FRACTION ONE HALF</sdata>
<sdata ref="[hamilt]" set="ISOtech" code="210B">SCRIPT CAPITAL H</sdata>
<sdata ref="[HARDcy]" set="ISOcyr1" code="042A">CYRILLIC CAPITAL LETTER HARD SIGN</sdata>
<sdata ref="[hardcy]" set="ISOcyr1" code="044A">CYRILLIC SMALL LETTER HARD SIGN</sdata>
<sdata ref="[harr]" set="ISOamsa" code="2194">LEFT RIGHT ARROW</sdata>
<sdata ref="[hArr]" set="ISOamsa" code="21D4">LEFT RIGHT DOUBLE ARROW</sdata>
<sdata ref="[harrw]" set="ISOamsa" code="21AD">LEFT RIGHT WAVE ARROW</sdata>
<sdata ref="[Hcirc]" set="ISOlat2" code="0124">LATIN CAPITAL LETTER H WITH CIRCUMFLEX</sdata>
<sdata ref="[hcirc]" set="ISOlat2" code="0125">LATIN SMALL LETTER H WITH CIRCUMFLEX</sdata>
<sdata ref="[hearts]" set="ISOpub" code="2665">BLACK HEART SUIT</sdata>
<sdata ref="[hellip]" set="ISOpub" code="2026">HORIZONTAL ELLIPSIS</sdata>
<sdata ref="[horbar]" set="ISOnum" code="2015">HORIZONTAL BAR</sdata>
<sdata ref="[Hstrok]" set="ISOlat2" code="0126">LATIN CAPITAL LETTER H WITH STROKE</sdata>
<sdata ref="[hstrok]" set="ISOlat2" code="0127">LATIN SMALL LETTER H WITH STROKE</sdata>
<sdata ref="[hybull]" set="ISOpub" code="2043">HYPHEN BULLET</sdata>
<sdata ref="[hyphen]" set="ISOnum" code="002D">HYPHEN-MINUS</sdata>
<sdata ref="[Iacgr]" set="ISOgrk2" code="038A">GREEK CAPITAL LETTER IOTA WITH TONOS</sdata>
<sdata ref="[iacgr]" set="ISOgrk2" code="03AF">GREEK SMALL LETTER IOTA WITH TONOS</sdata>
<sdata ref="[Iacute]" set="ISOlat1" code="00CD">LATIN CAPITAL LETTER I WITH ACUTE</sdata>
<sdata ref="[iacute]" set="ISOlat1" code="00ED">LATIN SMALL LETTER I WITH ACUTE</sdata>
<sdata ref="[Icirc]" set="ISOlat1" code="00CE">LATIN CAPITAL LETTER I WITH CIRCUMFLEX</sdata>
<sdata ref="[icirc]" set="ISOlat1" code="00EE">LATIN SMALL LETTER I WITH CIRCUMFLEX</sdata>
<sdata ref="[Icy]" set="ISOcyr1" code="0418">CYRILLIC CAPITAL LETTER I</sdata>
<sdata ref="[icy]" set="ISOcyr1" code="0438">CYRILLIC SMALL LETTER I</sdata>
<sdata ref="[idiagr]" set="ISOgrk2" code="0390">GREEK SMALL LETTER IOTA WITH DIALYTIKA AND TONOS</sdata>
<sdata ref="[Idigr]" set="ISOgrk2" code="03AA">GREEK CAPITAL LETTER IOTA WITH DIALYTIKA</sdata>
<sdata ref="[idigr]" set="ISOgrk2" code="03CA">GREEK SMALL LETTER IOTA WITH DIALYTIKA</sdata>
<sdata ref="[Idot]" set="ISOlat2" code="0130">LATIN CAPITAL LETTER I WITH DOT ABOVE</sdata>
<sdata ref="[IEcy]" set="ISOcyr1" code="0415">CYRILLIC CAPITAL LETTER IE</sdata>
<sdata ref="[iecy]" set="ISOcyr1" code="0435">CYRILLIC SMALL LETTER IE</sdata>
<sdata ref="[iexcl]" set="ISOnum" code="00A1">INVERTED EXCLAMATION MARK</sdata>
<sdata ref="[iff]" set="ISOtech" code="21D4">LEFT RIGHT DOUBLE ARROW</sdata>
<sdata ref="[Igr]" set="ISOgrk1" code="0399">GREEK CAPITAL LETTER IOTA</sdata>
<sdata ref="[igr]" set="ISOgrk1" code="03B9">GREEK SMALL LETTER IOTA</sdata>
<sdata ref="[Igrave]" set="ISOlat1" code="00CC">LATIN CAPITAL LETTER I WITH GRAVE</sdata>
<sdata ref="[igrave]" set="ISOlat1" code="00EC">LATIN SMALL LETTER I WITH GRAVE</sdata>
<sdata ref="[IJlig]" set="ISOlat2" code="0132">LATIN CAPITAL LIGATURE IJ</sdata>
<sdata ref="[ijlig]" set="ISOlat2" code="0133">LATIN SMALL LIGATURE IJ</sdata>
<sdata ref="[Imacr]" set="ISOlat2" code="012A">LATIN CAPITAL LETTER I WITH MACRON</sdata>
<sdata ref="[imacr]" set="ISOlat2" code="012B">LATIN SMALL LETTER I WITH MACRON</sdata>
<sdata ref="[image]" set="ISOamso" code="2111">BLACK-LETTER CAPITAL I</sdata>
<sdata ref="[incare]" set="ISOpub" code="2105">CARE OF</sdata>
<sdata ref="[infin]" set="ISOtech" code="221E">INFINITY</sdata>
<sdata ref="[inodot]" set="ISOamso" code="0131">LATIN SMALL LETTER DOTLESS I</sdata>
<sdata ref="[inodot]" set="ISOlat2" code="0131">LATIN SMALL LETTER DOTLESS I</sdata>
<sdata ref="[int]" set="ISOtech" code="222B">INTEGRAL</sdata>
<sdata ref="[intcal]" set="ISOamsb" code="22BA">INTERCALATE</sdata>
<sdata ref="[IOcy]" set="ISOcyr1" code="0401">CYRILLIC CAPITAL LETTER IO</sdata>
<sdata ref="[iocy]" set="ISOcyr1" code="0451">CYRILLIC SMALL LETTER IO</sdata>
<sdata ref="[Iogon]" set="ISOlat2" code="012E">LATIN CAPITAL LETTER I WITH OGONEK</sdata>
<sdata ref="[iogon]" set="ISOlat2" code="012F">LATIN SMALL LETTER I WITH OGONEK</sdata>
<sdata ref="[Iota]" set="HTMLsymbol" code="0399">GREEK CAPITAL LETTER IOTA</sdata>
<sdata ref="[iota]" set="ISOgrk3" code="03B9">GREEK SMALL LETTER IOTA</sdata>
<sdata ref="[iquest]" set="ISOnum" code="00BF">INVERTED QUESTION MARK</sdata>
<sdata ref="[isin]" set="ISOtech" code="2208">ELEMENT OF</sdata>
<sdata ref="[Itilde]" set="ISOlat2" code="0128">LATIN CAPITAL LETTER I WITH TILDE</sdata>
<sdata ref="[itilde]" set="ISOlat2" code="0129">LATIN SMALL LETTER I WITH TILDE</sdata>
<sdata ref="[Iukcy]" set="ISOcyr2" code="0406">CYRILLIC CAPITAL LETTER BYELORUSSIAN-UKRAINIAN I</sdata>
<sdata ref="[iukcy]" set="ISOcyr2" code="0456">CYRILLIC SMALL LETTER BYELORUSSIAN-UKRAINIAN I</sdata>
<sdata ref="[Iuml]" set="ISOlat1" code="00CF">LATIN CAPITAL LETTER I WITH DIAERESIS</sdata>
<sdata ref="[iuml]" set="ISOlat1" code="00EF">LATIN SMALL LETTER I WITH DIAERESIS</sdata>
<sdata ref="[Jcirc]" set="ISOlat2" code="0134">LATIN CAPITAL LETTER J WITH CIRCUMFLEX</sdata>
<sdata ref="[jcirc]" set="ISOlat2" code="0135">LATIN SMALL LETTER J WITH CIRCUMFLEX</sdata>
<sdata ref="[Jcy]" set="ISOcyr1" code="0419">CYRILLIC CAPITAL LETTER SHORT I</sdata>
<sdata ref="[jcy]" set="ISOcyr1" code="0439">CYRILLIC SMALL LETTER SHORT I</sdata>
<sdata ref="[Jsercy]" set="ISOcyr2" code="0408">CYRILLIC CAPITAL LETTER JE</sdata>
<sdata ref="[jsercy]" set="ISOcyr2" code="0458">CYRILLIC SMALL LETTER JE</sdata>
<sdata ref="[Jukcy]" set="ISOcyr2" code="0404">CYRILLIC CAPITAL LETTER UKRAINIAN IE</sdata>
<sdata ref="[jukcy]" set="ISOcyr2" code="0454">CYRILLIC SMALL LETTER UKRAINIAN IE</sdata>
<sdata ref="[Kappa]" set="HTMLsymbol" code="039A">GREEK CAPITAL LETTER KAPPA</sdata>
<sdata ref="[kappa]" set="ISOgrk3" code="03BA">GREEK SMALL LETTER KAPPA</sdata>
<sdata ref="[kappav]" set="ISOgrk3" code="03F0">GREEK KAPPA SYMBOL</sdata>
<sdata ref="[Kcedil]" set="ISOlat2" code="0136">LATIN CAPITAL LETTER K WITH CEDILLA</sdata>
<sdata ref="[kcedil]" set="ISOlat2" code="0137">LATIN SMALL LETTER K WITH CEDILLA</sdata>
<sdata ref="[Kcy]" set="ISOcyr1" code="041A">CYRILLIC CAPITAL LETTER KA</sdata>
<sdata ref="[kcy]" set="ISOcyr1" code="043A">CYRILLIC SMALL LETTER KA</sdata>
<sdata ref="[Kgr]" set="ISOgrk1" code="039A">GREEK CAPITAL LETTER KAPPA</sdata>
<sdata ref="[kgr]" set="ISOgrk1" code="03BA">GREEK SMALL LETTER KAPPA</sdata>
<sdata ref="[kgreen]" set="ISOlat2" code="0138">LATIN SMALL LETTER KRA</sdata>
<sdata ref="[KHcy]" set="ISOcyr1" code="0425">CYRILLIC CAPITAL LETTER HA</sdata>
<sdata ref="[khcy]" set="ISOcyr1" code="0445">CYRILLIC SMALL LETTER HA</sdata>
<sdata ref="[KHgr]" set="ISOgrk1" code="03A7">GREEK CAPITAL LETTER CHI</sdata>
<sdata ref="[khgr]" set="ISOgrk1" code="03C7">GREEK SMALL LETTER CHI</sdata>
<sdata ref="[KJcy]" set="ISOcyr2" code="040C">CYRILLIC CAPITAL LETTER KJE</sdata>
<sdata ref="[kjcy]" set="ISOcyr2" code="045C">CYRILLIC SMALL LETTER KJE</sdata>
<sdata ref="[lAarr]" set="ISOamsa" code="21DA">LEFTWARDS TRIPLE ARROW</sdata>
<sdata ref="[Lacute]" set="ISOlat2" code="0139">LATIN CAPITAL LETTER L WITH ACUTE</sdata>
<sdata ref="[lacute]" set="ISOlat2" code="013A">LATIN SMALL LETTER L WITH ACUTE</sdata>
<sdata ref="[lagran]" set="ISOtech" code="2112">SCRIPT CAPITAL L</sdata>
<sdata ref="[Lambda]" set="ISOgrk3" code="039B">GREEK CAPITAL LETTER LAMDA</sdata>
<sdata ref="[lambda]" set="ISOgrk3" code="03BB">GREEK SMALL LETTER LAMDA</sdata>
<sdata ref="[lang]" set="ISOtech" code="2329">LEFT-POINTING ANGLE BRACKET</sdata>
<sdata ref="[laquo]" set="ISOnum" code="00AB">LEFT-POINTING DOUBLE ANGLE QUOTATION MARK</sdata>
<sdata ref="[Larr]" set="ISOamsa" code="219E">LEFTWARDS TWO HEADED ARROW</sdata>
<sdata ref="[larr]" set="ISOnum" code="2190">LEFTWARDS ARROW</sdata>
<sdata ref="[lArr]" set="ISOtech" code="21D0">LEFTWARDS DOUBLE ARROW</sdata>
<sdata ref="[larr2]" set="ISOamsa" code="21C7">LEFTWARDS PAIRED ARROWS</sdata>
<sdata ref="[larrhk]" set="ISOamsa" code="21A9">LEFTWARDS ARROW WITH HOOK</sdata>
<sdata ref="[larrlp]" set="ISOamsa" code="21AB">LEFTWARDS ARROW WITH LOOP</sdata>
<sdata ref="[larrtl]" set="ISOamsa" code="21A2">LEFTWARDS ARROW WITH TAIL</sdata>
<sdata ref="[Lcaron]" set="ISOlat2" code="013D">LATIN CAPITAL LETTER L WITH CARON</sdata>
<sdata ref="[lcaron]" set="ISOlat2" code="013E">LATIN SMALL LETTER L WITH CARON</sdata>
<sdata ref="[Lcedil]" set="ISOlat2" code="013B">LATIN CAPITAL LETTER L WITH CEDILLA</sdata>
<sdata ref="[lcedil]" set="ISOlat2" code="013C">LATIN SMALL LETTER L WITH CEDILLA</sdata>
<sdata ref="[lceil]" set="ISOamsc" code="2308">LEFT CEILING</sdata>
<sdata ref="[lcub]" set="ISOnum" code="007B">LEFT CURLY BRACKET</sdata>
<sdata ref="[Lcy]" set="ISOcyr1" code="041B">CYRILLIC CAPITAL LETTER EL</sdata>
<sdata ref="[lcy]" set="ISOcyr1" code="043B">CYRILLIC SMALL LETTER EL</sdata>
<sdata ref="[ldot]" set="ISOamsr" code="22D6">LESS-THAN WITH DOT</sdata>
<sdata ref="[ldquo]" set="ISOnum" code="201C">LEFT DOUBLE QUOTATION MARK</sdata>
<sdata ref="[ldquor]" set="ISOpub" code="201E">DOUBLE LOW-9 QUOTATION MARK</sdata>
<sdata ref="[lE]" set="ISOamsr" code="2266">LESS-THAN OVER EQUAL TO</sdata>
<sdata ref="[le]" set="ISOtech" code="2264">LESS-THAN OR EQUAL TO</sdata>
<sdata ref="[leg]" set="ISOamsr" code="22DA">LESS-THAN EQUAL TO OR GREATER-THAN</sdata>
<sdata ref="[les]" set="ISOamsr" code="2264">LESS-THAN OR EQUAL TO</sdata>
<sdata ref="[lfloor]" set="ISOamsc" code="230A">LEFT FLOOR</sdata>
<sdata ref="[lg]" set="ISOamsr" code="2276">LESS-THAN OR GREATER-THAN</sdata>
<sdata ref="[Lgr]" set="ISOgrk1" code="039B">GREEK CAPITAL LETTER LAMDA</sdata>
<sdata ref="[lgr]" set="ISOgrk1" code="03BB">GREEK SMALL LETTER LAMDA</sdata>
<sdata ref="[lhard]" set="ISOamsa" code="21BD">LEFTWARDS HARPOON WITH BARB DOWNWARDS</sdata>
<sdata ref="[lharu]" set="ISOamsa" code="21BC">LEFTWARDS HARPOON WITH BARB UPWARDS</sdata>
<sdata ref="[lhblk]" set="ISOpub" code="2584">LOWER HALF BLOCK</sdata>
<sdata ref="[LJcy]" set="ISOcyr2" code="0409">CYRILLIC CAPITAL LETTER LJE</sdata>
<sdata ref="[ljcy]" set="ISOcyr2" code="0459">CYRILLIC SMALL LETTER LJE</sdata>
<sdata ref="[Ll]" set="ISOamsr" code="22D8">VERY MUCH LESS-THAN</sdata>
<sdata ref="[Lmidot]" set="ISOlat2" code="013F">LATIN CAPITAL LETTER L WITH MIDDLE DOT</sdata>
<sdata ref="[lmidot]" set="ISOlat2" code="0140">LATIN SMALL LETTER L WITH MIDDLE DOT</sdata>
<sdata ref="[lnE]" set="ISOamsn" code="2268">LESS-THAN BUT NOT EQUAL TO</sdata>
<sdata ref="[lne]" set="ISOamsn" code="2268">LESS-THAN BUT NOT EQUAL TO</sdata>
<sdata ref="[lnsim]" set="ISOamsn" code="22E6">LESS-THAN BUT NOT EQUIVALENT TO</sdata>
<sdata ref="[lowast]" set="ISOtech" code="2217">ASTERISK OPERATOR</sdata>
<sdata ref="[lowbar]" set="ISOnum" code="005F">LOW LINE</sdata>
<sdata ref="[loz]" set="ISOpub" code="25CA">LOZENGE</sdata>
<sdata ref="[loz]" set="ISOpub" code="2727">WHITE FOUR POINTED STAR</sdata>
<sdata ref="[lozf]" set="ISOpub" code="2726">BLACK FOUR POINTED STAR</sdata>
<sdata ref="[lpar]" set="ISOnum" code="0028">LEFT PARENTHESIS</sdata>
<sdata ref="[lrarr2]" set="ISOamsa" code="21C6">LEFTWARDS ARROW OVER RIGHTWARDS ARROW</sdata>
<sdata ref="[lrhar2]" set="ISOamsa" code="21CB">LEFTWARDS HARPOON OVER RIGHTWARDS HARPOON</sdata>
<sdata ref="[lrm]" set="HTMLspecial" code="200E">LEFT-TO-RIGHT MARK</sdata>
<sdata ref="[lsaquo]" set="HTMLspecial" code="2039">SINGLE LEFT-POINTING ANGLE QUOTATION MARK</sdata>
<sdata ref="[lsh]" set="ISOamsa" code="21B0">UPWARDS ARROW WITH TIP LEFTWARDS</sdata>
<sdata ref="[lsim]" set="ISOamsr" code="2272">LESS-THAN OR EQUIVALENT TO</sdata>
<sdata ref="[lsqb]" set="ISOnum" code="005B">LEFT SQUARE BRACKET</sdata>
<sdata ref="[lsquo]" set="ISOnum" code="2018">LEFT SINGLE QUOTATION MARK</sdata>
<sdata ref="[lsquor]" set="ISOpub" code="201A">SINGLE LOW-9 QUOTATION MARK</sdata>
<sdata ref="[Lstrok]" set="ISOlat2" code="0141">LATIN CAPITAL LETTER L WITH STROKE</sdata>
<sdata ref="[lstrok]" set="ISOlat2" code="0142">LATIN SMALL LETTER L WITH STROKE</sdata>
<sdata ref="[Lt]" set="ISOamsr" code="226A">MUCH LESS-THAN</sdata>
<sdata ref="[lt]" set="ISOnum" code="003C">LESS-THAN SIGN</sdata>
<sdata ref="[lthree]" set="ISOamsb" code="22CB">LEFT SEMIDIRECT PRODUCT</sdata>
<sdata ref="[ltimes]" set="ISOamsb" code="22C9">LEFT NORMAL FACTOR SEMIDIRECT PRODUCT</sdata>
<sdata ref="[ltri]" set="ISOpub" code="25C3">WHITE LEFT-POINTING SMALL TRIANGLE</sdata>
<sdata ref="[ltrie]" set="ISOamsr" code="22B4">NORMAL SUBGROUP OF OR EQUAL TO</sdata>
<sdata ref="[ltrif]" set="ISOpub" code="25C2">BLACK LEFT-POINTING SMALL TRIANGLE</sdata>
<sdata ref="[lvnE]" set="ISOamsn" code="2268">LESS-THAN BUT NOT EQUAL TO</sdata>
<sdata ref="[macr]" set="ISOdia" code="00AF">MACRON</sdata>
<sdata ref="[male]" set="ISOpub" code="2642">MALE SIGN</sdata>
<sdata ref="[malt]" set="ISOpub" code="2720">MALTESE CROSS</sdata>
<sdata ref="[map]" set="ISOamsa" code="21A6">RIGHTWARDS ARROW FROM BAR</sdata>
<sdata ref="[marker]" set="ISOpub" code="25AE">BLACK VERTICAL RECTANGLE</sdata>
<sdata ref="[Mcy]" set="ISOcyr1" code="041C">CYRILLIC CAPITAL LETTER EM</sdata>
<sdata ref="[mcy]" set="ISOcyr1" code="043C">CYRILLIC SMALL LETTER EM</sdata>
<sdata ref="[mdash]" set="ISOpub" code="2014">EM DASH</sdata>
<sdata ref="[Mgr]" set="ISOgrk1" code="039C">GREEK CAPITAL LETTER MU</sdata>
<sdata ref="[mgr]" set="ISOgrk1" code="03BC">GREEK SMALL LETTER MU</sdata>
<sdata ref="[micro]" set="ISOnum" code="00B5">MICRO SIGN</sdata>
<sdata ref="[mid]" set="ISOamsr" code="2223">DIVIDES</sdata>
<sdata ref="[middot]" set="ISOnum" code="00B7">MIDDLE DOT</sdata>
<sdata ref="[minus]" set="ISOtech" code="2212">MINUS SIGN</sdata>
<sdata ref="[minusb]" set="ISOamsb" code="229F">SQUARED MINUS</sdata>
<sdata ref="[mldr]" set="ISOpub" code="2026">HORIZONTAL ELLIPSIS</sdata>
<sdata ref="[mnplus]" set="ISOtech" code="2213">MINUS-OR-PLUS SIGN</sdata>
<sdata ref="[models]" set="ISOamsr" code="22A7">MODELS</sdata>
<sdata ref="[Mu]" set="HTMLsymbol" code="039C">GREEK CAPITAL LETTER MU</sdata>
<sdata ref="[mu]" set="ISOgrk3" code="03BC">GREEK SMALL LETTER MU</sdata>
<sdata ref="[mumap]" set="ISOamsa" code="22B8">MULTIMAP</sdata>
<sdata ref="[nabla]" set="ISOtech" code="2207">NABLA</sdata>
<sdata ref="[Nacute]" set="ISOlat2" code="0143">LATIN CAPITAL LETTER N WITH ACUTE</sdata>
<sdata ref="[nacute]" set="ISOlat2" code="0144">LATIN SMALL LETTER N WITH ACUTE</sdata>
<sdata ref="[nap]" set="ISOamsn" code="2249">NOT ALMOST EQUAL TO</sdata>
<sdata ref="[napos]" set="ISOlat2" code="0149">LATIN SMALL LETTER N PRECEDED BY APOSTROPHE</sdata>
<sdata ref="[natur]" set="ISOpub" code="266E">MUSIC NATURAL SIGN</sdata>
<sdata ref="[nbsp]" set="ISOnum" code="00A0">NO-BREAK SPACE</sdata>
<sdata ref="[Ncaron]" set="ISOlat2" code="0147">LATIN CAPITAL LETTER N WITH CARON</sdata>
<sdata ref="[ncaron]" set="ISOlat2" code="0148">LATIN SMALL LETTER N WITH CARON</sdata>
<sdata ref="[Ncedil]" set="ISOlat2" code="0145">LATIN CAPITAL LETTER N WITH CEDILLA</sdata>
<sdata ref="[ncedil]" set="ISOlat2" code="0146">LATIN SMALL LETTER N WITH CEDILLA</sdata>
<sdata ref="[ncong]" set="ISOamsn" code="2247">NEITHER APPROXIMATELY NOR ACTUALLY EQUAL TO</sdata>
<sdata ref="[Ncy]" set="ISOcyr1" code="041D">CYRILLIC CAPITAL LETTER EN</sdata>
<sdata ref="[ncy]" set="ISOcyr1" code="043D">CYRILLIC SMALL LETTER EN</sdata>
<sdata ref="[ndash]" set="ISOpub" code="2013">EN DASH</sdata>
<sdata ref="[ne]" set="ISOtech" code="2260">NOT EQUAL TO</sdata>
<sdata ref="[nearr]" set="ISOamsa" code="2197">NORTH EAST ARROW</sdata>
<sdata ref="[nequiv]" set="ISOamsn" code="2262">NOT IDENTICAL TO</sdata>
<sdata ref="[nexist]" set="ISOamso" code="2204">THERE DOES NOT EXIST</sdata>
<sdata ref="[nge]" set="ISOamsn" code="2271">NEITHER GREATER-THAN NOR EQUAL TO</sdata>
<sdata ref="[nges]" set="ISOamsn" code="2271">NEITHER GREATER-THAN NOR EQUAL TO</sdata>
<sdata ref="[Ngr]" set="ISOgrk1" code="039D">GREEK CAPITAL LETTER NU</sdata>
<sdata ref="[ngr]" set="ISOgrk1" code="03BD">GREEK SMALL LETTER NU</sdata>
<sdata ref="[ngt]" set="ISOamsn" code="226F">NOT GREATER-THAN</sdata>
<sdata ref="[nharr]" set="ISOamsa" code="21AE">LEFT RIGHT ARROW WITH STROKE</sdata>
<sdata ref="[nhArr]" set="ISOamsa" code="21CE">LEFT RIGHT DOUBLE ARROW WITH STROKE</sdata>
<sdata ref="[ni]" set="ISOtech" code="220B">CONTAINS AS MEMBER</sdata>
<sdata ref="[NJcy]" set="ISOcyr2" code="040A">CYRILLIC CAPITAL LETTER NJE</sdata>
<sdata ref="[njcy]" set="ISOcyr2" code="045A">CYRILLIC SMALL LETTER NJE</sdata>
<sdata ref="[nlarr]" set="ISOamsa" code="219A">LEFTWARDS ARROW WITH STROKE</sdata>
<sdata ref="[nlArr]" set="ISOamsa" code="21CD">LEFTWARDS DOUBLE ARROW WITH STROKE</sdata>
<sdata ref="[nldr]" set="ISOpub" code="2025">TWO DOT LEADER</sdata>
<sdata ref="[nle]" set="ISOamsn" code="2270">NEITHER LESS-THAN NOR EQUAL TO</sdata>
<sdata ref="[nles]" set="ISOamsn" code="2270">NEITHER LESS-THAN NOR EQUAL TO</sdata>
<sdata ref="[nlt]" set="ISOamsn" code="226E">NOT LESS-THAN</sdata>
<sdata ref="[nltri]" set="ISOamsn" code="22EA">NOT NORMAL SUBGROUP OF</sdata>
<sdata ref="[nltrie]" set="ISOamsn" code="22EC">NOT NORMAL SUBGROUP OF OR EQUAL TO</sdata>
<sdata ref="[nmid]" set="ISOamsn" code="2224">DOES NOT DIVIDE</sdata>
<sdata ref="[not]" set="ISOnum" code="00AC">NOT SIGN</sdata>
<sdata ref="[notin]" set="ISOtech" code="2209">NOT AN ELEMENT OF</sdata>
<sdata ref="[npar]" set="ISOamsn" code="2226">NOT PARALLEL TO</sdata>
<sdata ref="[npr]" set="ISOamsn" code="2280">DOES NOT PRECEDE</sdata>
<sdata ref="[npre]" set="ISOamsn" code="22E0">DOES NOT PRECEDE OR EQUAL</sdata>
<sdata ref="[nrarr]" set="ISOamsa" code="219B">RIGHTWARDS ARROW WITH STROKE</sdata>
<sdata ref="[nrArr]" set="ISOamsa" code="21CF">RIGHTWARDS DOUBLE ARROW WITH STROKE</sdata>
<sdata ref="[nrtri]" set="ISOamsn" code="22EB">DOES NOT CONTAIN AS NORMAL SUBGROUP</sdata>
<sdata ref="[nrtrie]" set="ISOamsn" code="22ED">DOES NOT CONTAIN AS NORMAL SUBGROUP OR EQUAL</sdata>
<sdata ref="[nsc]" set="ISOamsn" code="2281">DOES NOT SUCCEED</sdata>
<sdata ref="[nsce]" set="ISOamsn" code="22E1">DOES NOT SUCCEED OR EQUAL</sdata>
<sdata ref="[nsim]" set="ISOamsn" code="2241">NOT TILDE</sdata>
<sdata ref="[nsime]" set="ISOamsn" code="2244">NOT ASYMPTOTICALLY EQUAL TO</sdata>
<sdata ref="[nspar]" set="ISOamsn" code="2226">NOT PARALLEL TO</sdata>
<sdata ref="[nsub]" set="ISOamsn" code="2284">NOT A SUBSET OF</sdata>
<sdata ref="[nsubE]" set="ISOamsn" code="2288">NEITHER A SUBSET OF NOR EQUAL TO</sdata>
<sdata ref="[nsube]" set="ISOamsn" code="2288">NEITHER A SUBSET OF NOR EQUAL TO</sdata>
<sdata ref="[nsup]" set="ISOamsn" code="2285">NOT A SUPERSET OF</sdata>
<sdata ref="[nsupE]" set="ISOamsn" code="2289">NEITHER A SUPERSET OF NOR EQUAL TO</sdata>
<sdata ref="[nsupe]" set="ISOamsn" code="2289">NEITHER A SUPERSET OF NOR EQUAL TO</sdata>
<sdata ref="[Ntilde]" set="ISOlat1" code="00D1">LATIN CAPITAL LETTER N WITH TILDE</sdata>
<sdata ref="[ntilde]" set="ISOlat1" code="00F1">LATIN SMALL LETTER N WITH TILDE</sdata>
<sdata ref="[Nu]" set="HTMLsymbol" code="039D">GREEK CAPITAL LETTER NU</sdata>
<sdata ref="[nu]" set="ISOgrk3" code="03BD">GREEK SMALL LETTER NU</sdata>
<sdata ref="[num]" set="ISOnum" code="0023">NUMBER SIGN</sdata>
<sdata ref="[numero]" set="ISOcyr1" code="2116">NUMERO SIGN</sdata>
<sdata ref="[numsp]" set="ISOpub" code="2007">FIGURE SPACE</sdata>
<sdata ref="[nvdash]" set="ISOamsn" code="22AC">DOES NOT PROVE</sdata>
<sdata ref="[nvDash]" set="ISOamsn" code="22AD">NOT TRUE</sdata>
<sdata ref="[nVdash]" set="ISOamsn" code="22AE">DOES NOT FORCE</sdata>
<sdata ref="[nVDash]" set="ISOamsn" code="22AF">NEGATED DOUBLE VERTICAL BAR DOUBLE RIGHT TURNSTILE</sdata>
<sdata ref="[nwarr]" set="ISOamsa" code="2196">NORTH WEST ARROW</sdata>
<sdata ref="[Oacgr]" set="ISOgrk2" code="038C">GREEK CAPITAL LETTER OMICRON WITH TONOS</sdata>
<sdata ref="[oacgr]" set="ISOgrk2" code="03CC">GREEK SMALL LETTER OMICRON WITH TONOS</sdata>
<sdata ref="[Oacute]" set="ISOlat1" code="00D3">LATIN CAPITAL LETTER O WITH ACUTE</sdata>
<sdata ref="[oacute]" set="ISOlat1" code="00F3">LATIN SMALL LETTER O WITH ACUTE</sdata>
<sdata ref="[oast]" set="ISOamsb" code="229B">CIRCLED ASTERISK OPERATOR</sdata>
<sdata ref="[ocir]" set="ISOamsb" code="229A">CIRCLED RING OPERATOR</sdata>
<sdata ref="[Ocirc]" set="ISOlat1" code="00D4">LATIN CAPITAL LETTER O WITH CIRCUMFLEX</sdata>
<sdata ref="[ocirc]" set="ISOlat1" code="00F4">LATIN SMALL LETTER O WITH CIRCUMFLEX</sdata>
<sdata ref="[Ocy]" set="ISOcyr1" code="041E">CYRILLIC CAPITAL LETTER O</sdata>
<sdata ref="[ocy]" set="ISOcyr1" code="043E">CYRILLIC SMALL LETTER O</sdata>
<sdata ref="[odash]" set="ISOamsb" code="229D">CIRCLED DASH</sdata>
<sdata ref="[Odblac]" set="ISOlat2" code="0150">LATIN CAPITAL LETTER O WITH DOUBLE ACUTE</sdata>
<sdata ref="[odblac]" set="ISOlat2" code="0151">LATIN SMALL LETTER O WITH DOUBLE ACUTE</sdata>
<sdata ref="[odot]" set="ISOamsb" code="2299">CIRCLED DOT OPERATOR</sdata>
<sdata ref="[OElig]" set="ISOlat2" code="0152">LATIN CAPITAL LIGATURE OE</sdata>
<sdata ref="[oelig]" set="ISOlat2" code="0153">LATIN SMALL LIGATURE OE</sdata>
<sdata ref="[ogon]" set="ISOdia" code="02DB">OGONEK</sdata>
<sdata ref="[Ogr]" set="ISOgrk1" code="039F">GREEK CAPITAL LETTER OMICRON</sdata>
<sdata ref="[ogr]" set="ISOgrk1" code="03BF">GREEK SMALL LETTER OMICRON</sdata>
<sdata ref="[Ograve]" set="ISOlat1" code="00D2">LATIN CAPITAL LETTER O WITH GRAVE</sdata>
<sdata ref="[ograve]" set="ISOlat1" code="00F2">LATIN SMALL LETTER O WITH GRAVE</sdata>
<sdata ref="[OHacgr]" set="ISOgrk2" code="038F">GREEK CAPITAL LETTER OMEGA WITH TONOS</sdata>
<sdata ref="[ohacgr]" set="ISOgrk2" code="03CE">GREEK SMALL LETTER OMEGA WITH TONOS</sdata>
<sdata ref="[OHgr]" set="ISOgrk1" code="03A9">GREEK CAPITAL LETTER OMEGA</sdata>
<sdata ref="[ohgr]" set="ISOgrk1" code="03C9">GREEK SMALL LETTER OMEGA</sdata>
<sdata ref="[ohm]" set="ISOnum" code="2126">OHM SIGN</sdata>
<sdata ref="[olarr]" set="ISOamsa" code="21BA">ANTICLOCKWISE OPEN CIRCLE ARROW</sdata>
<sdata ref="[oline]" set="HTMLsymbol" code="203E">OVERLINE</sdata>
<sdata ref="[Omacr]" set="ISOlat2" code="014C">LATIN CAPITAL LETTER O WITH MACRON</sdata>
<sdata ref="[omacr]" set="ISOlat2" code="014D">LATIN SMALL LETTER O WITH MACRON</sdata>
<sdata ref="[Omega]" set="ISOgrk3" code="03A9">GREEK CAPITAL LETTER OMEGA</sdata>
<sdata ref="[omega]" set="ISOgrk3" code="03C9">GREEK SMALL LETTER OMEGA</sdata>
<sdata ref="[Omicron]" set="HTMLsymbol" code="039F">GREEK CAPITAL LETTER OMICRON</sdata>
<sdata ref="[omicron]" set="HTMLsymbol" code="03BF">GREEK SMALL LETTER OMICRON</sdata>
<sdata ref="[ominus]" set="ISOamsb" code="2296">CIRCLED MINUS</sdata>
<sdata ref="[oplus]" set="ISOamsb" code="2295">CIRCLED PLUS</sdata>
<sdata ref="[or]" set="ISOtech" code="2228">LOGICAL OR</sdata>
<sdata ref="[orarr]" set="ISOamsa" code="21BB">CLOCKWISE OPEN CIRCLE ARROW</sdata>
<sdata ref="[order]" set="ISOtech" code="2134">SCRIPT SMALL O</sdata>
<sdata ref="[ordf]" set="ISOnum" code="00AA">FEMININE ORDINAL INDICATOR</sdata>
<sdata ref="[ordm]" set="ISOnum" code="00BA">MASCULINE ORDINAL INDICATOR</sdata>
<sdata ref="[oS]" set="ISOamso" code="24C8">CIRCLED LATIN CAPITAL LETTER S</sdata>
<sdata ref="[Oslash]" set="ISOlat1" code="00D8">LATIN CAPITAL LETTER O WITH STROKE</sdata>
<sdata ref="[oslash]" set="ISOlat1" code="00F8">LATIN SMALL LETTER O WITH STROKE</sdata>
<sdata ref="[osol]" set="ISOamsb" code="2298">CIRCLED DIVISION SLASH</sdata>
<sdata ref="[Otilde]" set="ISOlat1" code="00D5">LATIN CAPITAL LETTER O WITH TILDE</sdata>
<sdata ref="[otilde]" set="ISOlat1" code="00F5">LATIN SMALL LETTER O WITH TILDE</sdata>
<sdata ref="[otimes]" set="ISOamsb" code="2297">CIRCLED TIMES</sdata>
<sdata ref="[Ouml]" set="ISOlat1" code="00D6">LATIN CAPITAL LETTER O WITH DIAERESIS</sdata>
<sdata ref="[ouml]" set="ISOlat1" code="00F6">LATIN SMALL LETTER O WITH DIAERESIS</sdata>
<sdata ref="[par]" set="ISOtech" code="2225">PARALLEL TO</sdata>
<sdata ref="[para]" set="ISOnum" code="00B6">PILCROW SIGN</sdata>
<sdata ref="[part]" set="ISOtech" code="2202">PARTIAL DIFFERENTIAL</sdata>
<sdata ref="[Pcy]" set="ISOcyr1" code="041F">CYRILLIC CAPITAL LETTER PE</sdata>
<sdata ref="[pcy]" set="ISOcyr1" code="043F">CYRILLIC SMALL LETTER PE</sdata>
<sdata ref="[percnt]" set="ISOnum" code="0025">PERCENT SIGN</sdata>
<sdata ref="[period]" set="ISOnum" code="002E">FULL STOP</sdata>
<sdata ref="[permil]" set="ISOtech" code="2030">PER MILLE SIGN</sdata>
<sdata ref="[perp]" set="ISOtech" code="22A5">UP TACK</sdata>
<sdata ref="[Pgr]" set="ISOgrk1" code="03A0">GREEK CAPITAL LETTER PI</sdata>
<sdata ref="[pgr]" set="ISOgrk1" code="03C0">GREEK SMALL LETTER PI</sdata>
<sdata ref="[PHgr]" set="ISOgrk1" code="03A6">GREEK CAPITAL LETTER PHI</sdata>
<sdata ref="[phgr]" set="ISOgrk1" code="03C6">GREEK SMALL LETTER PHI</sdata>
<sdata ref="[phi]" set="HTMLsymbol" code="03C6">GREEK SMALL LETTER PHI</sdata>
<sdata ref="[Phi]" set="ISOgrk3" code="03A6">GREEK CAPITAL LETTER PHI</sdata>
<sdata ref="[phis]" set="ISOgrk3" code="03C6">GREEK SMALL LETTER PHI</sdata>
<sdata ref="[phiv]" set="ISOgrk3" code="03D5">GREEK PHI SYMBOL</sdata>
<sdata ref="[phmmat]" set="ISOtech" code="2133">SCRIPT CAPITAL M</sdata>
<sdata ref="[phone]" set="ISOpub" code="260E">BLACK TELEPHONE</sdata>
<sdata ref="[Pi]" set="ISOgrk3" code="03A0">GREEK CAPITAL LETTER PI</sdata>
<sdata ref="[pi]" set="ISOgrk3" code="03C0">GREEK SMALL LETTER PI</sdata>
<sdata ref="[piv]" set="ISOgrk3" code="03D6">GREEK PI SYMBOL</sdata>
<sdata ref="[planck]" set="ISOamso" code="210F">PLANCK CONSTANT OVER TWO PI</sdata>
<sdata ref="[plus]" set="ISOnum" code="002B">PLUS SIGN</sdata>
<sdata ref="[plusb]" set="ISOamsb" code="229E">SQUARED PLUS</sdata>
<sdata ref="[plusdo]" set="ISOamsb" code="2214">DOT PLUS</sdata>
<sdata ref="[plusmn]" set="ISOnum" code="00B1">PLUS-MINUS SIGN</sdata>
<sdata ref="[pound]" set="ISOnum" code="00A3">POUND SIGN</sdata>
<sdata ref="[pr]" set="ISOamsr" code="227A">PRECEDES</sdata>
<sdata ref="[pre]" set="ISOamsr" code="227C">PRECEDES OR EQUAL TO</sdata>
<sdata ref="[prime]" set="ISOtech" code="2032">PRIME</sdata>
<sdata ref="[Prime]" set="ISOtech" code="2033">DOUBLE PRIME</sdata>
<sdata ref="[prnsim]" set="ISOamsn" code="22E8">PRECEDES BUT NOT EQUIVALENT TO</sdata>
<sdata ref="[prod]" set="ISOamsb" code="220F">N-ARY PRODUCT</sdata>
<sdata ref="[prop]" set="ISOtech" code="221D">PROPORTIONAL TO</sdata>
<sdata ref="[prsim]" set="ISOamsr" code="227E">PRECEDES OR EQUIVALENT TO</sdata>
<sdata ref="[PSgr]" set="ISOgrk1" code="03A8">GREEK CAPITAL LETTER PSI</sdata>
<sdata ref="[psgr]" set="ISOgrk1" code="03C8">GREEK SMALL LETTER PSI</sdata>
<sdata ref="[Psi]" set="ISOgrk3" code="03A8">GREEK CAPITAL LETTER PSI</sdata>
<sdata ref="[psi]" set="ISOgrk3" code="03C8">GREEK SMALL LETTER PSI</sdata>
<sdata ref="[puncsp]" set="ISOpub" code="2008">PUNCTUATION SPACE</sdata>
<sdata ref="[quest]" set="ISOnum" code="003F">QUESTION MARK</sdata>
<sdata ref="[quot]" set="ISOnum" code="0022">QUOTATION MARK</sdata>
<sdata ref="[rAarr]" set="ISOamsa" code="21DB">RIGHTWARDS TRIPLE ARROW</sdata>
<sdata ref="[Racute]" set="ISOlat2" code="0154">LATIN CAPITAL LETTER R WITH ACUTE</sdata>
<sdata ref="[racute]" set="ISOlat2" code="0155">LATIN SMALL LETTER R WITH ACUTE</sdata>
<sdata ref="[radic]" set="ISOtech" code="221A">SQUARE ROOT</sdata>
<sdata ref="[rang]" set="ISOtech" code="232A">RIGHT-POINTING ANGLE BRACKET</sdata>
<sdata ref="[raquo]" set="ISOnum" code="00BB">RIGHT-POINTING DOUBLE ANGLE QUOTATION MARK</sdata>
<sdata ref="[Rarr]" set="ISOamsa" code="21A0">RIGHTWARDS TWO HEADED ARROW</sdata>
<sdata ref="[rarr]" set="ISOnum" code="2192">RIGHTWARDS ARROW</sdata>
<sdata ref="[rArr]" set="ISOtech" code="21D2">RIGHTWARDS DOUBLE ARROW</sdata>
<sdata ref="[rarr2]" set="ISOamsa" code="21C9">RIGHTWARDS PAIRED ARROWS</sdata>
<sdata ref="[rarrhk]" set="ISOamsa" code="21AA">RIGHTWARDS ARROW WITH HOOK</sdata>
<sdata ref="[rarrlp]" set="ISOamsa" code="21AC">RIGHTWARDS ARROW WITH LOOP</sdata>
<sdata ref="[rarrtl]" set="ISOamsa" code="21A3">RIGHTWARDS ARROW WITH TAIL</sdata>
<sdata ref="[rarrw]" set="ISOamsa" code="219D">RIGHTWARDS WAVE ARROW</sdata>
<sdata ref="[Rcaron]" set="ISOlat2" code="0158">LATIN CAPITAL LETTER R WITH CARON</sdata>
<sdata ref="[rcaron]" set="ISOlat2" code="0159">LATIN SMALL LETTER R WITH CARON</sdata>
<sdata ref="[Rcedil]" set="ISOlat2" code="0156">LATIN CAPITAL LETTER R WITH CEDILLA</sdata>
<sdata ref="[rcedil]" set="ISOlat2" code="0157">LATIN SMALL LETTER R WITH CEDILLA</sdata>
<sdata ref="[rceil]" set="ISOamsc" code="2309">RIGHT CEILING</sdata>
<sdata ref="[rcub]" set="ISOnum" code="007D">RIGHT CURLY BRACKET</sdata>
<sdata ref="[Rcy]" set="ISOcyr1" code="0420">CYRILLIC CAPITAL LETTER ER</sdata>
<sdata ref="[rcy]" set="ISOcyr1" code="0440">CYRILLIC SMALL LETTER ER</sdata>
<sdata ref="[rdquo]" set="ISOnum" code="201D">RIGHT DOUBLE QUOTATION MARK</sdata>
<sdata ref="[rdquor]" set="ISOpub" code="201C">LEFT DOUBLE QUOTATION MARK</sdata>
<sdata ref="[real]" set="ISOamso" code="211C">BLACK-LETTER CAPITAL R</sdata>
<sdata ref="[rect]" set="ISOpub" code="25AD">WHITE RECTANGLE</sdata>
<sdata ref="[reg]" set="ISOnum" code="00AE">REGISTERED SIGN</sdata>
<sdata ref="[rfloor]" set="ISOamsc" code="230B">RIGHT FLOOR</sdata>
<sdata ref="[Rgr]" set="ISOgrk1" code="03A1">GREEK CAPITAL LETTER RHO</sdata>
<sdata ref="[rgr]" set="ISOgrk1" code="03C1">GREEK SMALL LETTER RHO</sdata>
<sdata ref="[rhard]" set="ISOamsa" code="21C1">RIGHTWARDS HARPOON WITH BARB DOWNWARDS</sdata>
<sdata ref="[rharu]" set="ISOamsa" code="21C0">RIGHTWARDS HARPOON WITH BARB UPWARDS</sdata>
<sdata ref="[Rho]" set="HTMLsymbol" code="03A1">GREEK CAPITAL LETTER RHO</sdata>
<sdata ref="[rho]" set="ISOgrk3" code="03C1">GREEK SMALL LETTER RHO</sdata>
<sdata ref="[rhov]" set="ISOgrk3" code="03F1">GREEK RHO SYMBOL</sdata>
<sdata ref="[ring]" set="ISOdia" code="02DA">RING ABOVE</sdata>
<sdata ref="[rlarr2]" set="ISOamsa" code="21C4">RIGHTWARDS ARROW OVER LEFTWARDS ARROW</sdata>
<sdata ref="[rlhar2]" set="ISOamsa" code="21CC">RIGHTWARDS HARPOON OVER LEFTWARDS HARPOON</sdata>
<sdata ref="[rlm]" set="HTMLspecial" code="200F">RIGHT-TO-LEFT MARK</sdata>
<sdata ref="[rpar]" set="ISOnum" code="0029">RIGHT PARENTHESIS</sdata>
<sdata ref="[rsaquo]" set="HTMLspecial" code="203A">SINGLE RIGHT-POINTING ANGLE QUOTATION MARK</sdata>
<sdata ref="[rsh]" set="ISOamsa" code="21B1">UPWARDS ARROW WITH TIP RIGHTWARDS</sdata>
<sdata ref="[rsqb]" set="ISOnum" code="005D">RIGHT SQUARE BRACKET</sdata>
<sdata ref="[rsquo]" set="ISOnum" code="2019">RIGHT SINGLE QUOTATION MARK</sdata>
<sdata ref="[rsquor]" set="ISOpub" code="2018">LEFT SINGLE QUOTATION MARK</sdata>
<sdata ref="[rthree]" set="ISOamsb" code="22CC">RIGHT SEMIDIRECT PRODUCT</sdata>
<sdata ref="[rtimes]" set="ISOamsb" code="22CA">RIGHT NORMAL FACTOR SEMIDIRECT PRODUCT</sdata>
<sdata ref="[rtri]" set="ISOpub" code="25B9">WHITE RIGHT-POINTING SMALL TRIANGLE</sdata>
<sdata ref="[rtrie]" set="ISOamsr" code="22B5">CONTAINS AS NORMAL SUBGROUP OR EQUAL TO</sdata>
<sdata ref="[rtrif]" set="ISOpub" code="25B8">BLACK RIGHT-POINTING SMALL TRIANGLE</sdata>
<sdata ref="[rx]" set="ISOpub" code="211E">PRESCRIPTION TAKE</sdata>
<sdata ref="[Sacute]" set="ISOlat2" code="015A">LATIN CAPITAL LETTER S WITH ACUTE</sdata>
<sdata ref="[sacute]" set="ISOlat2" code="015B">LATIN SMALL LETTER S WITH ACUTE</sdata>
<sdata ref="[samalg]" set="ISOamsr" code="2210">N-ARY COPRODUCT</sdata>
<sdata ref="[sbquo]" set="HTMLspecial" code="201A">SINGLE LOW-9 QUOTATION MARK</sdata>
<sdata ref="[sbsol]" set="ISOamso" code="005C">REVERSE SOLIDUS</sdata>
<sdata ref="[sc]" set="ISOamsr" code="227B">SUCCEEDS</sdata>
<sdata ref="[Scaron]" set="ISOlat2" code="0160">LATIN CAPITAL LETTER S WITH CARON</sdata>
<sdata ref="[scaron]" set="ISOlat2" code="0161">LATIN SMALL LETTER S WITH CARON</sdata>
<sdata ref="[sccue]" set="ISOamsr" code="227D">SUCCEEDS OR EQUAL TO</sdata>
<sdata ref="[sce]" set="ISOamsr" code="227D">SUCCEEDS OR EQUAL TO</sdata>
<sdata ref="[Scedil]" set="ISOlat2" code="015E">LATIN CAPITAL LETTER S WITH CEDILLA</sdata>
<sdata ref="[scedil]" set="ISOlat2" code="015F">LATIN SMALL LETTER S WITH CEDILLA</sdata>
<sdata ref="[Scirc]" set="ISOlat2" code="015C">LATIN CAPITAL LETTER S WITH CIRCUMFLEX</sdata>
<sdata ref="[scirc]" set="ISOlat2" code="015D">LATIN SMALL LETTER S WITH CIRCUMFLEX</sdata>
<sdata ref="[scnsim]" set="ISOamsn" code="22E9">SUCCEEDS BUT NOT EQUIVALENT TO</sdata>
<sdata ref="[scsim]" set="ISOamsr" code="227F">SUCCEEDS OR EQUIVALENT TO</sdata>
<sdata ref="[Scy]" set="ISOcyr1" code="0421">CYRILLIC CAPITAL LETTER ES</sdata>
<sdata ref="[scy]" set="ISOcyr1" code="0441">CYRILLIC SMALL LETTER ES</sdata>
<sdata ref="[sdot]" set="ISOamsb" code="22C5">DOT OPERATOR</sdata>
<sdata ref="[sdotb]" set="ISOamsb" code="22A1">SQUARED DOT OPERATOR</sdata>
<sdata ref="[sect]" set="ISOnum" code="00A7">SECTION SIGN</sdata>
<sdata ref="[semi]" set="ISOnum" code="003B">SEMICOLON</sdata>
<sdata ref="[setmn]" set="ISOamsb" code="2216">SET MINUS</sdata>
<sdata ref="[sext]" set="ISOpub" code="2736">SIX POINTED BLACK STAR</sdata>
<sdata ref="[sfgr]" set="ISOgrk1" code="03C2">GREEK SMALL LETTER FINAL SIGMA</sdata>
<sdata ref="[sfrown]" set="ISOamsr" code="2322">FROWN</sdata>
<sdata ref="[Sgr]" set="ISOgrk1" code="03A3">GREEK CAPITAL LETTER SIGMA</sdata>
<sdata ref="[sgr]" set="ISOgrk1" code="03C3">GREEK SMALL LETTER SIGMA</sdata>
<sdata ref="[sharp]" set="ISOpub" code="266F">MUSIC SHARP SIGN</sdata>
<sdata ref="[SHCHcy]" set="ISOcyr1" code="0429">CYRILLIC CAPITAL LETTER SHCHA</sdata>
<sdata ref="[shchcy]" set="ISOcyr1" code="0449">CYRILLIC SMALL LETTER SHCHA</sdata>
<sdata ref="[SHcy]" set="ISOcyr1" code="0428">CYRILLIC CAPITAL LETTER SHA</sdata>
<sdata ref="[shcy]" set="ISOcyr1" code="0448">CYRILLIC SMALL LETTER SHA</sdata>
<sdata ref="[shy]" set="ISOnum" code="00AD">SOFT HYPHEN</sdata>
<sdata ref="[Sigma]" set="ISOgrk3" code="03A3">GREEK CAPITAL LETTER SIGMA</sdata>
<sdata ref="[sigma]" set="ISOgrk3" code="03C3">GREEK SMALL LETTER SIGMA</sdata>
<sdata ref="[sigmaf]" set="HTMLsymbol" code="03C2">GREEK SMALL LETTER FINAL SIGMA</sdata>
<sdata ref="[sigmav]" set="ISOgrk3" code="03C2">GREEK SMALL LETTER FINAL SIGMA</sdata>
<sdata ref="[sim]" set="ISOtech" code="223C">TILDE OPERATOR</sdata>
<sdata ref="[sime]" set="ISOtech" code="2243">ASYMPTOTICALLY EQUAL TO</sdata>
<sdata ref="[smile]" set="ISOamsr" code="2323">SMILE</sdata>
<sdata ref="[SOFTcy]" set="ISOcyr1" code="042C">CYRILLIC CAPITAL LETTER SOFT SIGN</sdata>
<sdata ref="[softcy]" set="ISOcyr1" code="044C">CYRILLIC SMALL LETTER SOFT SIGN</sdata>
<sdata ref="[sol]" set="ISOnum" code="002F">SOLIDUS</sdata>
<sdata ref="[spades]" set="ISOpub" code="2660">BLACK SPADE SUIT</sdata>
<sdata ref="[spar]" set="ISOamsr" code="2225">PARALLEL TO</sdata>
<sdata ref="[sqcap]" set="ISOamsb" code="2293">SQUARE CAP</sdata>
<sdata ref="[sqcup]" set="ISOamsb" code="2294">SQUARE CUP</sdata>
<sdata ref="[sqsub]" set="ISOamsr" code="228F">SQUARE IMAGE OF</sdata>
<sdata ref="[sqsube]" set="ISOamsr" code="2291">SQUARE IMAGE OF OR EQUAL TO</sdata>
<sdata ref="[sqsup]" set="ISOamsr" code="2290">SQUARE ORIGINAL OF</sdata>
<sdata ref="[sqsupe]" set="ISOamsr" code="2292">SQUARE ORIGINAL OF OR EQUAL TO</sdata>
<sdata ref="[squ]" set="ISOpub" code="25A1">WHITE SQUARE</sdata>
<sdata ref="[square]" set="ISOtech" code="25A1">WHITE SQUARE</sdata>
<sdata ref="[squf]" set="ISOpub" code="25AA">BLACK SMALL SQUARE</sdata>
<sdata ref="[ssetmn]" set="ISOamsb" code="2216">SET MINUS</sdata>
<sdata ref="[ssmile]" set="ISOamsr" code="2323">SMILE</sdata>
<sdata ref="[sstarf]" set="ISOamsb" code="22C6">STAR OPERATOR</sdata>
<sdata ref="[star]" set="ISOpub" code="2606">WHITE STAR</sdata>
<sdata ref="[starf]" set="ISOpub" code="2605">BLACK STAR</sdata>
<sdata ref="[Sub]" set="ISOamsr" code="22D0">DOUBLE SUBSET</sdata>
<sdata ref="[sub]" set="ISOtech" code="2282">SUBSET OF</sdata>
<sdata ref="[subE]" set="ISOamsr" code="2286">SUBSET OF OR EQUAL TO</sdata>
<sdata ref="[sube]" set="ISOtech" code="2286">SUBSET OF OR EQUAL TO</sdata>
<sdata ref="[subnE]" set="ISOamsn" code="228A">SUBSET OF WITH NOT EQUAL TO</sdata>
<sdata ref="[subne]" set="ISOamsn" code="228A">SUBSET OF WITH NOT EQUAL TO</sdata>
<sdata ref="[sum]" set="ISOamsb" code="2211">N-ARY SUMMATION</sdata>
<sdata ref="[sung]" set="ISOnum" code="266A">EIGHTH NOTE</sdata>
<sdata ref="[Sup]" set="ISOamsr" code="22D1">DOUBLE SUPERSET</sdata>
<sdata ref="[sup]" set="ISOtech" code="2283">SUPERSET OF</sdata>
<sdata ref="[sup1]" set="ISOnum" code="00B9">SUPERSCRIPT ONE</sdata>
<sdata ref="[sup2]" set="ISOnum" code="00B2">SUPERSCRIPT TWO</sdata>
<sdata ref="[sup3]" set="ISOnum" code="00B3">SUPERSCRIPT THREE</sdata>
<sdata ref="[supE]" set="ISOamsr" code="2287">SUPERSET OF OR EQUAL TO</sdata>
<sdata ref="[supe]" set="ISOtech" code="2287">SUPERSET OF OR EQUAL TO</sdata>
<sdata ref="[supnE]" set="ISOamsn" code="228B">SUPERSET OF WITH NOT EQUAL TO</sdata>
<sdata ref="[supne]" set="ISOamsn" code="228B">SUPERSET OF WITH NOT EQUAL TO</sdata>
<sdata ref="[szlig]" set="ISOlat1" code="00DF">LATIN SMALL LETTER SHARP S</sdata>
<sdata ref="[target]" set="ISOpub" code="2316">POSITION INDICATOR</sdata>
<sdata ref="[Tau]" set="HTMLsymbol" code="03A4">GREEK CAPITAL LETTER TAU</sdata>
<sdata ref="[tau]" set="ISOgrk3" code="03C4">GREEK SMALL LETTER TAU</sdata>
<sdata ref="[Tcaron]" set="ISOlat2" code="0164">LATIN CAPITAL LETTER T WITH CARON</sdata>
<sdata ref="[tcaron]" set="ISOlat2" code="0165">LATIN SMALL LETTER T WITH CARON</sdata>
<sdata ref="[Tcedil]" set="ISOlat2" code="0162">LATIN CAPITAL LETTER T WITH CEDILLA</sdata>
<sdata ref="[tcedil]" set="ISOlat2" code="0163">LATIN SMALL LETTER T WITH CEDILLA</sdata>
<sdata ref="[Tcy]" set="ISOcyr1" code="0422">CYRILLIC CAPITAL LETTER TE</sdata>
<sdata ref="[tcy]" set="ISOcyr1" code="0442">CYRILLIC SMALL LETTER TE</sdata>
<sdata ref="[tdot]" set="ISOtech" code="20DB">COMBINING THREE DOTS ABOVE</sdata>
<sdata ref="[telrec]" set="ISOpub" code="2315">TELEPHONE RECORDER</sdata>
<sdata ref="[Tgr]" set="ISOgrk1" code="03A4">GREEK CAPITAL LETTER TAU</sdata>
<sdata ref="[tgr]" set="ISOgrk1" code="03C4">GREEK SMALL LETTER TAU</sdata>
<sdata ref="[there4]" set="ISOtech" code="2234">THEREFORE</sdata>
<sdata ref="[theta]" set="HTMLsymbol" code="03B8">GREEK SMALL LETTER THETA</sdata>
<sdata ref="[Theta]" set="ISOgrk3" code="0398">GREEK CAPITAL LETTER THETA</sdata>
<sdata ref="[thetas]" set="ISOgrk3" code="03B8">GREEK SMALL LETTER THETA</sdata>
<sdata ref="[thetasym]" set="HTMLsymbol" code="03D1">GREEK THETA SYMBOL</sdata>
<sdata ref="[thetav]" set="ISOgrk3" code="03D1">GREEK THETA SYMBOL</sdata>
<sdata ref="[THgr]" set="ISOgrk1" code="0398">GREEK CAPITAL LETTER THETA</sdata>
<sdata ref="[thgr]" set="ISOgrk1" code="03B8">GREEK SMALL LETTER THETA</sdata>
<sdata ref="[thinsp]" set="ISOpub" code="2009">THIN SPACE</sdata>
<sdata ref="[thkap]" set="ISOamsr" code="2248">ALMOST EQUAL TO</sdata>
<sdata ref="[thksim]" set="ISOamsr" code="223C">TILDE OPERATOR</sdata>
<sdata ref="[THORN]" set="ISOlat1" code="00DE">LATIN CAPITAL LETTER THORN</sdata>
<sdata ref="[thorn]" set="ISOlat1" code="00FE">LATIN SMALL LETTER THORN</sdata>
<sdata ref="[tilde]" set="ISOdia" code="02DC">SMALL TILDE</sdata>
<sdata ref="[times]" set="ISOnum" code="00D7">MULTIPLICATION SIGN</sdata>
<sdata ref="[timesb]" set="ISOamsb" code="22A0">SQUARED TIMES</sdata>
<sdata ref="[top]" set="ISOamsb" code="22A4">DOWN TACK</sdata>
<sdata ref="[tprime]" set="ISOtech" code="2034">TRIPLE PRIME</sdata>
<sdata ref="[trade]" set="ISOnum" code="2122">TRADE MARK SIGN</sdata>
<sdata ref="[trie]" set="ISOamsr" code="225C">DELTA EQUAL TO</sdata>
<sdata ref="[TScy]" set="ISOcyr1" code="0426">CYRILLIC CAPITAL LETTER TSE</sdata>
<sdata ref="[tscy]" set="ISOcyr1" code="0446">CYRILLIC SMALL LETTER TSE</sdata>
<sdata ref="[TSHcy]" set="ISOcyr2" code="040B">CYRILLIC CAPITAL LETTER TSHE</sdata>
<sdata ref="[tshcy]" set="ISOcyr2" code="045B">CYRILLIC SMALL LETTER TSHE</sdata>
<sdata ref="[Tstrok]" set="ISOlat2" code="0166">LATIN CAPITAL LETTER T WITH STROKE</sdata>
<sdata ref="[tstrok]" set="ISOlat2" code="0167">LATIN SMALL LETTER T WITH STROKE</sdata>
<sdata ref="[twixt]" set="ISOamsr" code="226C">BETWEEN</sdata>
<sdata ref="[Uacgr]" set="ISOgrk2" code="038E">GREEK CAPITAL LETTER UPSILON WITH TONOS</sdata>
<sdata ref="[uacgr]" set="ISOgrk2" code="03CD">GREEK SMALL LETTER UPSILON WITH TONOS</sdata>
<sdata ref="[Uacute]" set="ISOlat1" code="00DA">LATIN CAPITAL LETTER U WITH ACUTE</sdata>
<sdata ref="[uacute]" set="ISOlat1" code="00FA">LATIN SMALL LETTER U WITH ACUTE</sdata>
<sdata ref="[uArr]" set="ISOamsa" code="21D1">UPWARDS DOUBLE ARROW</sdata>
<sdata ref="[uarr]" set="ISOnum" code="2191">UPWARDS ARROW</sdata>
<sdata ref="[uarr2]" set="ISOamsa" code="21C8">UPWARDS PAIRED ARROWS</sdata>
<sdata ref="[Ubrcy]" set="ISOcyr2" code="040E">CYRILLIC CAPITAL LETTER SHORT U</sdata>
<sdata ref="[ubrcy]" set="ISOcyr2" code="045E">CYRILLIC SMALL LETTER SHORT U</sdata>
<sdata ref="[Ubreve]" set="ISOlat2" code="016C">LATIN CAPITAL LETTER U WITH BREVE</sdata>
<sdata ref="[ubreve]" set="ISOlat2" code="016D">LATIN SMALL LETTER U WITH BREVE</sdata>
<sdata ref="[Ucirc]" set="ISOlat1" code="00DB">LATIN CAPITAL LETTER U WITH CIRCUMFLEX</sdata>
<sdata ref="[ucirc]" set="ISOlat1" code="00FB">LATIN SMALL LETTER U WITH CIRCUMFLEX</sdata>
<sdata ref="[Ucy]" set="ISOcyr1" code="0423">CYRILLIC CAPITAL LETTER U</sdata>
<sdata ref="[ucy]" set="ISOcyr1" code="0443">CYRILLIC SMALL LETTER U</sdata>
<sdata ref="[Udblac]" set="ISOlat2" code="0170">LATIN CAPITAL LETTER U WITH DOUBLE ACUTE</sdata>
<sdata ref="[udblac]" set="ISOlat2" code="0171">LATIN SMALL LETTER U WITH DOUBLE ACUTE</sdata>
<sdata ref="[udiagr]" set="ISOgrk2" code="03B0">GREEK SMALL LETTER UPSILON WITH DIALYTIKA AND TONOS</sdata>
<sdata ref="[Udigr]" set="ISOgrk2" code="03AB">GREEK CAPITAL LETTER UPSILON WITH DIALYTIKA</sdata>
<sdata ref="[udigr]" set="ISOgrk2" code="03CB">GREEK SMALL LETTER UPSILON WITH DIALYTIKA</sdata>
<sdata ref="[Ugr]" set="ISOgrk1" code="03A5">GREEK CAPITAL LETTER UPSILON</sdata>
<sdata ref="[ugr]" set="ISOgrk1" code="03C5">GREEK SMALL LETTER UPSILON</sdata>
<sdata ref="[Ugrave]" set="ISOlat1" code="00D9">LATIN CAPITAL LETTER U WITH GRAVE</sdata>
<sdata ref="[ugrave]" set="ISOlat1" code="00F9">LATIN SMALL LETTER U WITH GRAVE</sdata>
<sdata ref="[uharl]" set="ISOamsa" code="21BF">UPWARDS HARPOON WITH BARB LEFTWARDS</sdata>
<sdata ref="[uharr]" set="ISOamsa" code="21BE">UPWARDS HARPOON WITH BARB RIGHTWARDS</sdata>
<sdata ref="[uhblk]" set="ISOpub" code="2580">UPPER HALF BLOCK</sdata>
<sdata ref="[ulcorn]" set="ISOamsc" code="231C">TOP LEFT CORNER</sdata>
<sdata ref="[ulcrop]" set="ISOpub" code="230F">TOP LEFT CROP</sdata>
<sdata ref="[Umacr]" set="ISOlat2" code="016A">LATIN CAPITAL LETTER U WITH MACRON</sdata>
<sdata ref="[umacr]" set="ISOlat2" code="016B">LATIN SMALL LETTER U WITH MACRON</sdata>
<sdata ref="[uml]" set="ISOdia" code="00A8">DIAERESIS</sdata>
<sdata ref="[Uogon]" set="ISOlat2" code="0172">LATIN CAPITAL LETTER U WITH OGONEK</sdata>
<sdata ref="[uogon]" set="ISOlat2" code="0173">LATIN SMALL LETTER U WITH OGONEK</sdata>
<sdata ref="[uplus]" set="ISOamsb" code="228E">MULTISET UNION</sdata>
<sdata ref="[Upsi]" set="ISOgrk3" code="03A5">GREEK CAPITAL LETTER UPSILON</sdata>
<sdata ref="[upsi]" set="ISOgrk3" code="03C5">GREEK SMALL LETTER UPSILON</sdata>
<sdata ref="[upsih]" set="HTMLsymbol" code="03D2">GREEK UPSILON WITH HOOK SYMBOL</sdata>
<sdata ref="[Upsilon]" set="HTMLsymbol" code="03A5">GREEK CAPITAL LETTER UPSILON</sdata>
<sdata ref="[upsilon]" set="HTMLsymbol" code="03C5">GREEK SMALL LETTER UPSILON</sdata>
<sdata ref="[urcorn]" set="ISOamsc" code="231D">TOP RIGHT CORNER</sdata>
<sdata ref="[urcrop]" set="ISOpub" code="230E">TOP RIGHT CROP</sdata>
<sdata ref="[Uring]" set="ISOlat2" code="016E">LATIN CAPITAL LETTER U WITH RING ABOVE</sdata>
<sdata ref="[uring]" set="ISOlat2" code="016F">LATIN SMALL LETTER U WITH RING ABOVE</sdata>
<sdata ref="[Utilde]" set="ISOlat2" code="0168">LATIN CAPITAL LETTER U WITH TILDE</sdata>
<sdata ref="[utilde]" set="ISOlat2" code="0169">LATIN SMALL LETTER U WITH TILDE</sdata>
<sdata ref="[utri]" set="ISOpub" code="25B5">WHITE UP-POINTING SMALL TRIANGLE</sdata>
<sdata ref="[utrif]" set="ISOpub" code="25B4">BLACK UP-POINTING SMALL TRIANGLE</sdata>
<sdata ref="[Uuml]" set="ISOlat1" code="00DC">LATIN CAPITAL LETTER U WITH DIAERESIS</sdata>
<sdata ref="[uuml]" set="ISOlat1" code="00FC">LATIN SMALL LETTER U WITH DIAERESIS</sdata>
<sdata ref="[varr]" set="ISOamsa" code="2195">UP DOWN ARROW</sdata>
<sdata ref="[vArr]" set="ISOamsa" code="21D5">UP DOWN DOUBLE ARROW</sdata>
<sdata ref="[Vcy]" set="ISOcyr1" code="0412">CYRILLIC CAPITAL LETTER VE</sdata>
<sdata ref="[vcy]" set="ISOcyr1" code="0432">CYRILLIC SMALL LETTER VE</sdata>
<sdata ref="[vdash]" set="ISOamsr" code="22A2">RIGHT TACK</sdata>
<sdata ref="[vDash]" set="ISOamsr" code="22A8">TRUE</sdata>
<sdata ref="[Vdash]" set="ISOamsr" code="22A9">FORCES</sdata>
<sdata ref="[veebar]" set="ISOamsr" code="22BB">XOR</sdata>
<sdata ref="[vellip]" set="ISOpub" code="22EE">VERTICAL ELLIPSIS</sdata>
<sdata ref="[verbar]" set="ISOnum" code="007C">VERTICAL LINE</sdata>
<sdata ref="[Verbar]" set="ISOtech" code="2016">DOUBLE VERTICAL LINE</sdata>
<sdata ref="[vltri]" set="ISOamsr" code="22B2">NORMAL SUBGROUP OF</sdata>
<sdata ref="[vprime]" set="ISOamso" code="2032">PRIME</sdata>
<sdata ref="[vprop]" set="ISOamsr" code="221D">PROPORTIONAL TO</sdata>
<sdata ref="[vrtri]" set="ISOamsr" code="22B3">CONTAINS AS NORMAL SUBGROUP</sdata>
<sdata ref="[vsubnE]" set="ISOamsn" code="228A">SUBSET OF WITH NOT EQUAL TO</sdata>
<sdata ref="[vsubne]" set="ISOamsn" code="228A">SUBSET OF WITH NOT EQUAL TO</sdata>
<sdata ref="[vsupne]" set="ISOamsn" code="228B">SUPERSET OF WITH NOT EQUAL TO</sdata>
<sdata ref="[vsupnE]" set="ISOamsn" code="228B">SUPERSET OF WITH NOT EQUAL TO</sdata>
<sdata ref="[Vvdash]" set="ISOamsr" code="22AA">TRIPLE VERTICAL BAR RIGHT TURNSTILE</sdata>
<sdata ref="[Wcirc]" set="ISOlat2" code="0174">LATIN CAPITAL LETTER W WITH CIRCUMFLEX</sdata>
<sdata ref="[wcirc]" set="ISOlat2" code="0175">LATIN SMALL LETTER W WITH CIRCUMFLEX</sdata>
<sdata ref="[wedgeq]" set="ISOtech" code="2259">ESTIMATES</sdata>
<sdata ref="[weierp]" set="ISOamso" code="2118">SCRIPT CAPITAL P</sdata>
<sdata ref="[wreath]" set="ISOamsb" code="2240">WREATH PRODUCT</sdata>
<sdata ref="[xcirc]" set="ISOamsb" code="25CB">WHITE CIRCLE</sdata>
<sdata ref="[xdtri]" set="ISOamsb" code="25BD">WHITE DOWN-POINTING TRIANGLE</sdata>
<sdata ref="[Xgr]" set="ISOgrk1" code="039E">GREEK CAPITAL LETTER XI</sdata>
<sdata ref="[xgr]" set="ISOgrk1" code="03BE">GREEK SMALL LETTER XI</sdata>
<sdata ref="[xhArr]" set="ISOamsa" code="2194">LEFT RIGHT ARROW</sdata>
<sdata ref="[xharr]" set="ISOamsa" code="2194">LEFT RIGHT ARROW</sdata>
<sdata ref="[Xi]" set="ISOgrk3" code="039E">GREEK CAPITAL LETTER XI</sdata>
<sdata ref="[xi]" set="ISOgrk3" code="03BE">GREEK SMALL LETTER XI</sdata>
<sdata ref="[xlArr]" set="ISOamsa" code="21D0">LEFTWARDS DOUBLE ARROW</sdata>
<sdata ref="[xrArr]" set="ISOamsa" code="21D2">RIGHTWARDS DOUBLE ARROW</sdata>
<sdata ref="[xutri]" set="ISOamsb" code="25B3">WHITE UP-POINTING TRIANGLE</sdata>
<sdata ref="[Yacute]" set="ISOlat1" code="00DD">LATIN CAPITAL LETTER Y WITH ACUTE</sdata>
<sdata ref="[yacute]" set="ISOlat1" code="00FD">LATIN SMALL LETTER Y WITH ACUTE</sdata>
<sdata ref="[YAcy]" set="ISOcyr1" code="042F">CYRILLIC CAPITAL LETTER YA</sdata>
<sdata ref="[yacy]" set="ISOcyr1" code="044F">CYRILLIC SMALL LETTER YA</sdata>
<sdata ref="[Ycirc]" set="ISOlat2" code="0176">LATIN CAPITAL LETTER Y WITH CIRCUMFLEX</sdata>
<sdata ref="[ycirc]" set="ISOlat2" code="0177">LATIN SMALL LETTER Y WITH CIRCUMFLEX</sdata>
<sdata ref="[Ycy]" set="ISOcyr1" code="042B">CYRILLIC CAPITAL LETTER YERU</sdata>
<sdata ref="[ycy]" set="ISOcyr1" code="044B">CYRILLIC SMALL LETTER YERU</sdata>
<sdata ref="[yen]" set="ISOnum" code="00A5">YEN SIGN</sdata>
<sdata ref="[YIcy]" set="ISOcyr2" code="0407">CYRILLIC CAPITAL LETTER YI</sdata>
<sdata ref="[yicy]" set="ISOcyr2" code="0457">CYRILLIC SMALL LETTER YI</sdata>
<sdata ref="[YUcy]" set="ISOcyr1" code="042E">CYRILLIC CAPITAL LETTER YU</sdata>
<sdata ref="[yucy]" set="ISOcyr1" code="044E">CYRILLIC SMALL LETTER YU</sdata>
<sdata ref="[yuml]" set="ISOlat1" code="00FF">LATIN SMALL LETTER Y WITH DIAERESIS</sdata>
<sdata ref="[Yuml]" set="ISOlat2" code="0178">LATIN CAPITAL LETTER Y WITH DIAERESIS</sdata>
<sdata ref="[Zacute]" set="ISOlat2" code="0179">LATIN CAPITAL LETTER Z WITH ACUTE</sdata>
<sdata ref="[zacute]" set="ISOlat2" code="017A">LATIN SMALL LETTER Z WITH ACUTE</sdata>
<sdata ref="[Zcaron]" set="ISOlat2" code="017D">LATIN CAPITAL LETTER Z WITH CARON</sdata>
<sdata ref="[zcaron]" set="ISOlat2" code="017E">LATIN SMALL LETTER Z WITH CARON</sdata>
<sdata ref="[Zcy]" set="ISOcyr1" code="0417">CYRILLIC CAPITAL LETTER ZE</sdata>
<sdata ref="[zcy]" set="ISOcyr1" code="0437">CYRILLIC SMALL LETTER ZE</sdata>
<sdata ref="[Zdot]" set="ISOlat2" code="017B">LATIN CAPITAL LETTER Z WITH DOT ABOVE</sdata>
<sdata ref="[zdot]" set="ISOlat2" code="017C">LATIN SMALL LETTER Z WITH DOT ABOVE</sdata>
<sdata ref="[Zeta]" set="HTMLsymbol" code="0396">GREEK CAPITAL LETTER ZETA</sdata>
<sdata ref="[zeta]" set="ISOgrk3" code="03B6">GREEK SMALL LETTER ZETA</sdata>
<sdata ref="[Zgr]" set="ISOgrk1" code="0396">GREEK CAPITAL LETTER ZETA</sdata>
<sdata ref="[zgr]" set="ISOgrk1" code="03B6">GREEK SMALL LETTER ZETA</sdata>
<sdata ref="[ZHcy]" set="ISOcyr1" code="0416">CYRILLIC CAPITAL LETTER ZHE</sdata>
<sdata ref="[zhcy]" set="ISOcyr1" code="0436">CYRILLIC SMALL LETTER ZHE</sdata>
<sdata ref="[zwj]" set="HTMLspecial" code="200D">ZERO WIDTH JOINER</sdata>
<sdata ref="[zwnj]" set="HTMLspecial" code="200C">ZERO WIDTH NON-JOINER</sdata>
</sdatas>
