<?xml version="1.0" encoding="UTF-8"?>
<directory name=".">
  <directory name="maindoc">
    <file name="UBL-ApplicationResponse-2.1.ods"/>
    <file name="UBL-AttachedDocument-2.1.ods"/>
    <file name="UBL-AwardedNotification-2.1.ods"/>
    <file name="UBL-BillOfLading-2.1.ods"/>
    <file name="UBL-CallForTenders-2.1.ods"/>
    <file name="UBL-Catalogue-2.1.ods"/>
    <file name="UBL-CatalogueDeletion-2.1.ods"/>
    <file name="UBL-CatalogueItemSpecificationUpdate-2.1.ods"/>
    <file name="UBL-CataloguePricingUpdate-2.1.ods"/>
    <file name="UBL-CatalogueRequest-2.1.ods"/>
    <file name="UBL-CertificateOfOrigin-2.1.ods"/>
    <file name="UBL-ContractAwardNotice-2.1.ods"/>
    <file name="UBL-ContractNotice-2.1.ods"/>
    <file name="UBL-CreditNote-2.1.ods"/>
    <file name="UBL-DebitNote-2.1.ods"/>
    <file name="UBL-DespatchAdvice-2.1.ods"/>
    <file name="UBL-DocumentStatus-2.1.ods"/>
    <file name="UBL-DocumentStatusRequest-2.1.ods"/>
    <file name="UBL-ExceptionCriteria-2.1.ods"/>
    <file name="UBL-ExceptionNotification-2.1.ods"/>
    <file name="UBL-Forecast-2.1.ods"/>
    <file name="UBL-ForecastRevision-2.1.ods"/>
    <file name="UBL-ForwardingInstructions-2.1.ods"/>
    <file name="UBL-FreightInvoice-2.1.ods"/>
    <file name="UBL-FulfilmentCancellation-2.1.ods"/>
    <file name="UBL-GoodsItemItinerary-2.1.ods"/>
    <file name="UBL-GuaranteeCertificate-2.1.ods"/>
    <file name="UBL-InstructionForReturns-2.1.ods"/>
    <file name="UBL-InventoryReport-2.1.ods"/>
    <file name="UBL-Invoice-2.1.ods"/>
    <file name="UBL-ItemInformationRequest-2.1.ods"/>
    <file name="UBL-Order-2.1.ods"/>
    <file name="UBL-OrderCancellation-2.1.ods"/>
    <file name="UBL-OrderChange-2.1.ods"/>
    <file name="UBL-OrderResponse-2.1.ods"/>
    <file name="UBL-OrderResponseSimple-2.1.ods"/>
    <file name="UBL-PackingList-2.1.ods"/>
    <file name="UBL-PriorInformationNotice-2.1.ods"/>
    <file name="UBL-ProductActivity-2.1.ods"/>
    <file name="UBL-Quotation-2.1.ods"/>
    <file name="UBL-ReceiptAdvice-2.1.ods"/>
    <file name="UBL-Reminder-2.1.ods"/>
    <file name="UBL-RemittanceAdvice-2.1.ods"/>
    <file name="UBL-RequestForQuotation-2.1.ods"/>
    <file name="UBL-RetailEvent-2.1.ods"/>
    <file name="UBL-SelfBilledCreditNote-2.1.ods"/>
    <file name="UBL-SelfBilledInvoice-2.1.ods"/>
    <file name="UBL-Statement-2.1.ods"/>
    <file name="UBL-StockAvailabilityReport-2.1.ods"/>
    <file name="UBL-Tender-2.1.ods"/>
    <file name="UBL-TendererQualification-2.1.ods"/>
    <file name="UBL-TendererQualificationResponse-2.1.ods"/>
    <file name="UBL-TenderReceipt-2.1.ods"/>
    <file name="UBL-TradeItemLocationProfile-2.1.ods"/>
    <file name="UBL-TransportationStatus-2.1.ods"/>
    <file name="UBL-TransportationStatusRequest-2.1.ods"/>
    <file name="UBL-TransportExecutionPlan-2.1.ods"/>
    <file name="UBL-TransportExecutionPlanRequest-2.1.ods"/>
    <file name="UBL-TransportProgressStatus-2.1.ods"/>
    <file name="UBL-TransportProgressStatusRequest-2.1.ods"/>
    <file name="UBL-TransportServiceDescription-2.1.ods"/>
    <file name="UBL-TransportServiceDescriptionRequest-2.1.ods"/>
    <file name="UBL-UnawardedNotification-2.1.ods"/>
    <file name="UBL-UtilityStatement-2.1.ods"/>
    <file name="UBL-Waybill-2.1.ods"/>
  </directory>
  <directory name="common">
    <file name="UBL-CommonLibrary-2.1.ods"/>
  </directory>
</directory>