<?xml version="1.0" encoding="US-ASCII"?>
<project default="Crane-xls2ods2xml">
<description>
  This Ant task "Crane-xls2ods2xml" converts a spreadsheet into an XML 
  instance.

  $Id: Crane-xls2ods2xml.xml,v 1.7 2008/07/15 23:19:52 gkholman Exp $

  Mandatory input parameters:

    errorfile - name of the error file (appended with messages)
    xmlfile - name of the XML output file (old is deleted as part of script)
    workdir - working directory (temporary files are deleted as part of script)

  Alternative input parameters (choose exactly one of the following two sets):

    When the input is a Microsft .xls file, three arguments are required, as
    well as an installation of the CraneXLS2ODS macro in Open Office:

      xlsfile - name of spreadsheet in Microsoft .xls format
      soffice - invocation executable for Open Office

    When the input is an Open Document Spreadsheet .ods file one argument is
    required:

      odsfile - name of spreadsheet in Open Document Spreadsheet .ods format

  Examples of use:
  <![CDATA[
    <target name="make-xls2xml">
    
      <ant antfile="Crane-xls2ods2xml.xml">
        <property name="errorfile" value="t:\err.txt"/>
        <property name="xmlfile" value="t:\test.xml"/>
        <property name="workdir" value="t:\ftemp"/>
        <property name="xlsfile" value="t:\test.xls"/>
        <property name="soffice" value="soffice"/>
      </ant>
    
    </target>
    <target name="make-ods2xml">
    
      <ant antfile="Crane-xls2ods2xml.xml">
        <property name="errorfile" value="t:\err.txt"/>
        <property name="xmlfile" value="t:\test.xml"/>
        <property name="workdir" value="t:\ftemp"/>
        <property name="odsfile" value="t:\test.ods"/>
      </ant>
    
    </target>
    ]]>
  Copyright (C) - Crane Softwrights Ltd.
 		- http://www.CraneSoftwrights.com/links/res-dev.htm

  Redistribution and use in source and binary forms, with or without
  modification, are permitted provided that the following conditions are met:
  
  - Redistributions of source code must retain the above copyright notice,
    this list of conditions and the following disclaimer.
  - Redistributions in binary form must reproduce the above copyright notice,
    this list of conditions and the following disclaimer in the documentation
    and/or other materials provided with the distribution.
  - The name of the author may not be used to endorse or promote products
    derived from this software without specific prior written permission.
  
  THIS SOFTWARE IS PROVIDED BY THE AUTHOR ``AS IS'' AND ANY EXPRESS OR
  IMPLIED WARRANTIES, INCLUDING, BUT NOT LIMITED TO, THE IMPLIED WARRANTIES
  OF MERCHANTABILITY AND FITNESS FOR A PARTICULAR PURPOSE ARE DISCLAIMED. IN
  NO EVENT SHALL THE AUTHOR BE LIABLE FOR ANY DIRECT, INDIRECT, INCIDENTAL,
  SPECIAL, EXEMPLARY, OR CONSEQUENTIAL DAMAGES (INCLUDING, BUT NOT LIMITED
  TO, PROCUREMENT OF SUBSTITUTE GOODS OR SERVICES; LOSS OF USE, DATA, OR
  PROFITS; OR BUSINESS INTERRUPTION) HOWEVER CAUSED AND ON ANY THEORY OF
  LIABILITY, WHETHER IN CONTRACT, STRICT LIABILITY, OR TORT (INCLUDING NEG-
  LIGENCE OR OTHERWISE) ARISING IN ANY WAY OUT OF THE USE OF THIS SOFTWARE,
  EVEN IF ADVISED OF THE POSSIBILITY OF SUCH DAMAGE.
  
  Note: for reference, the above is the "Modified BSD license", this text
  was obtained 2003-07-26 at http://www.xfree86.org/3.3.6/COPYRIGHT2.html#5

</description>

<target name="Crane-xls2ods2xml" 
        depends="-Crane-xls2ods2xml-prep, -Crane-xls2ods2xml-checkargs,
                 -Crane-xls2ods2xml-convert-xls2ods,
                 -Crane-xls2ods2xml-convert-ods2xml,
                 -Crane-xls2ods2xml-convert-ods2xml-cleanup,
                 -Crane-xls2ods2xml-done"/>

<target name="-Crane-xls2ods2xml-prep">
  <delete file="${xmlfile}"/>
  <tstamp>
    <format property="start.time" pattern="yyyy-MM-dd HH:mm:ss"/>
  </tstamp>
  <antcall target="-Crane-xls2ods2xml-message">
    <param name="message" value='Crane-xls2ods2xml start time=${start.time}'/>
  </antcall>
</target>

<target name="-Crane-xls2ods2xml-done">
  <tstamp>
    <format property="end.time" pattern="yyyy-MM-dd HH:mm:ss"/>
  </tstamp>
  <antcall target="-Crane-xls2ods2xml-message">
    <param name="message" value='Crane-xls2ods2xml end time=${end.time}'/>
  </antcall>
  <antcall target="-Crane-xls2ods2xml-message">
    <param name="message" value=''/>
  </antcall>
</target>

<!--========================================================================-->
<!--argument processing-->

<target name="-Crane-xls2ods2xml-checkargs"
        depends="-Crane-xls2ods2xml-check-not-both,
                 -Crane-xls2ods2xml-check-not-neither,
                 -Crane-xls2ods2xml-check-mandatory,
                 -Crane-xls2ods2xml-check-xls-args,
                 -Crane-xls2ods2xml-check-ods-args"/>

<!--confirm exactly one input spreadsheet file specified-->
<target name="-Crane-xls2ods2xml-check-not-both" if="bothfiles">
  <antcall target="-Crane-xls2ods2xml-message">
    <param name="message" 
     value='Cannot supply both xlsfile "${xlsfile}" and odsfile "${odsfile}"'/>
  </antcall>
  <antcall target="-Crane-xls2ods2xml-done"/>
  <fail message="Too many arguments"/>
</target>

<target name="-Crane-xls2ods2xml-check-not-neither" if="neitherfiles">
  <antcall target="-Crane-xls2ods2xml-message">
    <param name="message" 
     value='Must supply one of xlsfile or odsfile properties'/>
  </antcall>
  <antcall target="-Crane-xls2ods2xml-done"/>
  <fail message="Too few arguments"/>
</target>

<!--confirm mandatory arguments are supplied-->
<target name="-Crane-xls2ods2xml-check-mandatory">
  <antcall target="-Crane-xls2ods2xml-required">
    <param name="property" value="errorfile"/>
  </antcall>
  <antcall target="-Crane-xls2ods2xml-required">
    <param name="property" value="xmlfile"/>
  </antcall>
  <antcall target="-Crane-xls2ods2xml-required">
    <param name="property" value="workdir"/>
  </antcall>
  <condition property="neitherfiles">
    <not>
      <or>
        <isset property="odsfile"/>
        <isset property="xlsfile"/>
      </or>
    </not>
  </condition>
  <condition property="bothfiles">
    <and>
      <isset property="odsfile"/>
      <isset property="xlsfile"/>
    </and>
  </condition>
  <antcall target="-Crane-xls2ods2xml-message">
    <param name="message" value='Using: xmlfile="${xmlfile}"'/>
  </antcall>
  <antcall target="-Crane-xls2ods2xml-message">
    <param name="message" value='Using: errorfile="${errorfile}"'/>
  </antcall>
  <antcall target="-Crane-xls2ods2xml-message">
    <param name="message" value='Using: workdir="${workdir}"'/>
  </antcall>
</target>

<!--confirm arguments needed for .xls access-->
<target name="-Crane-xls2ods2xml-check-xls-args" if="xlsfile">
  <antcall target="-Crane-xls2ods2xml-required">
    <param name="property" value="soffice"/>
  </antcall>
  <antcall target="-Crane-xls2ods2xml-message">
    <param name="message" value='Using: xlsfile="${xlsfile}"'/>
  </antcall>
  <antcall target="-Crane-xls2ods2xml-message">
    <param name="message" value='Using: soffice="${soffice}"'/>
  </antcall>
  <tempfile property="odsfile" destdir="${workdir}"/>
</target>

<!--confirm arguments needed for .ods access-->
<target name="-Crane-xls2ods2xml-check-ods-args" if="odsfile">
  <antcall target="-Crane-xls2ods2xml-message">
    <param name="message" value='Using: odsfile="${odsfile}"'/>
  </antcall>
</target>


<!--========================================================================-->
<!--convert XLS to ODS-->

<target name="-Crane-xls2ods2xml-convert-xls2ods" if="xlsfile">
  <echo message="Converting ${xlsfile} to ${odsfile} ..."/>
  <tempfile property="xlscopy" destdir="${workdir}"/>
  <copy file="${xlsfile}" tofile="${xlscopy}.xls"/>
  <exec executable="${soffice}" failonerror="true" failifexecutionfails="true">
    <arg value="-invisible"/>
  <arg value="macro:///Standard.CraneXLS2ODS.CraneXLS2ODS(${xlscopy}.xls)"/>
  </exec>
  <available property="xls-to-ods-successful" file="${xlscopy}.ods"/>
  <fail unless="xls-to-ods-successful"
    message='ODS file "${xlscopy}.ods" not created from XLS file "${xlscopy}.xls"; this is an indication that the CraneXLS2ODS library has not been installed into the invoked copy of Open Office'/>
  <delete file="${xlscopy}.xls"/>
  <move file="${xlscopy}.ods" tofile="${odsfile}"/>
</target>

<!--========================================================================-->
<!--convert ODS to XML-->

<target name="-Crane-xls2ods2xml-convert-ods2xml">
  <echo message="Extracting ${xmlfile} from ${odsfile} ..."/>
  <unzip src="${odsfile}" dest="${workdir}">
    <patternset>
      <include name="content.xml"/>
    </patternset>
  </unzip>
  <move file="${workdir}/content.xml" tofile="${xmlfile}"/>
  <touch file="${xmlfile}"/>
</target>

<target name="-Crane-xls2ods2xml-convert-ods2xml-cleanup" if="xlsfile">
  <echo message="Removing ${odsfile} ..."/>
  <delete file="${odsfile}"/>
</target>

<!--========================================================================-->
<!--required argument checking-->

<target name="-Crane-xls2ods2xml-check-required">
  <condition property="required">
    <isset property="${property}"/>
  </condition>
</target>
<target name="-Crane-xls2ods2xml-required" 
        depends="-Crane-xls2ods2xml-check-required" 
        unless="required">
  <antcall target="-Crane-xls2ods2xml-message">
    <param name="message" value='Missing required arg: "${property}"'/>
  </antcall>
  <antcall target="-Crane-xls2ods2xml-done"/>
  <fail message="Missing required argument"/>
</target>

<!--========================================================================-->
<!--logging detail; echo to log and error file-->

<target name="-Crane-xls2ods2xml-message">
  <echo file="${errorfile}" append="true">
</echo>
  <echo file="${errorfile}" append="true" message="${message}"/>
  <echo message="${message}"/>
</target>

</project>