<?xml version="1.0" encoding="UTF-8"?>
<GuaranteeCertificate xmlns="urn:X-test:UBL:Pre-award:GuaranteeCertificate" xmlns:cac="urn:X-test:UBL:Pre-award:CommonAggregate" xmlns:cbc="urn:X-test:UBL:Pre-award:CommonBasic" xmlns:ext="urn:oasis:names:specification:ubl:schema:xsd:CommonExtensionComponents-2">
  <cbc:ContractFolderID>ZZZ</cbc:ContractFolderID>
  <cbc:IssueDate>2000-01-01</cbc:IssueDate>
  <cbc:LiabilityAmount currencyID="ZZZ">0.000</cbc:LiabilityAmount>
  <cac:GuarantorParty>
  </cac:GuarantorParty>
  <cac:InterestedParty>
  </cac:InterestedParty>
</GuaranteeCertificate>