<?xml version="1.0" encoding="UTF-8"?>
<TransportProgressStatusRequest xmlns="urn:X-test:UBL:Pre-award:TransportProgressStatusRequest" xmlns:cac="urn:X-test:UBL:Pre-award:CommonAggregate" xmlns:cbc="urn:X-test:UBL:Pre-award:CommonBasic" xmlns:ext="urn:oasis:names:specification:ubl:schema:xsd:CommonExtensionComponents-2">
  <cbc:ID>ZZZ</cbc:ID>
  <cbc:IssueDate>2000-01-01</cbc:IssueDate>
  <cbc:IssueTime>00:00:00+0000</cbc:IssueTime>
  <cac:TransportMeans>
  </cac:TransportMeans>
</TransportProgressStatusRequest>