<?xml version="1.0" encoding="UTF-8"?>
<EnquiryResponse xmlns="urn:X-test:UBL:Pre-award:EnquiryResponse" xmlns:cac="urn:X-test:UBL:Pre-award:CommonAggregate" xmlns:cbc="urn:X-test:UBL:Pre-award:CommonBasic" xmlns:ext="urn:oasis:names:specification:ubl:schema:xsd:CommonExtensionComponents-2">
  <cbc:IssueDate>2000-01-01</cbc:IssueDate>
  <cac:RequestorParty>
  </cac:RequestorParty>
  <cac:ResponderParty>
  </cac:ResponderParty>
  <cac:ParentDocumentReference>
    <cbc:ID>ZZZ</cbc:ID>
  </cac:ParentDocumentReference>
</EnquiryResponse>