<?xml version="1.0" encoding="UTF-8"?>
<DespatchAdvice xmlns="urn:X-test:UBL:Pre-award:DespatchAdvice" xmlns:cac="urn:X-test:UBL:Pre-award:CommonAggregate" xmlns:cbc="urn:X-test:UBL:Pre-award:CommonBasic" xmlns:ext="urn:oasis:names:specification:ubl:schema:xsd:CommonExtensionComponents-2">
  <cbc:ID>ZZZ</cbc:ID>
  <cbc:IssueDate>2000-01-01</cbc:IssueDate>
  <cac:DespatchSupplierParty>
  </cac:DespatchSupplierParty>
  <cac:DeliveryCustomerParty>
  </cac:DeliveryCustomerParty>
  <cac:DespatchLine>
    <cbc:ID>ZZZ</cbc:ID>
    <cac:OrderLineReference>
      <cbc:LineID>ZZZ</cbc:LineID>
    </cac:OrderLineReference>
    <cac:Item>
    </cac:Item>
  </cac:DespatchLine>
</DespatchAdvice>