<?xml version="1.0" encoding="UTF-8"?>
<TradeItemLocationProfile xmlns="urn:X-test:UBL:Pre-award:TradeItemLocationProfile" xmlns:cac="urn:X-test:UBL:Pre-award:CommonAggregate" xmlns:cbc="urn:X-test:UBL:Pre-award:CommonBasic" xmlns:ext="urn:oasis:names:specification:ubl:schema:xsd:CommonExtensionComponents-2">
  <cbc:ID>ZZZ</cbc:ID>
  <cbc:IssueDate>2000-01-01</cbc:IssueDate>
  <cac:Period>
  </cac:Period>
  <cac:SenderParty>
  </cac:SenderParty>
  <cac:ReceiverParty>
  </cac:ReceiverParty>
  <cac:ItemManagementProfile>
    <cac:EffectivePeriod>
    </cac:EffectivePeriod>
    <cac:Item>
    </cac:Item>
  </cac:ItemManagementProfile>
</TradeItemLocationProfile>