<?xml version="1.0" encoding="UTF-8"?>
<ItemInformationRequest xmlns="urn:oasis:names:specification:ubl:schema:xsd:ItemInformationRequest-2" xmlns:cac="urn:oasis:names:specification:ubl:schema:xsd:CommonAggregateComponents-2" xmlns:cbc="urn:oasis:names:specification:ubl:schema:xsd:CommonBasicComponents-2" xmlns:ext="urn:oasis:names:specification:ubl:schema:xsd:CommonExtensionComponents-2">
  <cbc:ID>ZZZ</cbc:ID>
  <cbc:IssueDate>2000-01-01</cbc:IssueDate>
  <cac:Period>
  </cac:Period>
  <cac:SenderParty>
  </cac:SenderParty>
  <cac:ReceiverParty>
  </cac:ReceiverParty>
  <cac:ItemInformationRequestLine>
    <cac:Period>
    </cac:Period>
    <cac:SalesItem>
      <cbc:Quantity>000</cbc:Quantity>
      <cac:Item>
      </cac:Item>
    </cac:SalesItem>
  </cac:ItemInformationRequestLine>
</ItemInformationRequest>