<?xml version="1.0" encoding="UTF-8"?>
<InventoryReport xmlns="urn:oasis:names:specification:ubl:schema:xsd:InventoryReport-2" xmlns:cac="urn:oasis:names:specification:ubl:schema:xsd:CommonAggregateComponents-2" xmlns:cbc="urn:oasis:names:specification:ubl:schema:xsd:CommonBasicComponents-2" xmlns:ext="urn:oasis:names:specification:ubl:schema:xsd:CommonExtensionComponents-2">
  <cbc:ID>ZZZ</cbc:ID>
  <cbc:IssueDate>2000-01-01</cbc:IssueDate>
  <cac:RetailerCustomerParty>
  </cac:RetailerCustomerParty>
  <cac:InventoryReportingParty>
  </cac:InventoryReportingParty>
  <cac:InventoryReportLine>
    <cbc:ID>ZZZ</cbc:ID>
    <cbc:Quantity>000</cbc:Quantity>
    <cac:Item>
    </cac:Item>
  </cac:InventoryReportLine>
</InventoryReport>