<?xml version="1.0" encoding="UTF-8"?>
<RemittanceAdvice xmlns="urn:oasis:names:specification:ubl:schema:xsd:RemittanceAdvice-2" xmlns:cac="urn:oasis:names:specification:ubl:schema:xsd:CommonAggregateComponents-2" xmlns:cbc="urn:oasis:names:specification:ubl:schema:xsd:CommonBasicComponents-2" xmlns:ext="urn:oasis:names:specification:ubl:schema:xsd:CommonExtensionComponents-2">
  <cbc:ID>ZZZ</cbc:ID>
  <cbc:IssueDate>2000-01-01</cbc:IssueDate>
  <cac:AccountingCustomerParty>
  </cac:AccountingCustomerParty>
  <cac:AccountingSupplierParty>
  </cac:AccountingSupplierParty>
  <cac:RemittanceAdviceLine>
    <cbc:ID>ZZZ</cbc:ID>
  </cac:RemittanceAdviceLine>
</RemittanceAdvice>