<?xml version="1.0" encoding="UTF-8"?>
<WeightStatement xmlns="urn:X-test:UBL:Pre-award:WeightStatement" xmlns:cac="urn:X-test:UBL:Pre-award:CommonAggregate" xmlns:cbc="urn:X-test:UBL:Pre-award:CommonBasic" xmlns:ext="urn:oasis:names:specification:ubl:schema:xsd:CommonExtensionComponents-2">
  <cbc:ID>ZZZ</cbc:ID>
  <cbc:IssueDate>2000-01-01</cbc:IssueDate>
  <cac:SenderParty>
  </cac:SenderParty>
  <cac:ReceiverParty>
  </cac:ReceiverParty>
  <cac:Shipment>
    <cbc:ID>ZZZ</cbc:ID>
  </cac:Shipment>
</WeightStatement>