<?xml version="1.0" encoding="UTF-8"?>
<UtilityStatement xmlns="urn:X-test:UBL:Pre-award:UtilityStatement" xmlns:cac="urn:X-test:UBL:Pre-award:CommonAggregate" xmlns:cbc="urn:X-test:UBL:Pre-award:CommonBasic" xmlns:ext="urn:oasis:names:specification:ubl:schema:xsd:CommonExtensionComponents-2">
  <cbc:ID>ZZZ</cbc:ID>
  <cbc:IssueDate>2000-01-01</cbc:IssueDate>
  <cbc:UtilityStatementTypeCode>ZZZ</cbc:UtilityStatementTypeCode>
  <cbc:DocumentCurrencyCode>ZZZ</cbc:DocumentCurrencyCode>
  <cac:ParentDocumentReference>
    <cbc:ID>ZZZ</cbc:ID>
  </cac:ParentDocumentReference>
  <cac:SenderParty>
  </cac:SenderParty>
  <cac:ReceiverParty>
  </cac:ReceiverParty>
</UtilityStatement>