<?xml version="1.0" encoding="UTF-8"?>
<SelfBilledInvoice xmlns="urn:X-test:UBL:Pre-award:SelfBilledInvoice" xmlns:cac="urn:X-test:UBL:Pre-award:CommonAggregate" xmlns:cbc="urn:X-test:UBL:Pre-award:CommonBasic" xmlns:ext="urn:oasis:names:specification:ubl:schema:xsd:CommonExtensionComponents-2">
  <cbc:ID>ZZZ</cbc:ID>
  <cbc:IssueDate>2000-01-01</cbc:IssueDate>
  <cac:AccountingCustomerParty>
  </cac:AccountingCustomerParty>
  <cac:AccountingSupplierParty>
  </cac:AccountingSupplierParty>
  <cac:LegalMonetaryTotal>
    <cbc:PayableAmount currencyID="ZZZ">0.000</cbc:PayableAmount>
  </cac:LegalMonetaryTotal>
  <cac:InvoiceLine>
    <cbc:ID>ZZZ</cbc:ID>
    <cbc:LineExtensionAmount currencyID="ZZZ">0.000</cbc:LineExtensionAmount>
    <cac:Item>
    </cac:Item>
  </cac:InvoiceLine>
</SelfBilledInvoice>