<?xml version="1.0" encoding="UTF-8"?>
<InstructionForReturns xmlns="urn:X-test:UBL:Pre-award:InstructionForReturns" xmlns:cac="urn:X-test:UBL:Pre-award:CommonAggregate" xmlns:cbc="urn:X-test:UBL:Pre-award:CommonBasic" xmlns:ext="urn:oasis:names:specification:ubl:schema:xsd:CommonExtensionComponents-2">
  <cbc:ID>ZZZ</cbc:ID>
  <cbc:IssueDate>2000-01-01</cbc:IssueDate>
  <cac:SellerSupplierParty>
  </cac:SellerSupplierParty>
  <cac:RetailerCustomerParty>
  </cac:RetailerCustomerParty>
  <cac:InstructionForReturnsLine>
    <cbc:ID>ZZZ</cbc:ID>
    <cbc:Quantity>000</cbc:Quantity>
    <cac:Item>
    </cac:Item>
  </cac:InstructionForReturnsLine>
</InstructionForReturns>