<?xml version="1.0" encoding="UTF-8"?>
<RetailEvent xmlns="urn:X-test:UBL:Pre-award:RetailEvent" xmlns:cac="urn:X-test:UBL:Pre-award:CommonAggregate" xmlns:cbc="urn:X-test:UBL:Pre-award:CommonBasic" xmlns:ext="urn:oasis:names:specification:ubl:schema:xsd:CommonExtensionComponents-2">
  <cbc:ID>ZZZ</cbc:ID>
  <cbc:RetailEventStatusCode>ZZZ</cbc:RetailEventStatusCode>
  <cac:Period>
  </cac:Period>
  <cac:SenderParty>
  </cac:SenderParty>
  <cac:ReceiverParty>
  </cac:ReceiverParty>
</RetailEvent>