<?xml version="1.0" encoding="UTF-8"?>
<UtilityStatement xmlns="urn:oasis:names:specification:ubl:schema:xsd:UtilityStatement-2" xmlns:cac="urn:oasis:names:specification:ubl:schema:xsd:CommonAggregateComponents-2" xmlns:cbc="urn:oasis:names:specification:ubl:schema:xsd:CommonBasicComponents-2" xmlns:ext="urn:oasis:names:specification:ubl:schema:xsd:CommonExtensionComponents-2">
  <cbc:ID>ZZZ</cbc:ID>
  <cbc:IssueDate>2000-01-01</cbc:IssueDate>
  <cbc:UtilityStatementTypeCode>ZZZ</cbc:UtilityStatementTypeCode>
  <cbc:DocumentCurrencyCode>ZZZ</cbc:DocumentCurrencyCode>
  <cac:ParentDocumentReference>
    <cbc:ID>ZZZ</cbc:ID>
  </cac:ParentDocumentReference>
  <cac:SenderParty>
  </cac:SenderParty>
  <cac:ReceiverParty>
  </cac:ReceiverParty>
</UtilityStatement>