<?xml version="1.0" encoding="UTF-8"?>
<ExceptionCriteria xmlns="urn:oasis:names:specification:ubl:schema:xsd:ExceptionCriteria-2" xmlns:cac="urn:oasis:names:specification:ubl:schema:xsd:CommonAggregateComponents-2" xmlns:cbc="urn:oasis:names:specification:ubl:schema:xsd:CommonBasicComponents-2" xmlns:ext="urn:oasis:names:specification:ubl:schema:xsd:CommonExtensionComponents-2">
  <cbc:ID>ZZZ</cbc:ID>
  <cbc:IssueDate>2000-01-01</cbc:IssueDate>
  <cac:ValidityPeriod>
  </cac:ValidityPeriod>
  <cac:SenderParty>
  </cac:SenderParty>
  <cac:ReceiverParty>
  </cac:ReceiverParty>
  <cac:ExceptionCriteriaLine>
    <cbc:ID>ZZZ</cbc:ID>
    <cbc:ThresholdValueComparisonCode>ZZZ</cbc:ThresholdValueComparisonCode>
    <cbc:ThresholdQuantity>000</cbc:ThresholdQuantity>
    <cac:SupplyItem>
    </cac:SupplyItem>
  </cac:ExceptionCriteriaLine>
</ExceptionCriteria>