<?xml version="1.0" encoding="UTF-8"?>
<TransportExecutionPlan xmlns="urn:oasis:names:specification:ubl:schema:xsd:TransportExecutionPlan-2" xmlns:cac="urn:oasis:names:specification:ubl:schema:xsd:CommonAggregateComponents-2" xmlns:cbc="urn:oasis:names:specification:ubl:schema:xsd:CommonBasicComponents-2" xmlns:ext="urn:oasis:names:specification:ubl:schema:xsd:CommonExtensionComponents-2">
  <cbc:ID>ZZZ</cbc:ID>
  <cac:TransportUserParty>
  </cac:TransportUserParty>
  <cac:TransportServiceProviderParty>
  </cac:TransportServiceProviderParty>
  <cac:Consignment>
    <cbc:ID>ZZZ</cbc:ID>
  </cac:Consignment>
</TransportExecutionPlan>