<?xml version="1.0" encoding="UTF-8"?>
<Tender xmlns="urn:oasis:names:specification:ubl:schema:xsd:Tender-2" xmlns:cac="urn:oasis:names:specification:ubl:schema:xsd:CommonAggregateComponents-2" xmlns:cbc="urn:oasis:names:specification:ubl:schema:xsd:CommonBasicComponents-2" xmlns:ext="urn:oasis:names:specification:ubl:schema:xsd:CommonExtensionComponents-2">
  <cbc:ID>ZZZ</cbc:ID>
  <cbc:ContractFolderID>ZZZ</cbc:ContractFolderID>
  <cbc:IssueDate>2000-01-01</cbc:IssueDate>
  <cac:TendererParty>
  </cac:TendererParty>
  <cac:TenderedProject>
  </cac:TenderedProject>
</Tender>