<?xml version="1.0" encoding="UTF-8"?>
<Catalogue xmlns="urn:oasis:names:specification:ubl:schema:xsd:Catalogue-2" xmlns:cac="urn:oasis:names:specification:ubl:schema:xsd:CommonAggregateComponents-2" xmlns:cbc="urn:oasis:names:specification:ubl:schema:xsd:CommonBasicComponents-2" xmlns:ext="urn:oasis:names:specification:ubl:schema:xsd:CommonExtensionComponents-2">
  <cbc:ID>ZZZ</cbc:ID>
  <cbc:IssueDate>2000-01-01</cbc:IssueDate>
  <cac:ProviderParty>
  </cac:ProviderParty>
  <cac:ReceiverParty>
  </cac:ReceiverParty>
  <cac:CatalogueLine>
    <cbc:ID>ZZZ</cbc:ID>
    <cac:Item>
    </cac:Item>
  </cac:CatalogueLine>
</Catalogue>