<?xml version="1.0" encoding="UTF-8"?>
<Quotation xmlns="urn:oasis:names:specification:ubl:schema:xsd:Quotation-2"
           xmlns:cac="urn:oasis:names:specification:ubl:schema:xsd:CommonAggregateComponents-2"
           xmlns:cbc="urn:oasis:names:specification:ubl:schema:xsd:CommonBasicComponents-2"
           xmlns:ext="urn:oasis:names:specification:ubl:schema:xsd:CommonExtensionComponents-2">
   <cbc:IssueDate/>
   <cac:SellerSupplierParty/>
   <cac:QuotedMonetaryTotal>
      <cbc:PayableAmount/>
   </cac:QuotedMonetaryTotal>
   <cac:QuotationLine>
      <cac:LineItem>
         <cbc:ID/>
         <cac:Item/>
      </cac:LineItem>
   </cac:QuotationLine>
</Quotation>
