<?xml version="1.0" encoding="UTF-8"?>
<Order xmlns="urn:oasis:names:specification:ubl:schema:xsd:Order-2"
       xmlns:cac="urn:oasis:names:specification:ubl:schema:xsd:CommonAggregateComponents-2"
       xmlns:cbc="urn:oasis:names:specification:ubl:schema:xsd:CommonBasicComponents-2"
       xmlns:ext="urn:oasis:names:specification:ubl:schema:xsd:CommonExtensionComponents-2">
   <cbc:ID/>
   <cbc:IssueDate/>
   <cac:BuyerCustomerParty/>
   <cac:SellerSupplierParty/>
   <cac:OrderLine>
      <cac:LineItem>
         <cbc:ID/>
         <cac:Item/>
      </cac:LineItem>
   </cac:OrderLine>
</Order>
