<?xml version="1.0" encoding="UTF-8"?>
<UtilityStatement xmlns="urn:oasis:names:specification:ubl:schema:xsd:UtilityStatement-2"
                  xmlns:cac="urn:oasis:names:specification:ubl:schema:xsd:CommonAggregateComponents-2"
                  xmlns:cbc="urn:oasis:names:specification:ubl:schema:xsd:CommonBasicComponents-2"
                  xmlns:ext="urn:oasis:names:specification:ubl:schema:xsd:CommonExtensionComponents-2">
   <cbc:ID/>
   <cbc:IssueDate/>
   <cbc:UtilityStatementTypeCode/>
   <cbc:DocumentCurrencyCode/>
   <cac:ParentDocumentReference>
      <cbc:ID/>
   </cac:ParentDocumentReference>
   <cac:SenderParty/>
   <cac:ReceiverParty/>
</UtilityStatement>
