<?xml version="1.0" encoding="UTF-8"?>
<ContractAwardNotice xmlns="urn:oasis:names:specification:ubl:schema:xsd:ContractAwardNotice-2"
                     xmlns:cac="urn:oasis:names:specification:ubl:schema:xsd:CommonAggregateComponents-2"
                     xmlns:cbc="urn:oasis:names:specification:ubl:schema:xsd:CommonBasicComponents-2"
                     xmlns:ext="urn:oasis:names:specification:ubl:schema:xsd:CommonExtensionComponents-2">
   <cbc:ContractFolderID/>
   <cbc:IssueDate/>
   <cac:ContractingParty>
      <cac:Party/>
   </cac:ContractingParty>
   <cac:TenderResult>
      <cbc:AwardDate/>
   </cac:TenderResult>
</ContractAwardNotice>
