<?xml version="1.0" encoding="UTF-8"?>
<ForecastRevision xmlns="urn:oasis:names:specification:ubl:schema:xsd:ForecastRevision-2"
                  xmlns:cac="urn:oasis:names:specification:ubl:schema:xsd:CommonAggregateComponents-2"
                  xmlns:cbc="urn:oasis:names:specification:ubl:schema:xsd:CommonBasicComponents-2"
                  xmlns:ext="urn:oasis:names:specification:ubl:schema:xsd:CommonExtensionComponents-2">
   <cbc:ID/>
   <cbc:IssueDate/>
   <cbc:SequenceNumberID/>
   <cac:ForecastPeriod/>
   <cac:SenderParty/>
   <cac:ReceiverParty/>
   <cac:ForecastRevisionLine>
      <cbc:ID/>
      <cbc:RevisedForecastLineID/>
      <cbc:SourceForecastIssueDate/>
      <cbc:SourceForecastIssueTime/>
   </cac:ForecastRevisionLine>
</ForecastRevision>
