<?xml version="1.0" encoding="UTF-8"?>
<ItemInformationRequest xmlns="urn:oasis:names:specification:ubl:schema:xsd:ItemInformationRequest-2"
                        xmlns:cac="urn:oasis:names:specification:ubl:schema:xsd:CommonAggregateComponents-2"
                        xmlns:cbc="urn:oasis:names:specification:ubl:schema:xsd:CommonBasicComponents-2"
                        xmlns:ext="urn:oasis:names:specification:ubl:schema:xsd:CommonExtensionComponents-2">
   <cbc:ID/>
   <cbc:IssueDate/>
   <cac:Period/>
   <cac:SenderParty/>
   <cac:ReceiverParty/>
   <cac:ItemInformationRequestLine>
      <cac:Period/>
      <cac:SalesItem>
         <cbc:Quantity/>
         <cac:Item/>
      </cac:SalesItem>
   </cac:ItemInformationRequestLine>
</ItemInformationRequest>
