<?xml version="1.0" encoding="UTF-8"?>
<Statement xmlns="urn:oasis:names:specification:ubl:schema:xsd:Statement-2"
           xmlns:cac="urn:oasis:names:specification:ubl:schema:xsd:CommonAggregateComponents-2"
           xmlns:cbc="urn:oasis:names:specification:ubl:schema:xsd:CommonBasicComponents-2"
           xmlns:ext="urn:oasis:names:specification:ubl:schema:xsd:CommonExtensionComponents-2">
   <cbc:ID/>
   <cbc:IssueDate/>
   <cbc:DocumentCurrencyCode/>
   <cac:AccountingSupplierParty/>
   <cac:AccountingCustomerParty/>
   <cac:StatementLine>
      <cbc:ID/>
   </cac:StatementLine>
</Statement>
