<?xml version="1.0" encoding="UTF-8"?>
<Invoice xmlns="urn:oasis:names:specification:ubl:schema:xsd:Invoice-2"
         xmlns:cac="urn:oasis:names:specification:ubl:schema:xsd:CommonAggregateComponents-2"
         xmlns:cbc="urn:oasis:names:specification:ubl:schema:xsd:CommonBasicComponents-2"
         xmlns:ext="urn:oasis:names:specification:ubl:schema:xsd:CommonExtensionComponents-2">
   <cbc:ID/>
   <cbc:IssueDate/>
   <cac:AccountingSupplierParty/>
   <cac:AccountingCustomerParty/>
   <cac:LegalMonetaryTotal>
      <cbc:PayableAmount/>
   </cac:LegalMonetaryTotal>
   <cac:InvoiceLine>
      <cbc:ID/>
      <cbc:LineExtensionAmount/>
      <cac:Item/>
   </cac:InvoiceLine>
</Invoice>
