<?xml version="1.0" encoding="UTF-8"?>
<CataloguePricingUpdate xmlns="urn:oasis:names:specification:ubl:schema:xsd:CataloguePricingUpdate-2"
                        xmlns:cac="urn:oasis:names:specification:ubl:schema:xsd:CommonAggregateComponents-2"
                        xmlns:cbc="urn:oasis:names:specification:ubl:schema:xsd:CommonBasicComponents-2"
                        xmlns:ext="urn:oasis:names:specification:ubl:schema:xsd:CommonExtensionComponents-2">
   <cbc:ID/>
   <cbc:IssueDate/>
   <cac:RelatedCatalogueReference>
      <cbc:ID/>
   </cac:RelatedCatalogueReference>
   <cac:ProviderParty/>
   <cac:ReceiverParty/>
   <cac:CataloguePricingUpdateLine>
      <cbc:ID/>
   </cac:CataloguePricingUpdateLine>
</CataloguePricingUpdate>
