<?xml version="1.0" encoding="UTF-8"?>
<ExceptionCriteria xmlns="urn:oasis:names:specification:ubl:schema:xsd:ExceptionCriteria-2"
                   xmlns:cac="urn:oasis:names:specification:ubl:schema:xsd:CommonAggregateComponents-2"
                   xmlns:cbc="urn:oasis:names:specification:ubl:schema:xsd:CommonBasicComponents-2"
                   xmlns:ext="urn:oasis:names:specification:ubl:schema:xsd:CommonExtensionComponents-2">
   <cbc:ID/>
   <cbc:IssueDate/>
   <cac:ValidityPeriod/>
   <cac:SenderParty/>
   <cac:ReceiverParty/>
   <cac:ExceptionCriteriaLine>
      <cbc:ID/>
      <cbc:ThresholdValueComparisonCode/>
      <cbc:ThresholdQuantity/>
      <cac:SupplyItem/>
   </cac:ExceptionCriteriaLine>
</ExceptionCriteria>
