<?xml version="1.0" encoding="UTF-8"?>
<ExceptionNotification xmlns="urn:oasis:names:specification:ubl:schema:xsd:ExceptionNotification-2"
                       xmlns:cac="urn:oasis:names:specification:ubl:schema:xsd:CommonAggregateComponents-2"
                       xmlns:cbc="urn:oasis:names:specification:ubl:schema:xsd:CommonBasicComponents-2"
                       xmlns:ext="urn:oasis:names:specification:ubl:schema:xsd:CommonExtensionComponents-2">
   <cbc:ID/>
   <cbc:IssueDate/>
   <cac:ExceptionObservationPeriod/>
   <cac:SenderParty/>
   <cac:ReceiverParty/>
   <cac:ExceptionNotificationLine>
      <cbc:ID/>
      <cbc:ComparedValueMeasure/>
      <cbc:SourceValueMeasure/>
      <cac:SupplyItem/>
   </cac:ExceptionNotificationLine>
</ExceptionNotification>
