<?xml version="1.0" encoding="UTF-8"?>
<DebitNote xmlns="urn:oasis:names:specification:ubl:schema:xsd:DebitNote-2"
           xmlns:cac="urn:oasis:names:specification:ubl:schema:xsd:CommonAggregateComponents-2"
           xmlns:cbc="urn:oasis:names:specification:ubl:schema:xsd:CommonBasicComponents-2"
           xmlns:ext="urn:oasis:names:specification:ubl:schema:xsd:CommonExtensionComponents-2">
   <cbc:ID/>
   <cbc:IssueDate/>
   <cac:AccountingSupplierParty/>
   <cac:AccountingCustomerParty/>
   <cac:RequestedMonetaryTotal>
      <cbc:PayableAmount/>
   </cac:RequestedMonetaryTotal>
   <cac:DebitNoteLine>
      <cbc:ID/>
      <cbc:LineExtensionAmount/>
   </cac:DebitNoteLine>
</DebitNote>
