<?xml version="1.0" encoding="UTF-8"?>
<RequestForQuotation xmlns="urn:oasis:names:specification:ubl:schema:xsd:RequestForQuotation-2"
                     xmlns:cac="urn:oasis:names:specification:ubl:schema:xsd:CommonAggregateComponents-2"
                     xmlns:cbc="urn:oasis:names:specification:ubl:schema:xsd:CommonBasicComponents-2"
                     xmlns:ext="urn:oasis:names:specification:ubl:schema:xsd:CommonExtensionComponents-2">
   <cbc:IssueDate/>
   <cbc:IssueTime/>
   <cac:SellerSupplierParty/>
   <cac:RequestForQuotationLine>
      <cac:LineItem>
         <cbc:ID/>
         <cac:Item/>
      </cac:LineItem>
   </cac:RequestForQuotationLine>
</RequestForQuotation>
