<scripts>
<script href="loadml1.xq" method="xml">
(: Crane exercise setup script part 1
  $Id: loadml.xml,v 1.10 2010/04/12 12:20:28 gkholman Exp $
:)

(:=========================================================================:)

xquery version "1.0-ml";
(:delete any existing Crane application server:)
import module namespace admin = "http://marklogic.com/xdmp/admin" 
		  at "/MarkLogic/admin.xqy";

"Deleting any existing Crane application server...",
let $config := admin:get-configuration()
  return
    try {
      let $groupid := admin:group-get-id($config, "Default")
      return
        try {
          let $serverid := admin:appserver-get-id($config, $groupid, "Crane")
          return 
            try {
              admin:save-configuration-without-restart(
                admin:appserver-delete($config, $serverid) ),
              xdmp:sleep( 10000 )
                } catch ( $e ) { "problem deleting Crane" }
            } catch ( $e ) { "No server id" }
        } catch ( $e ) { "No group id" }

;(:=========================================================================:)

xquery version "1.0-ml";
(:create a Crane application server:)
import module namespace admin = "http://marklogic.com/xdmp/admin"
at "/MarkLogic/admin.xqy";

"Creating a Crane application server...",
(: Get the configuration :)
let $config := admin:get-configuration()
  (: Get the group under which to create the App Server :)
  let $groupid := admin:group-get-id($config, "Default")
    (: Add the new App Server to the configuration :)
    let $server := admin:http-server-create(
      $config,
      $groupid,
      "Crane",
      "Exercises/",
      <exerport/>,
      0,
      admin:database-get-id($config, "Documents"))
      (: Save the configuration :)
      return
      (
        admin:save-configuration($server),
        xdmp:sleep( 5000 )
      )

;(:=========================================================================:)

xquery version "1.0-ml";
(:await a restart Crane application server:)
import module namespace admin = "http://marklogic.com/xdmp/admin"
at "/MarkLogic/admin.xqy";

declare function local:wait( )
{
  "Awaiting a Crane application server...",
  try {
        let $config := xdmp:estimate(fn:collection())
        return ()
       } catch ( $e )
       {
         xdmp:sleep( 5000 ),
         local:wait()
       }
};

local:wait()
(:=========================================================================:)
</script>
<script href="loadml1.bat" method="text">
xquery loadml1.xq con
</script>
<script href="loadml2.xq" method="xml">
(: Crane exercise setup script part 2
  $Id: loadml.xml,v 1.10 2010/04/12 12:20:28 gkholman Exp $
:)

(:=========================================================================:)

xquery version "1.0-ml";
(:load up the XML documents in the documents database:)
declare namespace dir="http://marklogic.com/xdmp/directory";

"Loading up the exercise XML documents...",
for $each in xdmp:filesystem-directory( '<dir/>../answersxq' )/
dir:entry[ends-with(dir:pathname,'.xml')]/dir:pathname/string(.)
let $short := substring( substring-after( $each, '<dir/>../answersxq' ), 2 )
return
 (
   $short,
   xdmp:document-insert( $short, xdmp:document-get($each) )
 ),

"Loading up the sample XML documents...",
for $each in xdmp:filesystem-directory( '<dir/>../samp' )/
dir:entry[ends-with(dir:pathname,'.xml')]/dir:pathname/string(.)
let $short := substring( substring-after( $each, '<dir/>../samp' ), 2 )
where not( $short = xdmp:filesystem-directory( '<dir/>../answersxq' )/
                    dir:entry[ends-with(dir:pathname,'.xml')]/dir:pathname/
                    substring( substring-after( ., '<dir/>../answersxq' ), 2 ))
return
 (
   $short,
   xdmp:document-insert( $short, xdmp:document-get($each) )
 )

;(:=========================================================================:)

xquery version "1.0-ml";
(:load up the XSD documents in the schema database :)

"Loading up the exercise XSD documents...",
let $evalString :=
    for $each in xdmp:filesystem-directory( '<dir/>../answersxq' )/
               dir:entry[ends-with(dir:pathname,'.xsd')]/dir:pathname/string(.)
    let $short := substring( substring-after( $each, '<dir/>../answersxq' ), 2)
        return concat("""",$short,""",xdmp:document-insert(""",$short,
                """, xdmp:document-get(""",$each,"""))")
    return
      xdmp:eval( string-join( $evalString, ",&#xa;"), (),
                 <options xmlns="xdmp:eval">
                   <database>{xdmp:schema-database()}</database>
                 </options>
               ),

"Loading up the sample XSD documents...",
let $evalString :=
    for $each in xdmp:filesystem-directory( '<dir/>../samp' )/
               dir:entry[ends-with(dir:pathname,'.xsd')]/dir:pathname/string(.)
        let $short := substring( substring-after( $each, '<dir/>../samp' ), 2 )
          where not( $short = xdmp:filesystem-directory( '<dir/>../answersxq')/
                     dir:entry[ends-with(dir:pathname,'.xsd')]/dir:pathname/
                    substring( substring-after( ., '<dir/>../answersxq' ), 2) )
        return concat("""",$short,""",xdmp:document-insert(""",$short,
                """, xdmp:document-get(""",$each,"""))")
    return 
      xdmp:eval( string-join( $evalString, ",&#xa;"), (),
                 <options xmlns="xdmp:eval">
                   <database>{xdmp:schema-database()}</database>
                 </options>
               )

;(:=========================================================================:)

"Done load script!
"
</script>
<script href="loadml2.bat" method="text">
xquery loadml2.xq
</script>
<script href="xquery.bat" method="text">
@echo off
set ptuq-mlout=%~2
set ptuq-mlacct=<username/>
set ptuq-mlpass=<password/>
set ptuq-mldocs=<docsport/>
if "a%~2"=="a" set ptuq-mlout=con

echo Transforming %1 to %2 with XQuery ML...
"%~dp0curl/curl" --form "queryInput=&lt;%~1" -o "%ptuq-mlout%" -s -S --digest --user %ptuq-mlacct%:%ptuq-mlpass% http://127.0.0.1:%ptuq-mldocs%/use-cases/eval2.xqy

set ptuq-mlout=
set ptuq-mlacct=
set ptuq-mlpass=
set ptuq-mldocs=

</script>
</scripts>