<?xml version="1.0" encoding="UTF-8"?>
<OrderResponse xmlns="urn:X-test:UBL:Pre-award:OrderResponse" xmlns:cac="urn:X-test:UBL:Pre-award:CommonAggregate" xmlns:cbc="urn:X-test:UBL:Pre-award:CommonBasic" xmlns:ext="urn:oasis:names:specification:ubl:schema:xsd:CommonExtensionComponents-2">
  <cbc:ID/>
  <cbc:IssueDate/>
  <cac:OrderReference>
    <cbc:ID/>
  </cac:OrderReference>
  <cac:SellerSupplierParty>
  </cac:SellerSupplierParty>
  <cac:BuyerCustomerParty>
  </cac:BuyerCustomerParty>
</OrderResponse>