<?xml version="1.0" encoding="UTF-8"?>
<Forecast xmlns="urn:X-test:UBL:Pre-award:Forecast" xmlns:cac="urn:X-test:UBL:Pre-award:CommonAggregate" xmlns:cbc="urn:X-test:UBL:Pre-award:CommonBasic" xmlns:ext="urn:oasis:names:specification:ubl:schema:xsd:CommonExtensionComponents-2">
  <cbc:ID/>
  <cbc:IssueDate/>
  <cbc:ForecastPurposeCode/>
  <cac:ForecastPeriod>
  </cac:ForecastPeriod>
  <cac:SenderParty>
  </cac:SenderParty>
  <cac:ReceiverParty>
  </cac:ReceiverParty>
  <cac:ForecastLine>
    <cbc:ID/>
    <cbc:ForecastTypeCode/>
  </cac:ForecastLine>
</Forecast>