<?xml version="1.0" encoding="UTF-8"?>
<Invoice xmlns="urn:X-test:UBL:Pre-award:Invoice" xmlns:cac="urn:X-test:UBL:Pre-award:CommonAggregate" xmlns:cbc="urn:X-test:UBL:Pre-award:CommonBasic" xmlns:ext="urn:oasis:names:specification:ubl:schema:xsd:CommonExtensionComponents-2">
  <cbc:ID/>
  <cbc:IssueDate/>
  <cac:AccountingSupplierParty>
  </cac:AccountingSupplierParty>
  <cac:AccountingCustomerParty>
  </cac:AccountingCustomerParty>
  <cac:LegalMonetaryTotal>
    <cbc:PayableAmount/>
  </cac:LegalMonetaryTotal>
  <cac:InvoiceLine>
    <cbc:ID/>
    <cbc:LineExtensionAmount/>
    <cac:Item>
    </cac:Item>
  </cac:InvoiceLine>
</Invoice>