<?xml version="1.0" encoding="UTF-8"?>
<ExpressionOfInterestRequest xmlns="urn:X-test:UBL:Pre-award:ExpressionOfInterestRequest" xmlns:cac="urn:X-test:UBL:Pre-award:CommonAggregate" xmlns:cbc="urn:X-test:UBL:Pre-award:CommonBasic" xmlns:ext="urn:oasis:names:specification:ubl:schema:xsd:CommonExtensionComponents-2">
  <cbc:ID/>
  <cbc:IssueDate/>
  <cac:EconomicOperatorParty>
    <cac:Party>
    </cac:Party>
  </cac:EconomicOperatorParty>
  <cac:ContractingParty>
    <cac:Party>
    </cac:Party>
  </cac:ContractingParty>
</ExpressionOfInterestRequest>