<?xml version="1.0" encoding="ISO-8859-1"?>
<TransportationStatus 
  xmlns="urn:oasis:names:specification:ubl:schema:xsd:TransportationStatus-2" 
  xmlns:cac="urn:oasis:names:specification:ubl:schema:xsd:CommonAggregateComponents-2" 
  xmlns:cbc="urn:oasis:names:specification:ubl:schema:xsd:CommonBasicComponents-2" 
>
  <cbc:ID>ABC-123</cbc:ID>
  <cac:Consignment>
    <cbc:ID>CONS-0001</cbc:ID>
    <cbc:TariffDescription>Beeswax, other insect waxes and spermacetti</cbc:TariffDescription>
    <cbc:TariffCode>15219000</cbc:TariffCode>
  </cac:Consignment>
  <cac:TransportEvent>
    <cac:CurrentStatus>
      <cbc:ConditionCode listID="UN/ECE rec 24">5</cbc:ConditionCode>
    </cac:CurrentStatus>
  </cac:TransportEvent>
  <cac:TransportEvent>
    <cac:CurrentStatus>
      <cbc:ConditionCode listID="UN/ECE rec 24">999</cbc:ConditionCode>
    </cac:CurrentStatus>
  </cac:TransportEvent>
</TransportationStatus>
