<?xml version="1.0" encoding="UTF-8"?>
<TransportExecutionPlan xmlns="urn:X-test:UBL:Pre-award:TransportExecutionPlan" xmlns:cac="urn:X-test:UBL:Pre-award:CommonAggregate" xmlns:cbc="urn:X-test:UBL:Pre-award:CommonBasic" xmlns:ext="urn:oasis:names:specification:ubl:schema:xsd:CommonExtensionComponents-2">
  <cbc:ID/>
  <cac:TransportUserParty>
  </cac:TransportUserParty>
  <cac:TransportServiceProviderParty>
  </cac:TransportServiceProviderParty>
  <cac:Consignment>
    <cbc:ID/>
  </cac:Consignment>
</TransportExecutionPlan>