<?xml version="1.0" encoding="UTF-8"?>
<ForecastRevision xmlns="urn:X-test:UBL:Pre-award:ForecastRevision" xmlns:cac="urn:X-test:UBL:Pre-award:CommonAggregate" xmlns:cbc="urn:X-test:UBL:Pre-award:CommonBasic" xmlns:ext="urn:oasis:names:specification:ubl:schema:xsd:CommonExtensionComponents-2">
  <cbc:ID/>
  <cbc:IssueDate/>
  <cbc:SequenceNumberID/>
  <cac:ForecastPeriod>
  </cac:ForecastPeriod>
  <cac:SenderParty>
  </cac:SenderParty>
  <cac:ReceiverParty>
  </cac:ReceiverParty>
  <cac:ForecastRevisionLine>
    <cbc:ID/>
    <cbc:RevisedForecastLineID/>
    <cbc:SourceForecastIssueDate/>
    <cbc:SourceForecastIssueTime/>
  </cac:ForecastRevisionLine>
</ForecastRevision>