<?xml version="1.0" encoding="UTF-8"?>
<RequestForQuotation xmlns="urn:X-test:UBL:Pre-award:RequestForQuotation" xmlns:cac="urn:X-test:UBL:Pre-award:CommonAggregate" xmlns:cbc="urn:X-test:UBL:Pre-award:CommonBasic" xmlns:ext="urn:oasis:names:specification:ubl:schema:xsd:CommonExtensionComponents-2">
  <cbc:IssueDate/>
  <cbc:IssueTime/>
  <cac:SellerSupplierParty>
  </cac:SellerSupplierParty>
  <cac:RequestForQuotationLine>
    <cac:LineItem>
      <cbc:ID/>
      <cac:Item>
      </cac:Item>
    </cac:LineItem>
  </cac:RequestForQuotationLine>
</RequestForQuotation>