<?xml version="1.0" encoding="UTF-8"?>
<TendererQualificationResponse xmlns="urn:X-test:UBL:Pre-award:TendererQualificationResponse" xmlns:cac="urn:X-test:UBL:Pre-award:CommonAggregate" xmlns:cbc="urn:X-test:UBL:Pre-award:CommonBasic" xmlns:ext="urn:oasis:names:specification:ubl:schema:xsd:CommonExtensionComponents-2">
  <cbc:ContractFolderID/>
  <cbc:IssueDate/>
  <cac:SenderParty>
  </cac:SenderParty>
  <cac:ReceiverParty>
  </cac:ReceiverParty>
  <cac:QualificationResolution>
    <cbc:AdmissionCode/>
    <cbc:ResolutionDate/>
  </cac:QualificationResolution>
</TendererQualificationResponse>