<?xml version="1.0" encoding="UTF-8"?>
<!--   
For online publishing use:
<?xml-stylesheet type="text/xsl"
href="http://docs.oasis-open.org/templates/DocBook/spec-0.4/stylesheets/oasis-specification-html.xsl"?>
<!DOCTYPE article
  PUBLIC "-//OASIS//DTD DocBook XML V4.4//EN"
"http://www.oasis-open.org/docbook/xml/4.4/docbookx.dtd" 

For offline publishing use:
<?xml-stylesheet type="text/xsl"
href="file://p:/oasis/spec-0.4/stylesheets/oasis-specification-html.xsl"?>
<!DOCTYPE article
  PUBLIC "-//OASIS//DTD DocBook XML V4.4//EN"
"file:///p:/docbook/docbookx.dtd" 
-->
<?xml-stylesheet type="text/xsl"
href="http://docs.oasis-open.org/templates/DocBook/spec-0.4/stylesheets/oasis-specification-html.xsl"?>
<!DOCTYPE article
  PUBLIC "-//OASIS//DTD DocBook XML V4.4//EN"
"http://www.oasis-open.org/docbook/xml/4.4/docbookx.dtd" 
[
<!--the document properties-->
<!ENTITY name "context-value-association">
<!ENTITY version "0.5">
<!ENTITY standard "Working Draft"><!--"Committee Specification"-->
<!ENTITY pubdate "11 November 2008 16:50z - Draft 1">
<!ENTITY kavi-current  "29990">
<!ENTITY kavi-previous "28019">
<!ENTITY this-loc "http://docs.oasis-open.org/codelist/cd-context-value-association-1.0">
<!ENTITY latest-loc "http://docs.oasis-open.org/codelist/context-value-association">
<!ENTITY approved-loc "http://docs.oasis-open.org/codelist/approved/cd-context-value-association">
]>
<article status="&standard;">
 
<articleinfo>
<releaseinfo role="cvs">
<?nospell-start?>$Id: context-value-association-0.5.xml,v 1.1 2008/11/11 16:50:35 gkholman Exp $<?nospell-end?>
</releaseinfo>

<productname>&name;</productname>
<productnumber>&version;</productnumber>

<releaseinfo role="product"><ulink url="&name;-&version;.xml">XML</ulink></releaseinfo>
<releaseinfo role="product"><ulink url="&name;-&version;.html">HTML</ulink></releaseinfo>
<releaseinfo role="product"><ulink url="&name;-&version;.pdf">PDF (A4)</ulink></releaseinfo>
<releaseinfo role="product"><ulink url="&name;-&version;-us.pdf">PDF (US)</ulink></releaseinfo>

<!--
<releaseinfo role="oasis-id">{OASIS Document Number}</releaseinfo>
-->

<?nospell-start?><releaseinfo role="location-this_version_temporary_review">http://www.oasis-open.org/committees/document.php?document_id=&kavi-current;</releaseinfo>
<releaseinfo role="location-previous_version_temporary_review">http://www.oasis-open.org/committees/document.php?document_id=&kavi-previous;</releaseinfo>
<releaseinfo role="location-this_version">&this-loc;</releaseinfo>
<releaseinfo role="location-this_version_HTML">&this-loc;/doc/context-value-association.html</releaseinfo>
<releaseinfo role="location-this_version_PDF_A4">&this-loc;/doc/context-value-association.pdf</releaseinfo>
<releaseinfo role="location-this_version_PDF_US">&this-loc;/doc/context-value-association-us.pdf</releaseinfo>
<releaseinfo role="location-this_version_XML">&this-loc;/doc/context-value-association.xml</releaseinfo>
<releaseinfo role="location-latest_version">http://docs.oasis-open.org/codelist/context-value-association</releaseinfo>
<releaseinfo role="location-latest_version_HTML">&latest-loc;/doc/context-value-association.html</releaseinfo>
<releaseinfo role="location-latest_version_PDF_A4">&latest-loc;/doc/context-value-association.pdf</releaseinfo>
<releaseinfo role="location-latest_version_PDF_US">&latest-loc;/doc/context-value-association-us.pdf</releaseinfo>
<releaseinfo role="location-latest_version_XML">&latest-loc;/doc/context-value-association.xml</releaseinfo>
<releaseinfo role="location-latest_approved_version">http://docs.oasis-open.org/codelist/approved/context-value-association</releaseinfo>
<releaseinfo role="location-latest_approved_version_HTML">&approved-loc;/doc/context-value-association.html</releaseinfo>
<releaseinfo role="location-latest_approved_version_PDF_A4">&approved-loc;/doc/context-value-association.pdf</releaseinfo>
<releaseinfo role="location-latest_approved_version_PDF_US">&approved-loc;/doc/context-value-association-us.pdf</releaseinfo>
<releaseinfo role="location-latest_approved_version_XML">&approved-loc;/doc/context-value-association.xml</releaseinfo>
<?nospell-end?>
<releaseinfo role="committee">Code List Representation Technical Committee</releaseinfo>

<releaseinfo role="subject-keywords">code lists, identifiers, controlled vocabularies, genericode, validation, user interface</releaseinfo>
<!-- 
<releaseinfo role="topic">{topic area}</releaseinfo>
-->

<title>Context/Value Association using Genericode</title>

<authorgroup>
<editor>
  <firstname>G. Ken</firstname><surname>Holman</surname>
  <affiliation>
    <orgname>Crane Softwrights Ltd.</orgname>
    <address><email>gkholman@CraneSoftwrights.com</email></address>
  </affiliation>
</editor>
<othercredit>
  <firstname>G. Ken</firstname><surname>Holman</surname>
  <affiliation>
    <orgname>Crane Softwrights Ltd.</orgname>
    <address><email>gkholman@CraneSoftwrights.com</email></address>
  </affiliation>
</othercredit>
</authorgroup>

<pubdate>&pubdate;</pubdate>

<copyright><year>2008</year>
<holder>OASIS Open, Inc. All Rights Reserved.</holder></copyright>

<legalnotice role="namespaces"><title>Declared XML Namespaces</title>
<para><literal>http://docs.oasis-open.org/codelist/ns/ContextValueAssociation/cd2-1.0/</literal></para>

<para>All normative W3C Schema XSD document fragments for this XML vocabulary can be obtained by dereferencing this XML namespace URI.</para>
</legalnotice>

<legalnotice role="related"><title>Related Works</title>
<para>This re-titled specification replaces the draft "Schematron-based Value Validation Using Genericode" version 0.1 draft 1 <ulink url="http://www.oasis-open.org/committees/document.php?document_id=24810"><literal>http://www.oasis-open.org/committees/document.php?document_id=24810</literal></ulink>, which itself replaced the draft "UBL Methodology for Code List and Value Validation" version 0.8 draft 6 <ulink url="http://www.oasis-open.org/committees/document.php?document_id=24518"><literal>http://www.oasis-open.org/committees/document.php?document_id=24518</literal></ulink>, which itself replaced the "UBL Code List Value Validation Methodology" document that is directly referenced by name in the UBL 2.0 specification.  This specification was originally a work product of the UBL Technical Committee before being transferred <emphasis>in <?nospell-start?>toto<?nospell-end?></emphasis> to the Code List Representation Technical Committee.</para>
<para>A case study applying this methodology to the XML vocabularies being published by the Customer Information Quality (CIQ) Technical Committee is  at <ulink url="http://www.oasis-open.org/committees/document.php?document_id=24560"><literal>http://www.oasis-open.org/committees/document.php?document_id=24560</literal></ulink>.</para>
<para>This specification utilizes genericode for the representation of codes and identifiers.  The latest approved version of genericode is found at <ulink url="http://docs.oasis-open.org/codelist/approved/genericode/doc/oasis-code-list-representation-genericode.pdf"><literal>http://docs.oasis-open.org/codelist/approved/genericode/doc/oasis-code-list-representation-genericode.pdf</literal></ulink>.</para>
</legalnotice>

<abstract><title>Abstract</title>
    <para>This &standard; normatively describes the file format used in a "context/value association" file (termed in short as "a CVA file").  This file format is an XML vocabulary using address expressions of some syntax (by default the pattern subset of W3C XPath 1.0 as defined by W3C XSLT 1.0 production [1]) to specify hierarchical document contexts and the associated controlled vocabulary of values allowed at each context.  A document context specifies one or more locations found in an XML document or other similarly structured hierarchy.  This file format specification assumes the controlled vocabulary of values is expressed in an external resource described by the genericode OASIS standard.</para>
<para>Context/value association is useful in many aspects of working with an XML document using controlled vocabularies.  Two examples are (1) for the direction of user data entry in the creation of an XML document, ensuring that only valid values are proffered in a user interface selection such as a drop-down menu; and (2) for the validation of the correct use of valid values found in an XML document.</para>
</abstract>

<legalnotice role="status"><title>Status</title>

<para>This document was last revised or approved by the Code List Representation TC on the above date. The level of approval is also listed above. Check the "Latest Version" or "Latest Approved Version" location noted above for possible later revisions of this document.</para>
<para>Technical Committee members should send comments on this specification to the Technical Committee's email list. Others should send comments to the Technical Committee by using the "Send A Comment" button on the Technical Committee's web page at <ulink url="http://www.oasis-open.org/committees/codelist/"><literal>http://www.oasis-open.org/committees/codelist/</literal></ulink>.</para>
<para>For information on whether any patents have been disclosed that may be essential to implementing this specification, and any offers of patent licensing terms, please refer to the Intellectual Property Rights section of the Technical Committee web page (<ulink url="http://www.oasis-open.org/committees/codelist/ipr.php"><literal>http://www.oasis-open.org/committees/codelist/ipr.php</literal></ulink>).</para>
<para>The non-normative errata page for this specification is located at <ulink url="http://www.oasis-open.org/committees/codelist/errata/context-value-association/"><literal>http://www.oasis-open.org/committees/codelist/errata/context-value-association/</literal></ulink>.</para>

</legalnotice>

<legalnotice role="notices"><title>Notices</title>
<para>Copyright &#169; OASIS Open 2008. All Rights Reserved. 
</para>
<para>All capitalized terms in the following text have the meanings assigned to them in the OASIS Intellectual Property Rights Policy (the "OASIS IPR Policy"). The full Policy may be found at the OASIS website.</para>
<para>This document and translations of it may be copied and furnished to others, and derivative works that comment on or otherwise explain it or assist in its implementation may be prepared, copied, published, and distributed, in whole or in part, without restriction of any kind, provided that the above copyright notice and this section are included on all such copies and derivative works. However, this document itself may not be modified in any way, including by removing the copyright notice or references to OASIS, except as needed for the purpose of developing any document or deliverable produced by an OASIS Technical Committee (in which case the rules applicable to copyrights, as set forth in the OASIS IPR Policy, must be followed) or as required to translate it into languages other than English. </para>
<para>The limited permissions granted above are perpetual and will not be revoked by OASIS or its successors or assigns. </para>
<para>This document and the information contained herein is provided on an "AS IS" basis and OASIS DISCLAIMS ALL WARRANTIES, EXPRESS OR IMPLIED, INCLUDING BUT NOT LIMITED TO ANY WARRANTY THAT THE USE OF THE INFORMATION HEREIN WILL NOT INFRINGE ANY OWNERSHIP RIGHTS OR ANY IMPLIED WARRANTIES OF MERCHANTABILITY OR FITNESS FOR A PARTICULAR PURPOSE. </para>
</legalnotice>

<legalnotice role="changes"><title>Changes in drafts</title>
<para>(this text will be removed from the final committee specification)</para>
<variablelist>
<varlistentry><term>Version 0.5 Draft 1</term>
<listitem><para>Rearrange and augment <literal>&lt;Annotation></literal> in step with genericode.  Augment <literal>&lt;Identification></literal> in step with genericode.  Add <literal>mark=</literal> in response to feedback.</para>
</listitem>
</varlistentry>
<varlistentry><term>Version 0.4 Draft 1</term>
<listitem><para>Repair of <literal>xml:lang=</literal> in step with genericode.</para>
</listitem>
</varlistentry>
<varlistentry><term>Version 0.3 Draft 1</term>
<listitem><para>Rework of all documentary constructs to follow the genericode model of <literal>&lt;Annotation> &lt;Description></literal>.  Anticipated prose modifications from feedback on version 0.2 draft 2 are postponed until a future revision of this document; this release is being made to test the technical aspects of the document model changes.</para>
</listitem>
</varlistentry>
<varlistentry><term>Version 0.2 Draft 2</term>
<listitem><para>Documented convention of the use of a particular meta data element for a list's identifier.</para>
</listitem>
</varlistentry>
<varlistentry><term>Version 0.2 Draft 1</term>
<listitem><para>Based on CLRTC teleconference <ulink url="http://lists.oasis-open.org/archives/codelist/200711/msg00006.html"><literal>http://lists.oasis-open.org/archives/codelist/200711/msg00006.html</literal></ulink> the namespace URI string is changed to a draft beta string so that beta implementations based on the beta URI will need to address any changes that may be present in the final committee specification version.</para>
</listitem>
</varlistentry>
<varlistentry><term>Version 0.1 Draft 1</term>
<listitem><para>Original conversion from Schematron-based Value Validation Using Genericode Version 0.1 Draft 1.</para>
</listitem>
</varlistentry>
</variablelist>
</legalnotice>

</articleinfo>

<section id="s.intro" role="non-normative">
<title>Introduction</title>

<para>
This &standard; specifies an XML vocabulary for expressing the relationship between information items found in a structured hierarchy (such as the XML instance of a business document) and lists of enumerated values deemed suitable for those items.</para>

<para>
Schemas describe the structural and lexical constraints on a document.  Some information items in a document are described in the schema lexically as a simple value whereby the value is a code representing an agreed-upon semantic concept.  The value used is typically chosen from a set of unique coded values enumerating related concepts.  These sets of coded values are sometimes termed <glossterm>code list</glossterm>s.  Some information items with simple values may represent identifiers rather than codes.</para>

<para>Sets of enumerated values, be they codes or identifiers or any other concept, can be expressed using the genericode OASIS standard <xref linkend="b_genericode"/> for code list representation.  Genericode provides for list-level meta data to be expressed for the list as a whole, as well as value-level meta data for each member of the list.</para>

<para>XML documents are hierarchical arrangements of information items where some of those items may be represented by an enumerated value.  The information item may also provide instance-level meta data used to correlate the particular list-level meta data described for an enumeration.  Information items may be broadly defined across the entire document, or possibly more narrowly defined in sub-document contexts.  These sub-document contexts may range from "high-level" such as an information item found near the document element or in a section, to "low-level" such as one single information item found in a unique hierarchical position in the document.</para>

<para>An example of a broadly defined information item is a currency attribute with a document context that spans across an invoice:  all references to currency across the document need to be associated with a single set of currency coded values.  Examples of two narrowly defined information items with unique document contexts are a product identifier element named "<literal>ID</literal>" as a child of an element named "<literal>Product</literal>", and a document identifier similarly named "<literal>ID</literal>" but as a child of the document element:  the former might be constrained by a list of identifiers derived from an inventory status query, while the latter might not be constrained at all.  A broad specification of the element's value is inappropriate when other elements of the same name are used for different purposes in different document contexts.</para>

<para>A context/value association file specifies the relationship of information items in document contexts to external enumerations of values allowed for each item, as illustrated in <xref linkend="ctxover"/>.  Document contexts are expressed formally using the syntax of a query language.  Without specifying the query language explicitly, a subset of XPath 1.0 <xref linkend="b_xpath10"/> expressions, called <emphasis>patterns</emphasis>, defined formally in XSLT 1.0 <xref linkend="b_xslt10pattern"/> production [1] is assumed.  To support expectations when using instance-level meta data for information items, this specification assumes the external enumeration uses genericode with its list-level meta data.  The specification allows one to masquerade the meta data found in the external expression with overriding meta data placed in the context/value association file.</para>

<figure id="ctxover">
<title>Context/value association</title>
<mediaobject>
<imageobject>
<imagedata format="PNG" fileref="methodology-context.png"/>
</imageobject>
<imageobject>
<imagedata format="WMF" fileref="methodology-context.wmf"/>
</imageobject>
<textobject>
<phrase>Context/value association</phrase>
</textobject>
</mediaobject>
</figure>

<para><xref linkend="cva-generate"/> illustrates how a context/value association file can help in a data entry scenario.  It is common in data entry scenarios to limit values for information items to only those allowed by using a user interface control such as a drop-down list.  By not making the data entry free-form, the value after creation is guaranteed to be one from the list.  Hardwiring the list of allowed values in the application is inflexible if the enumeration changes based on the use of the document, say, for particular trading partners.</para>
<para>Externalizing the list as a genericode file is an excellent way to express the enumeration as a resource used by the application for data entry.  However, the choice of genericode file may vary on a per-information item basis due to the item's document context, or perhaps vary again for particular trading partners.  Expressing the appropriate mappings in a colloquial fashion inhibits interoperability and the sharing of resources and program code.</para>
<para>A context/value association file establishes the relationship from information items found in different document contexts to one or more external genericode files for each item.  With these relationships a directed authoring environment can precisely direct the editing of individual information items.  Different context/value association files can then be used to create instances for different purposes that have different constraints on the enumerations used therein.</para>
<para>The data flow illustrates the CVA file pointing to the genericode files.  A one-time preparation step distills the information from the genericode files in the contexts described by the CVA file and prepares a run-time artefact.  At run-time this artefact informs the directed authoring facility that is governing the data entry.  The output of the directed authoring is the XML instance having been populated with appropriate values for the given document contexts as regulated by the CVA associations.</para>

<figure id="cva-generate">
<title>The use of context/value association files in document creation</title>
<mediaobject>
<imageobject>
<imagedata format="PNG" fileref="cva-generate.png"/>
</imageobject>
<imageobject>
<imagedata format="WMF" fileref="cva-generate.wmf"/>
</imageobject>
<textobject>
<phrase>The use of context/value association files in document creation</phrase>
</textobject>
</mediaobject>
</figure>

<para><xref linkend="cva-validate"/> illustrates how a context/value association file can help in a validation scenario.  Validation is important to confirm that the values used in an incoming XML instance are the ones allowed for each information item in each document context.</para>

<para>The historical use of W3C Schema enumerations for code lists and identifiers hardwires the value constraints along with the structural constraints.  Conflating value validation with structural validation prevents the structural constraint expression from being unchanged to accommodate specific value validation requirements between partners in a document interchange.  By using association in a heterogeneous environment, a community of users can standardize, using a set of naming and design rules, on the expression of the structural constraints governing document interchange using XSD.  Meanwhile, individuals in the community can tailor the value constraints on a per trading partner or scenario profile basis using context/value association files.</para>

<para>In document validation the value validation is irrelevant if the information items being tested are not in the expected document contexts.  This mandates the first-pass structural validation to confirm the integrity of the information item locations.  Only when structural validation is successful can value validation reflect the fitness of the values used in the expected document contexts.</para>

<para>The data flow illustrates the CVA file pointing to the genericode files.  A one-time preparation step distills the information from the genericode files in the contexts described by the CVA file and prepares a run-time artefact.  The data flow shows the incoming XML instance first being checked using W3C Schema for structural integrity.  When successful the information items are all correctly found and correctly formed.  The incoming instance can then be checked for value validation using the run-time artefact created by the CVA associations.  When CVA validation is successful the application can then act on the incoming instance.</para>


<figure id="cva-validate">
<title>The use of context/value association files in document validation</title>
<mediaobject>
<imageobject>
<imagedata format="PNG" fileref="cva-validate.png"/>
</imageobject>
<imageobject>
<imagedata format="WMF" fileref="cva-validate.wmf"/>
</imageobject>
<textobject>
<phrase>The use of context/value association files in document validation</phrase>
</textobject>
</mediaobject>
</figure>

<para>
For some commonly-understood concepts, publicly-available enumerations of coded values are published and maintained by registration authorities regarded as the custodians of the code list of defined values and their associated concepts.  A schema may constrain a value to be one of the entire set of published values so as to ensure the value used represents the published concept.  A common example of a publicly-maintained code list is that which enumerates currency value indications <xref linkend="currencyalpha"/> and some projects have created genericode expressions of currency code lists containing all known values.</para>
<para>An important feature of CVA files is the ability to masquerade a genericode file in use as being another genericode file that is not being used.  The typical uses of currency values illustrates this well.  Should two trading partners agree to use only a limited number of currency values, say Canadian dollars and US dollars, a custom genericode file can be created taking only those two values from the publicly available genericode file for all currency codes.  The smaller genericode file with only two currency codes necessarily uses list-level meta data that is different than the list-level meta data of the complete genericode file for all currency codes.</para>
<para>When using currency codes in an instance, however, the instance-level meta data may be reflecting the list-level meta data of the complete genericode file, as that would be the international identification of the semantics behind the values being used for the currency information items.  A CVA file pointing simply to the reduced trading-partner list and its list-level meta data would prohibit the association of currency values with instance-level meta data of the complete list.  Therefore, a CVA file is allowed to masquerade the genericode list-level meta data being pointed at by trading partners with any genericode list-level meta data the community of all trading partners agrees to use.</para>
<para>Thus, a community can standardize on the use of an international list of currency coded values, while individuals can utilize their own subsets of those values without conflict.</para>

<para>There are no mandated technologies with which one is required to implement the functionality of a context/value association file.  An example implementation <!--<xref linkend="b_craneres"/>--> of CVA file interpretation for use in document validation has been created based on the ISO/IEC 19757-3 Schematron <xref linkend="b_schematron"/> international standard.</para>

</section>

<section id="s.terminology"><title>Terminology</title>

<section>
<title>
Key words</title>
<para>The key words <glossterm>must</glossterm>, <glossterm>must
not</glossterm>, <glossterm>required</glossterm>,
<glossterm>shall</glossterm>, <glossterm>shall not</glossterm>,
<glossterm>should</glossterm>, <glossterm>should not</glossterm>,
<glossterm>recommended</glossterm>, <glossterm>may</glossterm>, and
<glossterm>optional</glossterm> in this &standard; are to be
interpreted as described in <xref linkend="rfc2119"/>. Note that for
reasons of style, these words are not capitalized in this
document.</para>
</section>

<section>
<title>
Definitions</title>
<variablelist>
<varlistentry>
<term>
co-occurrence constraint</term>
<listitem><para>
A <emphasis>co-occurrence constraint</emphasis> is a constraint on an information item that is dependent upon the value of another information item.</para>
</listitem>
</varlistentry>
<varlistentry>
<term>
document context</term>
<listitem><para>
Every element and attribute information item below the document element of an XML document is in a <emphasis>document context</emphasis> described by its hierarchical ancestry of elements.  A fully qualified document context specifies the information item's precise location in the document.</para>
</listitem>
</varlistentry>
<varlistentry>
<term>
pattern</term>
<listitem><para>
A <emphasis>pattern</emphasis> is an XPath 1.0 <xref linkend="b_xpath10"/> location path address formally specified in XSLT 1.0 <xref linkend="b_xslt10pattern"/> production [1].  Pattern addresses are a subset of all possible addresses that can be specified by XPath, used to specify document contexts.</para>
</listitem>
</varlistentry>
<varlistentry>
<term>
ISO/IEC 19757-3 Schematron</term>
<listitem><para>
ISO/IEC 19757-3 Schematron <xref linkend="b_schematron"/> is an assertion-based schema language used to formally express the constraints and co-occurrence constraints on information items in XML documents.  Publicly available implementations of ISO Schematron validating processors include XSLT stylesheets (included in the ZIP file associated with this methodology) and Python programs <xref linkend="scimitar"/>.  </para>
</listitem>
</varlistentry>
</variablelist>
</section>

<section>
<title>
Key concepts</title>
<variablelist>
<varlistentry><term>
code list representation</term>
<listitem><para>
The representation of a code list is the XML vocabulary with which the values of a set are enumerated and described, not the abstract list of values themselves.  For example, the international set of currency codes is maintained by the UN/ECE who specifies the code values and their meanings.  This abstract set of codes may have many <emphasis>code list representations</emphasis>, including database tables, comma-separated-values records, etc.  A context/value association file points to genericode <xref linkend="b_genericode"/> representations of enumerations.</para>
</listitem>
</varlistentry>
<varlistentry>
<term>
naming and design rules</term>
<listitem><para>
The structural and lexical constraints for the XML document-based representation of information items is described by an XML document schema XSD file.  <emphasis>Naming and design rules</emphasis> govern the synthesis of schema expressions to ensure regularity, consistency and accuracy of the document markup structure model.</para>
</listitem>
</varlistentry>
<varlistentry>
<term>
value validation</term>
<listitem><para>
Distinct from structural and lexical validation checking the element and character-level constitution of the representation of an information item, <emphasis>value validation</emphasis> is the process where constrained information items are checked for having appropriate values.  Value validation is only meaningful after structural and lexical validation has confirmed the value meets its representation constraints.</para>
</listitem>
</varlistentry>
</variablelist>
</section>
</section>

<section id="spec">
<title>Specifying value constraints in document contexts</title>
<para>
This &standard; describes the document model for a context/value association file in which associations are made between document contexts of information items and external resources expressing the values allowed for those items. </para>
<para>All elements in this document model are in the namespace identified at the beginning of this specification.  The formal expression of this document model is found through links in the namespace documentation found at the URL of the namespace URI.</para>

<para>
Using this document model, two partners in document interchange can exchange an instance of agreed-upon context/value associations, accompanied by instances of agreed-upon genericode expressions in support of the associations.</para>
<para>In summary, the association file points to the genericode files as system resources using URI strings, and names these pointers using XML identifiers unique to the association instance.  The document context of each information item to be governed by an association is then associated with as many pointer identifiers as required to enumerate all of the possible values from all of the possible enumerations.</para>

<note>
<title>Note: Specification conventions (non-normative)</title>
<para>This specification makes reference to element names in the default namespace, assuming that the default namespace has been assigned the context/value association namespace URI string.</para>
</note>

<note id="proforma">
<title>Note: A pro-forma example (non-normative)</title>
<para>
A pro-forma context/value association instance reads as follows:</para>

<programlisting><![CDATA[<?xml version="1.0" encoding="UTF-8"?>
<ValueListConstraints xmlns=
"http://docs.oasis-open.org/codelist/ns/ContextValueAssociation/cd2-1.0/"
  ... namespace declarations as required for context addresses ...
  queryBinding="xslt"
  id="urn:x-optional-unique-identifier-for-external-referencing"
  name="required-unique-name-token-for-internal-referencing"
  version="Revision: 27b - 2006-11-23 15:00z">

  <Annotation>
    <Description>
      This is included for illustrative purposes.
    </Description>
    <AppInfo>
      This is included for illustrative purposes.
    </AppInfo>
  </Annotation>

  <Title>
    This is the main context/value association file for project X.
  </Title>

  <Include uri="other-assoc-file-1.cva">
    <Annotation>
      <Description>
        Incorporating information from another file.
      </Description>
    </Annotation>
  </Include>
  <Include uri="other-assoc-file-2.cva">
    <Annotation>
      <Description>
        Incorporating information from yet another file.
      </Description>
    </Annotation>
  </Include>

  <ValueLists>
    <Annotation>
      <Description>
        All the lists available to be used.
      </Description>
    </Annotation>
    <ValueList xml:id="a1" uri="enumeration1.gc">
      <Annotation>
        <Description>
          A set of external values with no masquerading meta data.
        </Description>
      </Annotation>
    </ValueList>
    <ValueList xml:id="a2" uri="enumeration2.gc">
      <Annotation>
        <Description>
          A set of external values with masquerading version meta data.
        </Description>
      </Annotation>
      <Identification>
        <Version>1.4</Version>
      </Identification>
    </ValueList>
    <ValueList xml:id="a3" uri="enumeration3.gc">
    <Annotation>
      <Description>
        Another set of external values with no masquerading meta data.
      </Description>
    </Annotation>
    </ValueList>
  </ValueLists>

  <Contexts>
    <Annotation>
      <Description>
        All the contexts using lists.
      </Description>
    </Annotation>
    <Context item="@item-a" values="a2">
      <Annotation>
        <Description>
          Associating a set of values with all item-a= attributes.
        </Description>
      </Annotation>
    </Context>
    <Context item="item-b" scope="context-b1" values="a1 a3">
      <Annotation>
        <Description>
          Associating two sets of values with all item-b descendants
          of the context-b1 element.
        </Description>
      </Annotation>
    </Context>
    <Context item="item-b" address="context-b2/item-b" 
             values="a3" mark="characteristic-1">
      <Annotation>
        <Description>
          Associating a set of values with item-b children of the
          context-b2 element.
        </Description>
      </Annotation>
    </Context>
  </Contexts>
</ValueListConstraints>
]]></programlisting>
</note>

<para>The document element <literal>&lt;ValueListConstraints></literal> and all other elements specified by this vocabulary are in the "<literal>http://docs.oasis-open.org/codelist/ns/ContextValueAssociation/cd2-1.0/</literal>" namespace.  Per XML rules this is expressed using either the default namespace or a prefixed namespace with the appropriate namespace declaration.  Elements of other namespaces are allowed only in reserved locations where specified in this document and schema.</para>
<para>
The required <literal>name=</literal> attribute of the document element specifies a name token for internal referencing by downstream processes that take advantage of alternative expressions of the information found in the context/association file.</para>

<para>The optional <literal>queryBinding=</literal> attribute of the document element specifies a name token representing the syntax of item and context addresses.  Absent this attribute, the default value can be whatever the processing system assumes, thus leaving it to the processing system to interpret the syntax as it wishes.</para>

<note>
<para>
The following query language names are reserved without further definition. Implementations which use different query
language bindings are encouraged to use one of these names if appropriate : <literal>stx</literal>, <literal>xslt</literal>, <literal>xslt1.1</literal>, <literal>exslt</literal>, <literal>xslt2</literal>,
<literal>xpath</literal>, <literal>xpath2</literal>, <literal>xquery</literal>.
</para>
</note>

<para>
The optional <literal>id=</literal> attribute of the document element specifies a public identifier (typically, but not required to be, a URI) for externally referencing the context/value association file, such as in business process specifications and formal trading partner agreements.</para>

<para>
The optional <literal>version=</literal> attribute of the document element is for reporting purposes suitable for identifying the version of the context/value association file.  Its value can be copied to downstream synthesized files distinguishing the particular version of the information from previous versions of the same file.</para>

<para>The <literal>&lt;Annotation></literal> element is available everywhere where either application-specific or documentary constructs are contextually added to the content.  This element is always added as the first child element of the construct being annotated.  When at the top level, that is the first child of the document element, this annotates the entire context/value association file as a whole.  There are two optional child elements for <literal>&lt;Annotation></literal>:   <literal>&lt;Description></literal> is used to express information targeted for a human reader, and <literal>&lt;AppInfo></literal> is used to express information targeted for an application of some kind to process.  In both cases these elements can contain text and/or elements using namespaces other than the context/value association namespace.</para>

<para>Most context/value association constructs allow for such annotations, and in the descriptions of elements that follow only those elements not supporting the <literal>&lt;Annotation></literal> first child element are so noted.</para>

<para>
The optional <literal>&lt;Title></literal> element is for reporting purposes and is typically a single line of text suitable for the titling of any report generated from the documentary content.  This element does not allow for an <literal>&lt;Annotation></literal> child element.  Its string value (stripping markup) can be copied to text-only files to indicate which context/value association file has contributed a portion of its information when there are a number of portions included.  This element can have any content for documentation purposes, provided any elements in that content are in a foreign namespace and not in the context/value association file namespace.</para>

<para>
The optional and repeatable <literal>&lt;Include></literal> element is a directive to incorporate the associations found in other context/value association files into the one generated result.  The <literal>uri=</literal> attribute points to the file being included.  Where two contexts from the suite of association files match the same node, the priority for the single match that is acted upon is highest for the contexts in the including association file, then next highest for the last association file included by an <literal>&lt;Include></literal> directive, then the next-to-last association file included by an <literal>&lt;Include></literal> directive, and so on with the lowest priority being the first association file included by an <literal>&lt;Include></literal> directive.  Any included association files having such directives will treat those in priority before other directives of the including file.  This element can have any content for documentation purposes, provided elements in that content are in a foreign namespace and not in the context/value association file namespace.</para>

<para>
Each optional <literal>&lt;ValueList></literal>  element child of the required <literal>&lt;ValueLists></literal> element uses the required <literal>xml:id=</literal> attribute to declare an identifier suitable for internally referencing the external expression of values.  This identifier must be unique within the context/value association file in which it is declared, but is not required to be unique across included context/value association files as well.  The required <literal>uri=</literal> attribute points to the associated genericode-encoded file.  A relative URI value is resolved relative to the base URI of this element.  The <literal>key=</literal> attribute is optional when the referenced list has only a single key.  The attribute is required when the referenced list has multiple keys, in order to indicate which single key is to be used for value lookup.  This version of the context/association file format does not support a single key comprised of multiple column references.  This element is allowed to have a single <literal>&lt;Identification></literal> element whose element children represent masquerading meta data for the external genericode file.  This element can have any other content for documentation purposes, provided elements in that content are in a foreign namespace and not in the context/value association file namespace.</para>

<para>An <literal>&lt;Identification></literal> element is allowed to have the same element children as a genericode file's list-level meta data element children of the <literal>&lt;Identification></literal> element.  These being any or all of <literal>&lt;ShortName></literal>, <literal>&lt;LongName></literal> (noting that <literal>&lt;LongName Identifier="listID"><userinput>ID-value</userinput>&lt;/LongName></literal> is a convention for the list's identifier, which if absent, defaults to the first <literal>&lt;LongName></literal>), <literal>&lt;Version></literal>, <literal>&lt;CanonicalUri></literal>, <literal>&lt;CanonicalVersionUri></literal>, <literal>&lt;LocationUri></literal>, <literal>&lt;AlternateFormatLocationUri></literal> and <literal>&lt;Agency></literal>, where <literal>&lt;Agency></literal> is allowed to have the children <literal>&lt;ShortName></literal>, <literal>&lt;LongName></literal> and <literal>&lt;Identifier></literal>.  The semantics of these elements are defined by genericode and are irrelevant in meaning to the association.  An application supporting context/value association, when analyzing instance-level meta data, must treat any masquerading list-level element content in the declaration as having precedence over any like-named element content that may or may not be found in the genericode file list-level meta data.  See <xref linkend="ilmd"/> for more details.  While the <literal>&lt;Identification></literal> element is allowed to have an <literal>&lt;Annotation></literal> first child, the other children of <literal>&lt;Identification></literal> are not allowed to have an <literal>&lt;Annotation></literal> child at all.</para>

<para>
Each optional <literal>&lt;Context></literal> element child of the required <literal>&lt;Contexts></literal> element points to all of the lists of values for a given information item using the <literal>values=</literal> attribute.  The attribute string is a white-space-separated list of one or more <literal>xml:id=</literal> attributes used as <literal>&lt;ValueList></literal> identifiers in the same context/value association file.  This element can have any content for documentation purposes, provided elements in that content are in a foreign namespace and not in the context/value association file namespace.</para>

<note>
<title>Note: Validating a CVA file (non-normative)</title>
<para>
Validating a context/value association file ensures each <literal>&lt;ValueList></literal> identifier used in a <literal>values=</literal> attribute is an existing <literal>xml:id=</literal> attribute of a <literal>&lt;Context></literal> element in the same file.</para>
</note>
<note>
<title>Note: Empty document contexts list (non-normative)</title>
<para>
It is acceptable to have an empty <literal>&lt;Contexts></literal> element in which case there are no context/value associations specified in the file.  This makes the context/value association file a useful placeholder for future constraints, or perhaps an artefact used to explicitly express that no constraints are applicable in a given situation.</para>
</note>

<para>The <literal>&lt;Context></literal> element must declare the type and name of the element or attribute information item as a context-free address using the <literal>item=</literal> attribute.  All location information in the attributes for <literal>&lt;Context></literal> is expressed in the bound query language syntax.  The three document contexts in <xref linkend="proforma"/> illustrate, respectively, an attribute and two elements using XPath 1.0 patterns.  The first illustrates how the context-free address is (by definition) sufficient contextual information when testing the item in a document-wide context.  However, when the information item needs to be tested in a given sub-document context or a subset of a multi-document context, one of two mutually-exclusive attributes, <literal>scope=</literal> and <literal>address=</literal>, is required.</para>
<para>
The <literal>scope=</literal> attribute addresses some ancestral element of the information items beneath which all information items addressed are to be considered in context.  The <literal>item=</literal> attribute is assumed to address all the element or attribute information items "below" the <literal>scope=</literal> document context.  Alternatively, when more nuanced detail is required, the <literal>address=</literal> attribute specifies the precise address of the information items, including in the address the information items themselves, using the query binding in play for the association.  No assumptions are made for <literal>address=</literal> related to the <literal>item=</literal> attribute, thus the <literal>address=</literal> attribute is assumed to be the complete address expression address of the desired document context.</para>
<note>
<title>Note: Equivalence of XPath addresses (non-normative)</title>
<para>
Interpreting <literal>queryBinding="xslt"</literal> as binding any valid XPath 1.0 pattern defined by XSLT 1.0 production [1], the equivalence of contextual addresses can be expressed that for a given <literal>item="a"</literal>, the attribute <literal>scope="b"</literal> is equivalent to having the attribute <literal>address="b//a"</literal> in place of the <literal>scope=</literal> attribute.</para></note>
<note>
<title>
Note: Choosing between <literal>scope=</literal> and <literal>address=</literal> attributes (non-normative)</title>
<para>
<xref linkend="example"/> illustrates the following three uses of the <literal>&lt;Context></literal> attributes named <literal>scope=</literal> and <literal>address=</literal> (the documentation has been elided):</para>
<programlisting><![CDATA[    <Context item="@currencyID" values="currency"/>
    <Context item="cbc:CountrySubentityCode"
             scope="cac:BuyerCustomerParty"
             values="provinces states"/>
    <Context item="cbc:ID" 
             address="cac:TaxCategory/cbc:ID" 
             values="tax-ids"/>
]]></programlisting>

<para>
The first declaration does not use these attributes, thus specifying the constraints for all uses of the <literal>currencyID=</literal> attribute across the entire document instance.  This is the most typical use of the <literal>&lt;Context></literal> element as most requirements constrain information items in all places where the item is used.</para>

<para>
The second declaration uses <literal>scope=</literal> to specify the constraints for all <literal>&lt;cbc:CountrySubentityCode></literal> elements that are descendants (including immediate children) of the <literal>&lt;cac:BuyerCustomerParty></literal> element.  This context is equivalent to the XPath address <literal>cac:BuyerCustomerParty//cbc:CountrySubentityCode</literal>, and may in fact be reported as such by downstream processes.  This is the next most typical use of the <literal>&lt;Context></literal> element as there may be some requirements for constraining values in only parts of a document.</para>

<para>
The third declaration uses <literal>address=</literal> to specify a precise location address constraining the <literal>cbc:ID</literal> element only when it is an immediate child of the <literal>cac:TaxCategory</literal> element.  Rarely needed, the <literal>address=</literal> attribute must be used when using <literal>scope=</literal> creates a scope too broad for accurate testing and reporting.  Consider the following snippet of an instance where inappropriately using <literal>scope="cac:TaxCategory"</literal> would unnecessarily (and likely in error) associate  <literal>cac:TaxScheme/cbc:ID</literal> with the same constraints as <literal>cac:TaxCategory/cbc:ID</literal>:</para>

<programlisting><![CDATA[<cac:TaxSubTotal>
  <cbc:TaxableAmount currencyID="USD">100.00</cbc:TaxableAmount>
  <cbc:TaxAmount currencyID="USD">15.00</cbc:TaxAmount>
  <cac:TaxCategory>
    <cbc:ID>Z</cbc:ID>
    <cbc:Percent>15</cbc:Percent>
    <cac:TaxScheme>
      <cbc:ID>Provincial Tax</cbc:ID>
    </cac:TaxScheme>
  </cac:TaxCategory>
</cac:TaxSubTotal>]]></programlisting>

</note>

<para>
It is possible that regardless of which combination of attributes is used, two address expressions will both match the same node in the source document.  The order of <literal>&lt;Context></literal> elements for the context/value associations is interpreted such that the more important document  contexts are found first and the less important document contexts follow. Thus, a given information item from the document can be associated with only a single document context declaration in this context/value association file.</para>

<para>
Each <literal>&lt;Context></literal> element may have an optional <literal>&lt;Message></literal> child that contains any foreign content.  When a <literal>&lt;Message></literal> element is present with element or non-white-space text content, that content is meant to be used in place of any automatically-generated message an application might use when reporting a violation of the context/value constraint.  An otherwise absent or empty <literal>&lt;Message></literal> element will signal to the application the permitted use of any automatically-generated message text.</para>

<note>
<title>Note: Supporting contexts in documents of different types (non-normative)</title>
<para>
As an alternative to having separate expressions of context/value associations for instances of different document types, it is possible using an address that specifies a context relative to the instance's document element.  This combines the associations in a single file for a subset of a multi-document context.  An example of a context/value association file testing information items in two instances with different document types is as follows, where <literal>@item-a</literal> has the same constraints in instances of both document types, but <literal>@item-b</literal> has different constraints in instances of each document type:</para>

<programlisting><![CDATA[<?xml version="1.0" encoding="UTF-8"?>
<ValueListConstraints xmlns=
"http://docs.oasis-open.org/codelist/ns/ContextValueAssociation/cd2-1.0/"
  xmlns:in="urn:oasis:names:specification:ubl:schema:xsd:Invoice-1.0"
  xmlns:po="urn:oasis:names:specification:ubl:schema:xsd:Order-1.0"
  name="code-list-rules">
  <ValueLists>
    <ValueList xml:id="a1" uri="enumeration1.gc"/>
    <ValueList xml:id="a2" uri="enumeration2.gc"/>
    <ValueList xml:id="a3" uri="enumeration3.gc"/>
  </ValueLists>
  <Contexts>
    <Context item="@item-a" values="a2"/>
    <Context item="@item-b" scope="/po:Order//context-b1" 
             values="a1 a3"/>
    <Context item="@item-b" address="/in:Invoice//context-b1/@item-b"
             values="a3" mark="characteristic-1"/>
  </Contexts>
</ValueListConstraints>
]]></programlisting>
</note>
<para>Each <literal>&lt;Context></literal> element may have an optional <literal>mark=</literal> attribute that contains a single name token used to characterize the context.  Downstream processes may choose to distinguish different constraint violations by their marked characterization.
</para>

<section id="ilmd">
<title>Instance-level meta data</title>
<para>An information item may or may not have associated instance-level meta data that represents the list-level meta data of the enumeration from which an item's value is obtained.  Instance-level meta data disambiguates the specification of a value that might be present in more than one enumeration.  Without disambiguation, an application is unable to either specify or interpret the precise semantics represented by the value.</para>
<note>
<title>Note: Document design considerations (non-normative)</title>
<para>An information item needing to unambiguously identify the list-level meta data associated with its value must be able to specify corresponding instance-level meta data.  Document designers prescribing the specification of information items should make provision for also specifying instance-level meta data associated with the information item's value.</para>
</note>
<note>
<title>Note: Strategic omission of instance-level meta data (non-normative)</title>
<para>There are strategies where specifying information items without instance-level meta data can provide long-term benefit.  For values unexpected to change over the life cycle of revisions of an enumerated list, avoiding specifying instance-level meta data will allow the value specification to have validity across all revisions.  Of course should the semantic of the value change at some point, legacy uses of the value become ambiguous.</para>
</note>
<para>A genericode file contains list-level meta data attributing properties to the enumeration as a whole.  This is different than the value-level meta data that may be specified for each value in the enumeration.  Instance-level meta data corresponds only to the list-level meta data, and not to any value-level meta data, found in the genericode file.  All differing genericode files should have unique list-level meta data to unambiguously identify the enumeration.</para>

<note>
<title>Note: Strategic masquerading of list-level meta data (non-normative)</title>
<para>A strategy involving masquerading list-level meta data in support of instance-level meta data supports a public enumeration that does not yet have a value that is anticipated to be included at a future date.  Using one's own enumeration containing the future value, and masquerading one's own necessarily-different meta data with the list-level meta data of the future enumeration, allows the association of the value with document contexts as if the value already is part of the future version of the enumeration.  This approach supplants any need to prematurely modify the larger enumeration to include the future value.</para>
</note>

<para>A context/value association file provides the optional masquerade facility whereby the <literal>&lt;ValueList></literal> declaration of an external genericode file includes a <literal>&lt;Identification></literal> child element.  The descendants of this element correspond to the like-named descendants of the <literal>&lt;Identification></literal> element in the genericode file.  An application interpreting the context/value association of a document context with an external value must give precedence to any masquerading meta data over any external list-level meta data when considering any instance-level meta data associated with the value.</para>

</section>
</section>

<section>
<title>Context/value association XML vocabulary expression</title>

<para>The <literal>http://docs.oasis-open.org/codelist/ns/ContextValueAssociation/cd2-1.0/</literal> namespace URI string represents the committee draft version of the XML vocabulary for context/value association files.  When the work becomes a committee specification the namespace URI string will likely be <literal>http://docs.oasis-open.org/codelist/ns/ContextValueAssociation/1.0/</literal>.</para>
<para>A set of associations from specified document contexts to referenced value lists is expressed in an XML instance using the context/value association XML vocabulary.  The W3C Schema XSD file <literal>ContextValueAssociation.xsd</literal> expresses the document constraints of this XML vocabulary and references the <literal>xml.xsd</literal> expression of reserved XML attributes.</para>
<para>All normative W3C Schema XSD document fragments for this XML vocabulary can be obtained by dereferencing this XML namespace URI.</para>

</section>
<section>
<title>Conformance</title>
<para>Two measures of conformance are described by this specification:  (1) the conformance of a standalone context/value association instance and its contents; and (2) the conformance of an application acting on a context/value association file to interpret the values permitted for document contexts.</para>
<section>
<title>Document-level conformance</title>
<para>An XML instance conforms to the OASIS Context/value association file document model if it doe not violate any document-level constraints described herein.</para>

<variablelist>
<varlistentry>
<term>
D1 [document:: vocabulary constraints]</term>
<listitem><para>
A context/value association file must not violate the W3C Schema XSD constraints expressed in the <literal>genericode.xsd</literal> associated with this version of the XML vocabulary.</para>
</listitem>
</varlistentry>
<varlistentry>
<term>
D2 [document:: URI resolution]</term>
<listitem><para>
Every <literal>uri=</literal> attribute of <literal>&lt;ValueList></literal> must point to a valid genericode document with a <literal>&lt;CodeList></literal> document element.</para>
</listitem>
</varlistentry>
<varlistentry>
<term>
D3 [document:: key specification]</term>
<listitem><para>
Every <literal>&lt;ValueList></literal> with a <literal>uri=</literal> attribute pointing to a genericode document with multiple keys must have a <literal>key=</literal> attribute naming a single key identifier found in the referenced enumeration.</para>
</listitem>
</varlistentry>
<varlistentry>
<term>
D4 [document:: key definition]</term>
<listitem><para>
The key used in a referenced genericode document must be a key with a single column definition.  Multiple-column keys are not supported by this version of the context/value association file format.</para>
</listitem>
</varlistentry>
<varlistentry>
<term>
D5 [document:: context specification]</term>
<listitem><para>
The <literal>scope=</literal> and <literal>address=</literal> attributes of the <literal>&lt;Context></literal> element are optional and mutually exclusive.  If either is present on a given element the other is not allowed to also be present on the same element.</para>
</listitem>
</varlistentry>
<varlistentry>
<term>
D6 [document:: default query binding for item addresses]</term>
<listitem><para>
Item addresses and scopes are expressed in the syntax implied by the <literal>queryBinding=</literal> attribute on <literal>&lt;ValueListConstraints></literal>.  Absent this attribute, there is no representation that addresses are in any particular syntax.</para>
</listitem>
</varlistentry>
<varlistentry>
<term>
D7 [document:: context definition]</term>
<listitem><para>
The <literal>item=</literal>, <literal>scope=</literal> and <literal>address=</literal> attributes of the <literal>&lt;Context></literal> element must be addresses expressed in the bound query syntax when the syntax is specified.  In addition the <literal>item=</literal> attribute must be a context-free address of an element or an attribute.</para>
</listitem>
</varlistentry>
</variablelist>

</section>
<section>
<title>Application-level conformance</title>
<para>An application conforms to the OASIS Context/value association file processing rules if it does not violate any application-level constraints described herein when processing a context/value association file.</para>

<variablelist>
<varlistentry>
<term>A1 [application:: document-level constraints]</term>
<listitem><para>An application must report violations of document-level constraints.</para>
</listitem>
</varlistentry>
<varlistentry>
<term>A2 [application:: meaningful results]</term>
<listitem><para>An application must not provide meaningful association results if any document-level or application-level constraints are violated.</para>
</listitem>
</varlistentry>
<varlistentry>
<term>A3 [application:: inclusion priority]</term>
<listitem><para>The document contexts described in an including CVA file have higher detection priority than those found in an included CVA file.  The document contexts described in an included CVA file have higher detection priority than those found in a previously-included CVA file.  Expressed another way, the document contexts in the first included CVA file have the lowest detection priority.</para>
</listitem>
</varlistentry>
<varlistentry>
<term>A4 [application:: relative URI resolution]</term>
<listitem><para>A relative URI used in the <literal>uri=</literal>attribute of a <literal>&lt;ValueList></literal> element is resolved relative to the base URI of that element.</para>
</listitem>
</varlistentry>
<varlistentry>
<term>A5 [application:: masquerading meta data]</term>
<listitem><para>Any element found in a <literal>&lt;Identification></literal> element has precedence over any like-named element that may or may not be present in the referenced genericode file's <literal>&lt;Identification></literal> element.</para>
</listitem>
</varlistentry>
<varlistentry>
<term>A6 [application:: declaration priority]</term>
<listitem><para>The document context described by a <literal>&lt;Context></literal> element has higher detection priority than those described after it (that is, the following sibling <literal>&lt;Context></literal> elements).  Expressed another way, the document contexts within a given CVA file are processed in descending priority order.</para>
</listitem>
</varlistentry>
<varlistentry>
<term>A7 [application:: query binding]</term>
<listitem><para>The query binding specified in <literal>&lt;ContextValueAssociations></literal> element governs the interpretation of all addresses of information items.  Absent this attribute an application is free to interpret addresses in any syntax it wishes.</para>
</listitem>
</varlistentry>
</variablelist>

</section>

</section>

<appendix role="non-normative">
<title>
Document contexts in XML instances</title>
<para>
The different types of information items that are described by code lists and value lists are typically declared in few places in document models but, because of document context, the actual instances of these information items are found in possibly very many places in actual documents.  Each use of an information item is in a different document context.  Document grammars that validate information items based solely on global declarations cannot distinguish the uses of the items in different document contexts and any desired differences in value association required by trading partners exchanging XML instances.</para>

<para>
Document contexts are expressed structurally as hierarchical tree locations.  Without confidence that the document contexts of the information items of an XML instance are sound, no amount of contextual association of item values is going to be reliable.  It is, therefore, a necessary precondition in advance of using context/value association files to validate the XML instances against a schema expression of structural constraints for information item location and lexical structure.  This is a critically important precondition because the schema constraints will confirm the document contexts of information items are correctly positioned in the XML instance document hierarchy, and are correctly formed in regard to their lexical structure. Only when the information items are known to be in correct contexts with their correct form will the value association of the document contexts reflect bona fide values.</para>

<section>
<title>
Using XPath patterns to specify document context</title>
<para>
A subset of the XML Path Language 1.0 <xref linkend="b_xpath10"/> is used to address locations in an XML document according to a data model of processed syntax.  This XPath data model differs from other data models such as the Document Object Model <xref linkend="b_DOM"/> in that the DOM models more aspects of raw syntax used in the document.  Given that syntax is irrelevant (in that it is arbitrary to the creator of XML which syntactic choices are made when marking up documents) the XPath data model is sufficient to talk about the elements and attributes found in documents.</para>
<para>The XSLT 1.0 pattern concept <xref linkend="b_xslt10pattern"/> specifies the subset of XPath addresses specifying document contexts.</para>
<para>
Elements are referred to in an XPath expression by their namespace-qualified names, while the "<literal>@</literal>" character (an abbreviation for the XPath <literal>attribute::</literal> axis) prefixes attributes referred to by their namespace-qualified names.</para>
<note>
<title>Note: Names without prefixes</title>
<para>
XPath 1.0 considers names without prefixes to always be in no namespace, and never uses the default namespace to qualify names without prefixes.  For this reason, all namespace-qualified information items in an XML vocabulary being associated with values must be prefixed when being addressed in XPath 1.0, even if the instances of the document vocabulary utilize the default namespace.</para>
</note>
<para>
The syntax of an XPath expression separates multiple location steps of a single location path using an oblique "<literal>/</literal>" character.  Each step to the right names the child element or attached attribute of the immediately preceding step to the left which is always an element.  Child elements are one level deeper in the XML hierarchical nesting than their parents.  Elements are also parents of their attached attributes.</para>
<para>
A fully-qualified absolute XPath location path begins with the oblique indicating the path starts from the root node (the parent of the document element) of the XPath data model document tree.  A relative XPath location path starts with the name of an information item without the oblique at the beginning.</para>
<para>
Examples of four absolute XPath location paths are as follows (note that arbitrary white-space is allowed between steps of an XPath address):</para>

<programlisting><![CDATA[/po:Order/cac:TaxTotal/cbc:TaxAmount/@currencyID
/po:Order/cbc:DocumentCurrencyCode
/po:Order/cac:BuyerCustomerParty/cac:Party/cac:PostalAddress/
                                           cbc:CountrySubentityCode
/po:Order/cac:SellerSupplierParty/cac:Party/cac:PostalAddress/
                                            cbc:CountrySubentityCode
]]></programlisting>

<para>
An example of a relative XPath location that matches all currency values in attributes in the entire instance of a document model is as follows, as the information item does not include any ancestral distinction to the left:</para>
<programlisting><![CDATA[@currencyID]]></programlisting>

<para>
An example of a relative XPath location that matches all country sub-entity values in elements in the entire instance of a document model is as follows, as the information item does not include any ancestral distinction to the left:</para>
<programlisting><![CDATA[cbc:CountrySubentityCode]]></programlisting>

<para>
The minimum XPath addresses needed to precisely distinguish, for example, the country sub-entity code of the party address of each of the buyer and seller are as follows, as the information item includes explicit ancestry to the left:</para>

<programlisting><![CDATA[cac:BuyerCustomerParty/cac:Party/cac:PostalAddress/cbc:CountrySubentityCode
cac:SellerSupplierParty/cac:Party/cac:PostalAddress/cbc:CountrySubentityCode]]></programlisting>

<para>
Two examples of the "<literal>//</literal>" operator in XPath illustrate the matching within an entire sub-tree of the document hierarchy; the XPath addresses needed to distinguish all (not just in the party address) country sub-entity codes descendent to the buyer and the seller would be as follows indicating only the required (and possibly distant) ancestor:</para>

<programlisting><![CDATA[cac:BuyerCustomerParty//cbc:CountrySubentityCode
cac:SellerSupplierParty//cbc:CountrySubentityCode]]></programlisting>

</section>
<section>
<title>
Example uses of document contexts</title>
<para>
When deciding on code list and value association, partners in information interchange must agree in which contexts particular sets of values need to be constrained.</para>
<para>
Some business rules may require the same context to be specified across all document types, such as "All currency values must be Canadian or US dollars."</para>
<para>
Other business rules may require indistinct document contexts to be specified, such as "all country sub-entity codes used in the order and in the invoice shall be valid states according to the United States postal service."</para>
<note>
<title>Note: Incomplete example</title>
<para>
In fact constraining only the country sub-entity code could be quite misleading in a business environment, but it is used here for illustrative purposes.  The code "<literal>WA</literal>" validly representing both Western Australia, Australia and Washington, United States of America, would be an example of the ambiguity problem.</para>
</note>
<para>
Yet other business rules might require more distinct document contexts to be specified, such as "The country sub-entity codes for the seller can only be states of the United States, while country sub-entity codes for the buyer can be both provinces of Canada and states of the United States."</para>
<para>
Partners engaged in information interchange must, therefore, take the step to agree on which XPath addresses will specify the contexts at which particular values are constrained.  Examining the list of contexts in which constrained-value information items are found, the partners can identify as much specificity as is required to match those contexts in which the values are constrained.</para>
</section>
</appendix>

<appendix role="non-normative">
<title>
Using association to restrict a schema-enumerated code list</title>
<para>
When associating the values from a list that is described in a schema with an enumeration, the genericode file of values can at most have only those values found in the schema.  Any superfluous values would never be properly associated because the schema validation precludes their use.</para>

<para>Partners involved in information interchange can pare down this complete list and prune unwanted values in a new genericode file leaving in only the values agreed to be used in XML instances.  Creating the new list, however, obligates the user to utilize different list-level meta data in the new list than that found in the original list, as the new list does not in fact reflect the complete list as described by the original meta data.</para>

<para>
An example of this is a genericode file based on the UN/CEFACT currency values that includes over 160 entries.  A copy of this file is edited where the entire list of coded values has been pruned to only the Canadian dollar and the US dollar, and the meta data necessarily modified to reflect the qualified list and not the complete list.  The example file could read as follows:</para>
<programlisting><![CDATA[<gc:CodeList 
xmlns:gc="http://docs.oasis-open.org/codelist/ns/genericode/1.0/">
   <Identification>
      <ShortName>CAUSCurrencyCode</ShortName>
      <LongName>Canadian and US Currency Codes</LongName>
      <Version>1</Version>
      <CanonicalUri>urn:x-company:CAUS-currency</CanonicalUri>
      <CanonicalVersionUri>urn:x-company:CAUS-currency:
1</CanonicalVersionUri>
   </Identification>
   <ColumnSet>
      <Column Id="code" Use="required">
         <ShortName>Code</ShortName>
         <Data Type="xsd:normalizedString"/>
      </Column>
      <Column Id="name" Use="optional">
         <ShortName>Name</ShortName>
         <Data Type="xsd:string"/>
      </Column>
      <Key Id="codeKey">
         <ShortName>CodeKey</ShortName>
         <ColumnRef Ref="code"/>
      </Key>
   </ColumnSet>
   <SimpleCodeList>
      <Row>
         <Value ColumnRef="code">
            <SimpleValue>CAD</SimpleValue>
         </Value>
         <Value ColumnRef="name">
            <SimpleValue>Canadian Dollar</SimpleValue>
         </Value>
      </Row>
      <Row>
         <Value ColumnRef="code">
            <SimpleValue>USD</SimpleValue>
         </Value>
         <Value ColumnRef="name">
            <SimpleValue>US Dollar</SimpleValue>
         </Value>
      </Row>
   </SimpleCodeList>
</gc:CodeList>
]]></programlisting>

<para>
Note that instance-level meta data could very well be pointing to the original list's list-level meta data, thus defining the semantics of the values being used.  Consider the following instance fragment that specifies version meta data for the currency attribute:</para>

<programlisting><![CDATA[<cac:TaxTotal>
  <cbc:TaxAmount currencyCodeListVersionID="2001"
                 currencyID="USD">15.00</cbc:TaxAmount>
  <cbc:TaxEvidenceIndicator>false</cbc:TaxEvidenceIndicator>
  <cac:TaxSubTotal>
]]></programlisting>

<para>
This instance would validate with the original genericode file but, as is, would not validate with the restricted code list above because the version information in the restricted code list list-level meta data, amongst other meta data, doesn't match the original list.</para>

<para>
The context/value association file in <xref linkend="example"/> accommodates this with the following declaration of the use of the restricted code list, while masquerading the restricted list of values as being the bona fide complete list of values:</para>

<programlisting><![CDATA[<ValueList xml:id="currency" uri="CAUS_CurrencyCode.gc">
  Restricted to only Canadian and US dollars.
  <Identification>
    <Reference>CurrencyCode</Reference>
    <Name>Currency</Name>
    <ID>ISO 4217 Alpha</ID>
    <URI>urn:un:unece:uncefact:codelist:specification:54217</URI>
    <Version>2001</Version>
    <VersionURI>urn:un:unece:uncefact:codelist:specification:54217:
2001</VersionURI>
    <AgencyName>United Nations Economic Commission for Europe</AgencyName>
    <AgencyID>6</AgencyID>
  </Identification>
</ValueList>
]]></programlisting>

<para>
By masquerading the meta data, the code list genericode file properly includes the unique meta data of the derived set of codes, while the association properly matches against  the original list's meta data values.  There is, of course, a risk that one could accidentally or maliciously improperly purport a derived list to be from a different list and cause instances to pass value validation without an error.</para>

</appendix>
<appendix role="non-normative">
<title>
Using association to extend a code list</title>
<para>
The context/value association file in <xref linkend="example"/> illustrates the extension of the codes permitted for an information item, in this case for payment means in a document.</para>

<para>Two code lists for payment means are declared:  one with the identifier "<literal>payments</literal>", pointing to an original list of agreed-upon payment means for a community, and the other with the identifier "<literal>additional_payments</literal>", pointing to a set of values meant to augment the list of available values.</para>

<para>The following declaration associates the members of both lists with the document-wide context of <literal>&lt;cbc:PaymentMeansCode></literal> elements:</para>

<programlisting><![CDATA[    <Context item="cbc:PaymentMeansCode" 
             values="payments additional_payments">
      <x:p>The payments can be by either standard or supplemental means.</x:p>
    </Context>]]></programlisting>

</appendix>

<appendix id="example" role="non-normative">
<title>Example context/value association and genericode file scenario</title>

<para>
In this scenario two trading partners are going to interchange documents between buyer and seller parties.  At a structural level, they are using publicly-available W3C Schema expressions for the structural integrity of their XML instances.</para>

<para>
At a business level, the trading partners have agreed that all currencies used in an instance can be only Canadian or US dollars.  The <literal>CAUS_CurrencyCode.gc</literal> file documented above expresses this limited number of coded values.</para>

<para>
The partners have also agreed that the buyer's country sub-entity codes may be either a US state or a Canadian province, but that the seller's country sub-entity codes may only be a US state.  The two genericode files  <literal>US_CountrySubentityCode.gc</literal> and <literal>CA_CountrySubentityCode.gc</literal> each represent respectively state and province name abbreviations.</para>

<para>
An excerpt from the <literal>CA_CountrySubentityCode.gc</literal> file created by hand to represent the list of Canadian provinces and territories after April 1, 1999 reads as:</para>
<programlisting><literal><![CDATA[<gc:CodeList 
xmlns:gc="http://docs.oasis-open.org/codelist/ns/genericode/1.0/">
   <Identification>
      <ShortName>provinces</ShortName>
      <LongName>Canadian Provinces</LongName>
      <Version>2</Version>
      ...
   </Identification>
   ...
   <SimpleCodeList>
      <Row>
         <Value ColumnRef="code">
            <SimpleValue>AB</SimpleValue>
         </Value>
         <Value ColumnRef="name">
            <SimpleValue>Alberta</SimpleValue>
         </Value>
      </Row>
      <Row>
         <Value ColumnRef="code">
            <SimpleValue>BC</SimpleValue>
         </Value>
         <Value ColumnRef="name">
            <SimpleValue>British Columbia</SimpleValue>
         </Value>
      </Row>
      ...
]]></literal></programlisting>
<para>
An excerpt from the <literal>US_CountrySubentityCode.gc</literal> file created by hand to represent US states reads as:</para>
<programlisting><literal><![CDATA[<gc:CodeList 
xmlns:gc="http://docs.oasis-open.org/codelist/ns/genericode/1.0/">
   <Identification>
      <ShortName>states</ShortName>
      <LongName>US States</LongName>
      <Version>1</Version>
      ...
   </Identification>
   ...
   <SimpleCodeList>
      <Row>
         <Value ColumnRef="code">
            <SimpleValue>AL</SimpleValue>
         </Value>
         <Value ColumnRef="name">
            <SimpleValue>ALABAMA</SimpleValue>
         </Value>
      </Row>
      <Row>
         <Value ColumnRef="code">
            <SimpleValue>AK</SimpleValue>
         </Value>
         <Value ColumnRef="name">
            <SimpleValue>ALASKA</SimpleValue>
         </Value>
      </Row>
      ...
]]></literal></programlisting>

<para>
Using the <literal>TaxIdentifier.gc</literal> set of identifiers, the instances can make reference to appropriate taxes.</para>

<para>
Finally, the trading partners have agreed to use both the complete set of payment means agreed on by the community, extended by an additional payment means expressed in <literal>Additional_PaymentMeansCode.gc</literal>.</para>

<para>
These genericode files and context/value association file together form a formal and unambiguous expression of the contextual coded value constraints that go beyond the constraints found in schema expressions.  The package of these files can, therefore, be included in a contractual agreement between the trading partners.  Each trading partner can then use the formal expression of context/value associations in data entry, validation or other processes responsible for writing or confirming specified values in instances.</para>

<section>
<title>Example context/value association file</title>
<para>
The following complete example of a context/value association file constrained by this specification and is similar to that used in the example scenario.  This incorporates all the features described in this specification (these features are specified in detail in various sections of this document and not here in this appendix):</para>

<programlisting><![CDATA[<?xml version="1.0" encoding="UTF-8"?>
<?xml-stylesheet type="text/xsl" href="Crane-assoc2html.xsl"?>
<ValueListConstraints 
xmlns="http://docs.oasis-open.org/codelist/ns/ContextValueAssociation/cd2-1.0/"
  xmlns:cbc="urn:oasis:names:draft:ubl:schema:xsd:CommonBasicComponents-2"
  xmlns:cac="urn:oasis:names:draft:ubl:schema:xsd:CommonAggregateComponents-2"
  xmlns:x="http://www.w3.org/TR/REC-html40"
  xmlns:sch="http://purl.oclc.org/dsdl/schematron"
  id="urn:x-illustration"
  name="code-list-rules"
  version=
"$ Id: order-constraints-doc.cva,v 1.11 2008/11/11 15:16:30 gkholman Exp $">
  <Annotation>
    <Description>
      <x:p>
        This is an illustrative example of all of the features of specifying
        the context/value constraints that one can express for XML documents.
      </x:p>
      <x:p>
        The validation requirements for this contrived scenario are as follows:
        <x:ul>
          <x:li>the UN/CEFACT currency code list is restricted to be
          only Canadian and US dollars:</x:li>
          <x:li>the seller must be in the US</x:li>
          <x:li>the buyer may be in either Canada or the US</x:li>
          <x:li>the definition for Payment Means is extended to include
          both UBL definitions and additional definitions</x:li>
        </x:ul>
      </x:p>
    </Description>
  </Annotation>

  <Title>
    Illustration of code list constraints - 
    <x:samp>order-constraints.cva</x:samp>
  </Title>

  <!--list all of the genericode expressions of agreed-upon code list
      value enumerations-->
  <ValueLists>
    <ValueList xml:id="currency" uri="CAUS_CurrencyCode.gc">
      <Annotation>
        <Description>
          <x:p>Restricted to only Canadian and US dollars.</x:p>
        </Description>
      </Annotation>
      <Identification>
        <ShortName>CurrencyCode</ShortName>
        <LongName>Currency</LongName>
        <LongName Identifier='listID'>ISO 4217 Alpha</LongName>
        <Version>2001</Version>
        <CanonicalUri>urn:un:unece:uncefact:codelist:specification:
54217</CanonicalUri>
        <CanonicalVersionUri>urn:un:unece:uncefact:codelist:
specification:54217:2001</CanonicalVersionUri>
        <Agency>
          <LongName>United Nations Economic Commission for Europe</LongName>
          <Identifier>6</Identifier>
        </Agency>
      </Identification>
    </ValueList>
    <ValueList xml:id="states" uri="US_CountrySubentityCode.gc">
      <Annotation>
        <Description>
          <x:p>List of US states.</x:p>
        </Description>
      </Annotation>
    </ValueList>
    <ValueList xml:id="provinces" uri="CA_CountrySubentityCode.gc">
      <Annotation>
        <Description>
          <x:p>List of Canadian provinces</x:p>
        </Description>
      </Annotation>
    </ValueList>
    <ValueList xml:id="tax-ids" uri="TaxIdentifier.gc" key="codeKey">
      <Annotation>
        <Description>
          <x:p>List of tax type identifiers</x:p>
        </Description>
      </Annotation>
    </ValueList>
    <ValueList xml:id="payments" uri="UBL_PaymentMeansCode-2.0.gc">
      <Annotation>
        <Description>
          <x:p>
            Copied from the UBL 2.0 suite:
            <x:a href="http://docs.oasis-open.org/ubl/cs-UBL-2.0/">
              <x:samp>http://docs.oasis-open.org/ubl/cs-UBL-2.0/</x:samp>
            </x:a>
          </x:p>
        </Description>
      </Annotation>
    </ValueList>
    <ValueList xml:id="additional_payments" 
               uri="Additional_PaymentMeansCode.gc">
      <Annotation>
        <Description>
          <x:p>An extra set of possible payment means.</x:p>
        </Description>
      </Annotation>
    </ValueList>
  </ValueLists>
  <!--list all of the contexts in which the value enumerations are used;
      where two or more contexts might match a given node in the input,
      list them here in order of most-important to least important match-->
  <Contexts>
    <Context item="@currencyID" values="currency" mark="money">
      <Annotation>
        <Description>
      <x:p>All currencies are restricted to only Canadian and US dollars.</x:p>
        </Description>
      </Annotation>
    </Context>
    <Context item="cbc:CountrySubentityCode"
             scope="cac:BuyerCustomerParty"
             values="provinces states">
      <Annotation>
        <Description>
          <x:p>The buyer can be in either Canada or the US.</x:p>
        </Description>
      </Annotation>
      <Message>Invalid province or state '<sch:value-of select="."/>' for 
buyer "<sch:value-of
select="ancestor::cac:BuyerCustomerParty/cac:Party/cac:PartyName/cbc:Name"/>"
</Message>
    </Context>
    <Context item="cbc:CountrySubentityCode"
             scope="cac:SellerSupplierParty"
             values="states">
      <Annotation>
        <Description>
          <x:p>The seller can only be in the US.</x:p>
        </Description>
      </Annotation>
    </Context>
    <Context item="cbc:ID" address="cac:TaxCategory/cbc:ID"
             values="tax-ids" mark="money">
      <Annotation>
        <Description>
          <x:p>Limit the recognized tax identifiers</x:p>
        </Description>
      </Annotation>
    </Context>
    <Context item="cbc:PaymentMeansCode" mark="money"
             values="payments additional_payments">
      <Annotation>
        <Description>
      <x:p>The payments can be by either standard or supplemental means.</x:p>
        </Description>
      </Annotation>
    </Context>
  </Contexts>
</ValueListConstraints>
]]></programlisting>

</section>

</appendix>

<appendix role="non-normative">

<title>Acknowledgments</title>
<para>The following individuals have participated in the creation of this specification and are gratefully acknowledged.</para>
<para>Participants:
</para>
<itemizedlist>
<listitem><para>Jon Bosak, Sun Microsystems</para>
</listitem>
<listitem><para><?nospell-start?>Anthony Coates, Miley Watts LLP<?nospell-end?></para>
</listitem>
<listitem><para>Jim Harris, National Center for State Courts</para>
</listitem>
<listitem><para>G. Ken Holman, Associate Member</para>
</listitem>
<listitem><para>Paul Spencer, Associate Member</para>
</listitem>
</itemizedlist>

</appendix>

<bibliography id="bibl"><title>References</title>

<bibliomixed id="currencyalpha"><abbrev>currency</abbrev>UN/ECE Working Party on Facilitation of International Trade Procedures <title><ulink url="http://www.unece.org/cefact/recommendations/rec09/rec09_ecetrd203.pdf">Alphabetical Code for the Representation of Currencies</ulink></title> Recommendation 9 (Second Edition) January 1996, ECE/TRADE/203 [Edition 96.1]
</bibliomixed>
<!--
    <bibliomixed id="b_craneres"><abbrev>Crane Resources</abbrev> Crane Softwrights Ltd. <title><ulink url="http://www.CraneSoftwrights.com/links/res-ublo.htm">Free developer resources</ulink></title></bibliomixed>
-->
<bibliomixed id="b_DOM"><abbrev><?nospell-start?>DOM<?nospell-end?></abbrev>World Wide Web Consortium <title><ulink url="http://www.w3.org/DOM/DOMTR">Document Object Model</ulink></title></bibliomixed>

<bibliomixed id="b_genericode"><abbrev><?nospell-start?>genericode<?nospell-end?></abbrev><?nospell-start?>Tony Coates <?nospell-end?><title><ulink url="http://www.genericode.org/"><?nospell-start?>genericode<?nospell-end?></ulink></title>, <title><ulink url="http://docs.oasis-open.org/codelist/genericode">OASIS Code List Representation Technical Committee repository</ulink></title></bibliomixed>

<bibliomixed id="rfc2119"><abbrev>RFC Keywords</abbrev><?nospell-start?>S. Bradner <?nospell-end?><title><ulink url="http://rfc.net/rfc2119.txt">Key words for use in <?nospell-start?>RFCs<?nospell-end?> to Indicate Requirement Levels</ulink></title>
Internet Engineering Task Force, March 1997
</bibliomixed>

<bibliomixed id="b_schematron">
<abbrev>Schematron</abbrev>
<?nospell-start?>Rick Jelliffe<?nospell-end?>
<title>
<ulink url="http://www.schematron.com/">
ISO/IEC 19757-3 Schematron</ulink></title>,
<title><ulink url="http://www.DSDL.org">
Document Schema Definition Languages (DSDL) Part 3</ulink></title>,
<title><ulink url="http://www.jtc1sc34.org/">ISO/IEC JTC 1/SC 34/WG 1</ulink></title>
</bibliomixed>

<bibliomixed id="scimitar"><abbrev><?nospell-start?>Scimitar<?nospell-end?></abbrev><?nospell-start?> Fourthought, Inc. <?nospell-end?><title><ulink url="http://uche.ogbuji.net/tech/4suite/amara/"><?nospell-start?>Scimitar<?nospell-end?></ulink></title></bibliomixed>

<bibliomixed id="b_xpath10"><abbrev>XPath 1.0</abbrev><?nospell-start?>James Clark, Steve DeRose <?nospell-end?><title><ulink url="http://www.w3.org/TR/1999/REC-xpath-19991116">XML Path Language (XPath) Version 1.0</ulink></title> 1999-11-16</bibliomixed>

    <bibliomixed id="b_xslt10pattern"><abbrev>XSLT 1.0 Pattern</abbrev>James Clark <title><ulink url="http://www.w3.org/TR/1999/REC-xslt-19991116#patterns">XSL Transformations (XSLT) Version 1.0 section 5.2 "Patterns"</ulink></title> 1999-11-16</bibliomixed>

</bibliography>

</article>
