<?xml version="1.0" encoding="utf-8"?>
<in:Invoice xmlns:in="urn:oasis:names:specification:ubl:schema:xsd:Invoice-1.0" xmlns:xsi="http://www.w3.org/2001/XMLSchema-instance" xsi:schemaLocation="urn:oasis:names:specification:ubl:schema:xsd:Invoice-1.0 http://docs.oasis-open.org/ubl/cd-UBL-1.0/xsdrt/maindoc/UBL-Invoice-1.0.xsd">
   <in:ID>abc01</in:ID>
   <cbc:IssueDate xmlns:cbc="urn:oasis:names:specification:ubl:schema:xsd:CommonBasicComponents-1.0">abc02</cbc:IssueDate>
   <cac:BuyerParty xmlns:cac="urn:oasis:names:specification:ubl:schema:xsd:CommonAggregateComponents-1.0">
      <cac:Party>
         <cac:PartyName>
            <cbc:Name xmlns:cbc="urn:oasis:names:specification:ubl:schema:xsd:CommonBasicComponents-1.0">abc20</cbc:Name>
         </cac:PartyName>
         <cac:Address>
            <cbc:StreetName xmlns:cbc="urn:oasis:names:specification:ubl:schema:xsd:CommonBasicComponents-1.0">abc23</cbc:StreetName>
            <cbc:BuildingName xmlns:cbc="urn:oasis:names:specification:ubl:schema:xsd:CommonBasicComponents-1.0">abc21</cbc:BuildingName>
            <cbc:BuildingNumber xmlns:cbc="urn:oasis:names:specification:ubl:schema:xsd:CommonBasicComponents-1.0">abc22</cbc:BuildingNumber>
            <cbc:CityName xmlns:cbc="urn:oasis:names:specification:ubl:schema:xsd:CommonBasicComponents-1.0">abc24</cbc:CityName>
            <cbc:PostalZone xmlns:cbc="urn:oasis:names:specification:ubl:schema:xsd:CommonBasicComponents-1.0">abc26</cbc:PostalZone>
            <cbc:CountrySubentity xmlns:cbc="urn:oasis:names:specification:ubl:schema:xsd:CommonBasicComponents-1.0">abc25</cbc:CountrySubentity>
            <cac:AddressLine>
               <cbc:Line xmlns:cbc="urn:oasis:names:specification:ubl:schema:xsd:CommonBasicComponents-1.0"/>
            </cac:AddressLine>
         </cac:Address>
      </cac:Party>
   </cac:BuyerParty>
   <cac:SellerParty xmlns:cac="urn:oasis:names:specification:ubl:schema:xsd:CommonAggregateComponents-1.0">
      <cac:Party>
         <cac:PartyName>
            <cbc:Name xmlns:cbc="urn:oasis:names:specification:ubl:schema:xsd:CommonBasicComponents-1.0">abc10</cbc:Name>
         </cac:PartyName>
         <cac:Address>
            <cbc:StreetName xmlns:cbc="urn:oasis:names:specification:ubl:schema:xsd:CommonBasicComponents-1.0">abc13</cbc:StreetName>
            <cbc:BuildingName xmlns:cbc="urn:oasis:names:specification:ubl:schema:xsd:CommonBasicComponents-1.0">abc11</cbc:BuildingName>
            <cbc:BuildingNumber xmlns:cbc="urn:oasis:names:specification:ubl:schema:xsd:CommonBasicComponents-1.0">abc12</cbc:BuildingNumber>
            <cbc:CityName xmlns:cbc="urn:oasis:names:specification:ubl:schema:xsd:CommonBasicComponents-1.0">abc14</cbc:CityName>
            <cbc:PostalZone xmlns:cbc="urn:oasis:names:specification:ubl:schema:xsd:CommonBasicComponents-1.0">abc16</cbc:PostalZone>
            <cbc:CountrySubentity xmlns:cbc="urn:oasis:names:specification:ubl:schema:xsd:CommonBasicComponents-1.0">abc15</cbc:CountrySubentity>
            <cac:AddressLine>
               <cbc:Line xmlns:cbc="urn:oasis:names:specification:ubl:schema:xsd:CommonBasicComponents-1.0"/>
            </cac:AddressLine>
         </cac:Address>
      </cac:Party>
   </cac:SellerParty>
   <cac:PaymentMeans xmlns:cac="urn:oasis:names:specification:ubl:schema:xsd:CommonAggregateComponents-1.0">
      <cac:PaymentMeansCode languageID="en-us" codeListURI="http://www.unece.org/trade/untdid/d03a/tred/tred4461.htm" codeListID="UN/ECE 4461" codeListVersionID="D03A" codeListSchemeURI="urn:oasis:names:specification:ubl:schema:xsd:PaymentMeansCode-1.0" name="" codeListAgencyName="United Nations Economic Commission for Europe" codeListName="Payment Means" codeListAgencyID="6">ZZZ</cac:PaymentMeansCode>
      <cac:PayeeFinancialAccount>
         <cbc:Name xmlns:cbc="urn:oasis:names:specification:ubl:schema:xsd:CommonBasicComponents-1.0">abc42</cbc:Name>
      </cac:PayeeFinancialAccount>
   </cac:PaymentMeans>
   <cac:LegalTotal xmlns:cac="urn:oasis:names:specification:ubl:schema:xsd:CommonAggregateComponents-1.0">
      <cbc:TaxInclusiveTotalAmount xmlns:cbc="urn:oasis:names:specification:ubl:schema:xsd:CommonBasicComponents-1.0" amountCurrencyID="abc40">12341</cbc:TaxInclusiveTotalAmount>
   </cac:LegalTotal>
   <cac:InvoiceLine xmlns:cac="urn:oasis:names:specification:ubl:schema:xsd:CommonAggregateComponents-1.0">
      <cac:ID>1233010</cac:ID>
      <cbc:InvoicedQuantity xmlns:cbc="urn:oasis:names:specification:ubl:schema:xsd:CommonBasicComponents-1.0" quantityUnitCode="abc3012">abc3011</cbc:InvoicedQuantity>
      <cbc:LineExtensionAmount xmlns:cbc="urn:oasis:names:specification:ubl:schema:xsd:CommonBasicComponents-1.0" amountCurrencyID="abc40">1233014</cbc:LineExtensionAmount>
      <cac:Item>
         <cbc:Description xmlns:cbc="urn:oasis:names:specification:ubl:schema:xsd:CommonBasicComponents-1.0">abc3013</cbc:Description>
      </cac:Item>
   </cac:InvoiceLine>
   <cac:InvoiceLine xmlns:cac="urn:oasis:names:specification:ubl:schema:xsd:CommonAggregateComponents-1.0">
      <cac:ID>1233020</cac:ID>
      <cbc:InvoicedQuantity xmlns:cbc="urn:oasis:names:specification:ubl:schema:xsd:CommonBasicComponents-1.0" quantityUnitCode="abc3022">abc3021</cbc:InvoicedQuantity>
      <cbc:LineExtensionAmount xmlns:cbc="urn:oasis:names:specification:ubl:schema:xsd:CommonBasicComponents-1.0" amountCurrencyID="abc40">1233024</cbc:LineExtensionAmount>
      <cac:Item>
         <cbc:Description xmlns:cbc="urn:oasis:names:specification:ubl:schema:xsd:CommonBasicComponents-1.0">abc3023</cbc:Description>
      </cac:Item>
   </cac:InvoiceLine>
   <cac:InvoiceLine xmlns:cac="urn:oasis:names:specification:ubl:schema:xsd:CommonAggregateComponents-1.0">
      <cac:ID>1233030</cac:ID>
      <cbc:InvoicedQuantity xmlns:cbc="urn:oasis:names:specification:ubl:schema:xsd:CommonBasicComponents-1.0" quantityUnitCode="abc3032">abc3031</cbc:InvoicedQuantity>
      <cbc:LineExtensionAmount xmlns:cbc="urn:oasis:names:specification:ubl:schema:xsd:CommonBasicComponents-1.0" amountCurrencyID="abc40">1233034</cbc:LineExtensionAmount>
      <cac:Item>
         <cbc:Description xmlns:cbc="urn:oasis:names:specification:ubl:schema:xsd:CommonBasicComponents-1.0">abc3033</cbc:Description>
      </cac:Item>
   </cac:InvoiceLine>
   <cac:InvoiceLine xmlns:cac="urn:oasis:names:specification:ubl:schema:xsd:CommonAggregateComponents-1.0">
      <cac:ID>1233040</cac:ID>
      <cbc:InvoicedQuantity xmlns:cbc="urn:oasis:names:specification:ubl:schema:xsd:CommonBasicComponents-1.0" quantityUnitCode="abc3042">abc3041</cbc:InvoicedQuantity>
      <cbc:LineExtensionAmount xmlns:cbc="urn:oasis:names:specification:ubl:schema:xsd:CommonBasicComponents-1.0" amountCurrencyID="abc40">1233044</cbc:LineExtensionAmount>
      <cac:Item>
         <cbc:Description xmlns:cbc="urn:oasis:names:specification:ubl:schema:xsd:CommonBasicComponents-1.0">abc3043</cbc:Description>
      </cac:Item>
   </cac:InvoiceLine>
   <cac:InvoiceLine xmlns:cac="urn:oasis:names:specification:ubl:schema:xsd:CommonAggregateComponents-1.0">
      <cac:ID>1233050</cac:ID>
      <cbc:InvoicedQuantity xmlns:cbc="urn:oasis:names:specification:ubl:schema:xsd:CommonBasicComponents-1.0" quantityUnitCode="abc3052">abc3051</cbc:InvoicedQuantity>
      <cbc:LineExtensionAmount xmlns:cbc="urn:oasis:names:specification:ubl:schema:xsd:CommonBasicComponents-1.0" amountCurrencyID="abc40">1233054</cbc:LineExtensionAmount>
      <cac:Item>
         <cbc:Description xmlns:cbc="urn:oasis:names:specification:ubl:schema:xsd:CommonBasicComponents-1.0">abc3053</cbc:Description>
      </cac:Item>
   </cac:InvoiceLine>
   <cac:InvoiceLine xmlns:cac="urn:oasis:names:specification:ubl:schema:xsd:CommonAggregateComponents-1.0">
      <cac:ID>1233060</cac:ID>
      <cbc:InvoicedQuantity xmlns:cbc="urn:oasis:names:specification:ubl:schema:xsd:CommonBasicComponents-1.0" quantityUnitCode="abc3062">abc3061</cbc:InvoicedQuantity>
      <cbc:LineExtensionAmount xmlns:cbc="urn:oasis:names:specification:ubl:schema:xsd:CommonBasicComponents-1.0" amountCurrencyID="abc40">1233064</cbc:LineExtensionAmount>
      <cac:Item>
         <cbc:Description xmlns:cbc="urn:oasis:names:specification:ubl:schema:xsd:CommonBasicComponents-1.0">abc3063</cbc:Description>
      </cac:Item>
   </cac:InvoiceLine>
   <cac:InvoiceLine xmlns:cac="urn:oasis:names:specification:ubl:schema:xsd:CommonAggregateComponents-1.0">
      <cac:ID>1233070</cac:ID>
      <cbc:InvoicedQuantity xmlns:cbc="urn:oasis:names:specification:ubl:schema:xsd:CommonBasicComponents-1.0" quantityUnitCode="abc3072">abc3071</cbc:InvoicedQuantity>
      <cbc:LineExtensionAmount xmlns:cbc="urn:oasis:names:specification:ubl:schema:xsd:CommonBasicComponents-1.0" amountCurrencyID="abc40">1233074</cbc:LineExtensionAmount>
      <cac:Item>
         <cbc:Description xmlns:cbc="urn:oasis:names:specification:ubl:schema:xsd:CommonBasicComponents-1.0">abc3073</cbc:Description>
      </cac:Item>
   </cac:InvoiceLine>
   <cac:InvoiceLine xmlns:cac="urn:oasis:names:specification:ubl:schema:xsd:CommonAggregateComponents-1.0">
      <cac:ID>1233080</cac:ID>
      <cbc:InvoicedQuantity xmlns:cbc="urn:oasis:names:specification:ubl:schema:xsd:CommonBasicComponents-1.0" quantityUnitCode="abc3082">abc3081</cbc:InvoicedQuantity>
      <cbc:LineExtensionAmount xmlns:cbc="urn:oasis:names:specification:ubl:schema:xsd:CommonBasicComponents-1.0" amountCurrencyID="abc40">1233084</cbc:LineExtensionAmount>
      <cac:Item>
         <cbc:Description xmlns:cbc="urn:oasis:names:specification:ubl:schema:xsd:CommonBasicComponents-1.0">abc3083</cbc:Description>
      </cac:Item>
   </cac:InvoiceLine>
   <cac:InvoiceLine xmlns:cac="urn:oasis:names:specification:ubl:schema:xsd:CommonAggregateComponents-1.0">
      <cac:ID>1233090</cac:ID>
      <cbc:InvoicedQuantity xmlns:cbc="urn:oasis:names:specification:ubl:schema:xsd:CommonBasicComponents-1.0" quantityUnitCode="abc3092">abc3091</cbc:InvoicedQuantity>
      <cbc:LineExtensionAmount xmlns:cbc="urn:oasis:names:specification:ubl:schema:xsd:CommonBasicComponents-1.0" amountCurrencyID="abc40">1233094</cbc:LineExtensionAmount>
      <cac:Item>
         <cbc:Description xmlns:cbc="urn:oasis:names:specification:ubl:schema:xsd:CommonBasicComponents-1.0">abc3093</cbc:Description>
      </cac:Item>
   </cac:InvoiceLine>
   <cac:InvoiceLine xmlns:cac="urn:oasis:names:specification:ubl:schema:xsd:CommonAggregateComponents-1.0">
      <cac:ID>1233100</cac:ID>
      <cbc:InvoicedQuantity xmlns:cbc="urn:oasis:names:specification:ubl:schema:xsd:CommonBasicComponents-1.0" quantityUnitCode="abc3102">abc3101</cbc:InvoicedQuantity>
      <cbc:LineExtensionAmount xmlns:cbc="urn:oasis:names:specification:ubl:schema:xsd:CommonBasicComponents-1.0" amountCurrencyID="abc40">1233104</cbc:LineExtensionAmount>
      <cac:Item>
         <cbc:Description xmlns:cbc="urn:oasis:names:specification:ubl:schema:xsd:CommonBasicComponents-1.0">abc3103</cbc:Description>
      </cac:Item>
   </cac:InvoiceLine>
</in:Invoice>