<?xml version="1.0" encoding="iso-8859-1"?>
<sched>
  <title>Course delivery schedule</title>
  <p>Here is our course list:</p>
  <course id="c1">
    <title>Course Number One</title>
    <desc>
      <p>This is the first course.</p>
    </desc>
  </course>
  <course id="c2">
    <title>Course Number Two</title>
    <desc>
      <p>This is the second course.</p>
    </desc>
  </course>
  <course id="c3">
    <title>Course Number Three</title>
    <desc>
      <p>This is the third course.</p>
    </desc>
  </course>
  <course id="c2">
    <title>Course Number Four</title>
    <desc>
      <p>This is the fourth course.</p>
    </desc>
  </course>
</sched>