<?xml version="1.0" encoding="UTF-8"?>
<GoodsItemItinerary xmlns="urn:oasis:names:specification:ubl:schema:xsd:GoodsItemItinerary-2" xmlns:cac="urn:oasis:names:specification:ubl:schema:xsd:CommonAggregateComponents-2" xmlns:cbc="urn:oasis:names:specification:ubl:schema:xsd:CommonBasicComponents-2" xmlns:ext="urn:oasis:names:specification:ubl:schema:xsd:CommonExtensionComponents-2">
  <cbc:ID>ZZZ</cbc:ID>
  <cbc:IssueDate>2000-01-01</cbc:IssueDate>
  <cbc:IssueTime>00:00:00+0000</cbc:IssueTime>
  <cbc:VersionID>ZZZ</cbc:VersionID>
  <cbc:TransportExecutionPlanReferenceID>ZZZ</cbc:TransportExecutionPlanReferenceID>
  <cac:TransportationSegment>
    <cbc:SequenceNumeric>000</cbc:SequenceNumeric>
    <cac:TransportationService>
      <cbc:TransportServiceCode>ZZZ</cbc:TransportServiceCode>
    </cac:TransportationService>
    <cac:TransportServiceProviderParty>
    </cac:TransportServiceProviderParty>
  </cac:TransportationSegment>
</GoodsItemItinerary>