<?xml version="1.0" encoding="UTF-8"?>
<ExceptionNotification xmlns="urn:oasis:names:specification:ubl:schema:xsd:ExceptionNotification-2" xmlns:cac="urn:oasis:names:specification:ubl:schema:xsd:CommonAggregateComponents-2" xmlns:cbc="urn:oasis:names:specification:ubl:schema:xsd:CommonBasicComponents-2" xmlns:ext="urn:oasis:names:specification:ubl:schema:xsd:CommonExtensionComponents-2">
  <cbc:ID>ZZZ</cbc:ID>
  <cbc:IssueDate>2000-01-01</cbc:IssueDate>
  <cac:ExceptionObservationPeriod>
  </cac:ExceptionObservationPeriod>
  <cac:SenderParty>
  </cac:SenderParty>
  <cac:ReceiverParty>
  </cac:ReceiverParty>
  <cac:ExceptionNotificationLine>
    <cbc:ID>ZZZ</cbc:ID>
    <cbc:ComparedValueMeasure unitCode="ZZZ">000</cbc:ComparedValueMeasure>
    <cbc:SourceValueMeasure unitCode="ZZZ">000</cbc:SourceValueMeasure>
    <cac:SupplyItem>
    </cac:SupplyItem>
  </cac:ExceptionNotificationLine>
</ExceptionNotification>