<?xml version="1.0" encoding="UTF-8"?>
<signed on="Feb 3, 2011 10:39:52 AM">
  <stylesheets>
    <stylesheet name="CraneUBL2UN380Invoice-PT-us.xsl" md5="/ef4eoOx+3WKG7al2osL8A=="/>
    <stylesheet name="CraneUBL2UN380Invoice-PT.xsl" md5="/6C+8WA8WtaEIVsXmzKleQ=="/>
    <stylesheet name="CraneUBL2UN380Invoice-EN.xsl" md5="UBC9w0E7wBhyCZOc0DWlBg=="/>
    <stylesheet name="support/CraneUN380Invoice-EN.xsl" md5="I+VKe3yLmS3kBdcF4KYm5A=="/>
    <stylesheet name="support/CraneUBL2UNLK-print.xsl" md5="mpWkHbeTESnfIWa/9B/fOg=="/>
    <stylesheet name="support/CraneUBL2UNLK-common.xsl" md5="S9Hy9AIAXEclG4md5gOppg=="/>
    <stylesheet name="support/CraneUBL2UN380Invoice-common.xsl" md5="1QZahTmkifPC1L4fSj+CNQ=="/>
    <stylesheet name="support/CraneUN380Invoice-PT.xsl" md5="igxC3Bjn59IDLnv9MY6lhg=="/>
    <stylesheet name="support/CraneUNUSletter.xsl" md5="0Kzm+cFZNr7eKCAMYyqD1A=="/>
  </stylesheets>
  <sig md5="HFFVEywtP0E5HXW3xZPS4A==" signature="MC0CFQCQ2TJb9sqm5XSor/XXhY2dx9KFowIUC77xF/roOS+CUo+W4czbCUZDWxc=">
  </sig>
</signed>
