<?xml version="1.0" encoding="UTF-8"?>
<signed on="Feb 3, 2011 10:39:39 AM">
  <stylesheets>
    <stylesheet name="CraneUBL2UN380Invoice-PT.xsl" md5="/6C+8WA8WtaEIVsXmzKleQ=="/>
    <stylesheet name="CraneUBL2UN380Invoice-EN.xsl" md5="UBC9w0E7wBhyCZOc0DWlBg=="/>
    <stylesheet name="support/CraneUN380Invoice-EN.xsl" md5="I+VKe3yLmS3kBdcF4KYm5A=="/>
    <stylesheet name="support/CraneUBL2UNLK-print.xsl" md5="mpWkHbeTESnfIWa/9B/fOg=="/>
    <stylesheet name="support/CraneUBL2UNLK-common.xsl" md5="S9Hy9AIAXEclG4md5gOppg=="/>
    <stylesheet name="support/CraneUBL2UN380Invoice-common.xsl" md5="1QZahTmkifPC1L4fSj+CNQ=="/>
    <stylesheet name="support/CraneUN380Invoice-PT.xsl" md5="igxC3Bjn59IDLnv9MY6lhg=="/>
  </stylesheets>
  <sig md5="znkiQJhrpHLLp1tDu2ZDLw==" signature="MC0CFFH/wV3UIIG+ktlC7YP3YTkH1y4+AhUAhUkwTlVLkstriJJ8OEgBqnwm1pg=">
  </sig>
</signed>
