<?xml version="1.0" encoding="UTF-8"?>
<signed on="Feb 3, 2011 10:35:44 AM">
  <stylesheets>
    <stylesheet name="CraneUBL2UN380Invoice-CZ-us.xsl" md5="AGtHuBT9BKjI0E7OhRjiSA=="/>
    <stylesheet name="CraneUBL2UN380Invoice-CZ.xsl" md5="KXhVbossQ8i+StShKuzehw=="/>
    <stylesheet name="CraneUBL2UN380Invoice-EN.xsl" md5="UBC9w0E7wBhyCZOc0DWlBg=="/>
    <stylesheet name="support/CraneUN380Invoice-EN.xsl" md5="I+VKe3yLmS3kBdcF4KYm5A=="/>
    <stylesheet name="support/CraneUBL2UNLK-print.xsl" md5="mpWkHbeTESnfIWa/9B/fOg=="/>
    <stylesheet name="support/CraneUBL2UNLK-common.xsl" md5="S9Hy9AIAXEclG4md5gOppg=="/>
    <stylesheet name="support/CraneUBL2UN380Invoice-common.xsl" md5="1QZahTmkifPC1L4fSj+CNQ=="/>
    <stylesheet name="support/CraneUN380Invoice-CZ.xsl" md5="NGGMnC7XJeBdbtyj5qFH3w=="/>
    <stylesheet name="support/CraneUNUSletter.xsl" md5="0Kzm+cFZNr7eKCAMYyqD1A=="/>
  </stylesheets>
  <sig md5="PIlKfXVjR8+b4SlGkuAtEg==" signature="MCwCFB888BA7tVPsWhibU7JtMnhVjfGJAhR08HY/rKMiH9taEaMNMQsStHhBLQ==">
  </sig>
</signed>
