<?xml version="1.0" encoding="UTF-8"?>
<signed on="Feb 3, 2011 10:37:02 AM">
  <stylesheets>
    <stylesheet name="CraneUBL2UN380Invoice-ES.xsl" md5="gkVS697q0UlJTcUsTL5PxQ=="/>
    <stylesheet name="CraneUBL2UN380Invoice-EN.xsl" md5="UBC9w0E7wBhyCZOc0DWlBg=="/>
    <stylesheet name="support/CraneUN380Invoice-EN.xsl" md5="I+VKe3yLmS3kBdcF4KYm5A=="/>
    <stylesheet name="support/CraneUBL2UNLK-print.xsl" md5="mpWkHbeTESnfIWa/9B/fOg=="/>
    <stylesheet name="support/CraneUBL2UNLK-common.xsl" md5="S9Hy9AIAXEclG4md5gOppg=="/>
    <stylesheet name="support/CraneUBL2UN380Invoice-common.xsl" md5="1QZahTmkifPC1L4fSj+CNQ=="/>
    <stylesheet name="support/CraneUN380Invoice-ES.xsl" md5="yc8Zw9fyqxiBqWCWG1YF6Q=="/>
  </stylesheets>
  <sig md5="jS3ygpqJRDNjDoKSfwBaNQ==" signature="MCwCFEtT93kxgz3Qlwv8H/GGOF+/8Mi/AhQpvRB9ya8p4qLXdEd9cQbdw6C12g==">
  </sig>
</signed>
