<?xml version="1.0" encoding="UTF-8"?>
<signed on="Feb 3, 2011 10:38:09 AM">
  <stylesheets>
    <stylesheet name="CraneUBL2UN380Invoice-IT.xsl" md5="4kzBZBu6NAu0s7yGSNAmxQ=="/>
    <stylesheet name="CraneUBL2UN380Invoice-EN.xsl" md5="UBC9w0E7wBhyCZOc0DWlBg=="/>
    <stylesheet name="support/CraneUN380Invoice-EN.xsl" md5="I+VKe3yLmS3kBdcF4KYm5A=="/>
    <stylesheet name="support/CraneUBL2UNLK-print.xsl" md5="mpWkHbeTESnfIWa/9B/fOg=="/>
    <stylesheet name="support/CraneUBL2UNLK-common.xsl" md5="S9Hy9AIAXEclG4md5gOppg=="/>
    <stylesheet name="support/CraneUBL2UN380Invoice-common.xsl" md5="1QZahTmkifPC1L4fSj+CNQ=="/>
    <stylesheet name="support/CraneUN380Invoice-IT.xsl" md5="0S+2Uiy2EIpdKTAPpwJk3g=="/>
  </stylesheets>
  <sig md5="9zocnEMna8pjV7zWdw+bmg==" signature="MCwCFDTdv3+8dDvhQ8dQEglsGs2CbBlZAhRROCdOHuz/YstVLSW3hAcVrO3/SA==">
  </sig>
</signed>
