<?xml version="1.0" encoding="UTF-8"?>
<signed on="Feb 3, 2011 10:36:06 AM">
  <stylesheets>
    <stylesheet name="CraneUBL2UN380Invoice-DA-us.xsl" md5="T1qPTv51okSmIvAoy21xXg=="/>
    <stylesheet name="CraneUBL2UN380Invoice-DA.xsl" md5="Yf5jIgvoRJ5tRGlo/KPV+A=="/>
    <stylesheet name="CraneUBL2UN380Invoice-EN.xsl" md5="UBC9w0E7wBhyCZOc0DWlBg=="/>
    <stylesheet name="support/CraneUN380Invoice-EN.xsl" md5="I+VKe3yLmS3kBdcF4KYm5A=="/>
    <stylesheet name="support/CraneUBL2UNLK-print.xsl" md5="mpWkHbeTESnfIWa/9B/fOg=="/>
    <stylesheet name="support/CraneUBL2UNLK-common.xsl" md5="S9Hy9AIAXEclG4md5gOppg=="/>
    <stylesheet name="support/CraneUBL2UN380Invoice-common.xsl" md5="1QZahTmkifPC1L4fSj+CNQ=="/>
    <stylesheet name="support/CraneUN380Invoice-DA.xsl" md5="xOkqgFaMcp0rKoTLjP0ypQ=="/>
    <stylesheet name="support/CraneUNUSletter.xsl" md5="0Kzm+cFZNr7eKCAMYyqD1A=="/>
  </stylesheets>
  <sig md5="W5VbHM3eQSh7ExcRyaKZ5g==" signature="MC0CFQCKEJMsR9lQIcBd0FT3tGr8PfIVsgIUGXk8/6Q4bJSBoJ37OT2GsKlL1TE=">
  </sig>
</signed>
