<?xml version="1.0" encoding="UTF-8"?>
<signed on="Feb 3, 2011 10:39:17 AM">
  <stylesheets>
    <stylesheet name="CraneUBL2UN380Invoice-NO.xsl" md5="OvVurAHuxpYhfIVBstJcMA=="/>
    <stylesheet name="CraneUBL2UN380Invoice-EN.xsl" md5="UBC9w0E7wBhyCZOc0DWlBg=="/>
    <stylesheet name="support/CraneUN380Invoice-EN.xsl" md5="I+VKe3yLmS3kBdcF4KYm5A=="/>
    <stylesheet name="support/CraneUBL2UNLK-print.xsl" md5="mpWkHbeTESnfIWa/9B/fOg=="/>
    <stylesheet name="support/CraneUBL2UNLK-common.xsl" md5="S9Hy9AIAXEclG4md5gOppg=="/>
    <stylesheet name="support/CraneUBL2UN380Invoice-common.xsl" md5="1QZahTmkifPC1L4fSj+CNQ=="/>
    <stylesheet name="support/CraneUN380Invoice-NO.xsl" md5="5Pf2m5XdPY2nRlOzwrKgGQ=="/>
  </stylesheets>
  <sig md5="7ANDXSzh/1y5tJc2V3xMnw==" signature="MCwCFAJvKW1NYr4MOMfZ4j3iaMDRv703AhQCxXuhcZn76tRgZXwaMbFEVGOeQQ==">
  </sig>
</signed>
