<?xml version="1.0" encoding="UTF-8"?>
<signed on="Feb 3, 2011 10:39:29 AM">
  <stylesheets>
    <stylesheet name="CraneUBL2UN380Invoice-NO-us.xsl" md5="MIzhGUc5g9Vgd3qPBqEJ+A=="/>
    <stylesheet name="CraneUBL2UN380Invoice-NO.xsl" md5="OvVurAHuxpYhfIVBstJcMA=="/>
    <stylesheet name="CraneUBL2UN380Invoice-EN.xsl" md5="UBC9w0E7wBhyCZOc0DWlBg=="/>
    <stylesheet name="support/CraneUN380Invoice-EN.xsl" md5="I+VKe3yLmS3kBdcF4KYm5A=="/>
    <stylesheet name="support/CraneUBL2UNLK-print.xsl" md5="mpWkHbeTESnfIWa/9B/fOg=="/>
    <stylesheet name="support/CraneUBL2UNLK-common.xsl" md5="S9Hy9AIAXEclG4md5gOppg=="/>
    <stylesheet name="support/CraneUBL2UN380Invoice-common.xsl" md5="1QZahTmkifPC1L4fSj+CNQ=="/>
    <stylesheet name="support/CraneUN380Invoice-NO.xsl" md5="5Pf2m5XdPY2nRlOzwrKgGQ=="/>
    <stylesheet name="support/CraneUNUSletter.xsl" md5="0Kzm+cFZNr7eKCAMYyqD1A=="/>
  </stylesheets>
  <sig md5="j7AhBvtZ8xBzeOmh/nGZMw==" signature="MC0CFFT5+UPsyvmPOL12iEomo7c5WMNNAhUAiGyChwfVFInwFrZoURIuU+uo2dY=">
  </sig>
</signed>
