<?xml version="1.0" encoding="UTF-8"?>
<signed on="Feb 3, 2011 10:38:22 AM">
  <stylesheets>
    <stylesheet name="CraneUBL2UN380Invoice-IT-us.xsl" md5="MdMjuWQ5hQKo5LsrwgIJ/A=="/>
    <stylesheet name="CraneUBL2UN380Invoice-IT.xsl" md5="4kzBZBu6NAu0s7yGSNAmxQ=="/>
    <stylesheet name="CraneUBL2UN380Invoice-EN.xsl" md5="UBC9w0E7wBhyCZOc0DWlBg=="/>
    <stylesheet name="support/CraneUN380Invoice-EN.xsl" md5="I+VKe3yLmS3kBdcF4KYm5A=="/>
    <stylesheet name="support/CraneUBL2UNLK-print.xsl" md5="mpWkHbeTESnfIWa/9B/fOg=="/>
    <stylesheet name="support/CraneUBL2UNLK-common.xsl" md5="S9Hy9AIAXEclG4md5gOppg=="/>
    <stylesheet name="support/CraneUBL2UN380Invoice-common.xsl" md5="1QZahTmkifPC1L4fSj+CNQ=="/>
    <stylesheet name="support/CraneUN380Invoice-IT.xsl" md5="0S+2Uiy2EIpdKTAPpwJk3g=="/>
    <stylesheet name="support/CraneUNUSletter.xsl" md5="0Kzm+cFZNr7eKCAMYyqD1A=="/>
  </stylesheets>
  <sig md5="lzQ6IppfL/3IRykRTzRq+g==" signature="MCwCFC3PJ12uKPiBQvhWVY9ruiAayfD3AhQ/efGA/jHxNpJWMAdE/j9p6Pxp3w==">
  </sig>
</signed>
