<?xml version="1.0" encoding="UTF-8"?>
<signed on="Feb 3, 2011 10:37:47 AM">
  <stylesheets>
    <stylesheet name="CraneUBL2UN380Invoice-FR.xsl" md5="/ifQSb6SqOoYQHMN2Afl9Q=="/>
    <stylesheet name="CraneUBL2UN380Invoice-EN.xsl" md5="UBC9w0E7wBhyCZOc0DWlBg=="/>
    <stylesheet name="support/CraneUN380Invoice-EN.xsl" md5="I+VKe3yLmS3kBdcF4KYm5A=="/>
    <stylesheet name="support/CraneUBL2UNLK-print.xsl" md5="mpWkHbeTESnfIWa/9B/fOg=="/>
    <stylesheet name="support/CraneUBL2UNLK-common.xsl" md5="S9Hy9AIAXEclG4md5gOppg=="/>
    <stylesheet name="support/CraneUBL2UN380Invoice-common.xsl" md5="1QZahTmkifPC1L4fSj+CNQ=="/>
    <stylesheet name="support/CraneUN380Invoice-FR.xsl" md5="UMDiDtvYBpZDwqHrKfy7Cg=="/>
  </stylesheets>
  <sig md5="6aYkFu9JqLBQ4iBLOqs1rg==" signature="MCwCFHj3Krwl4BTGvHZf4sNpzItFmr7xAhQHLvHSKQ6JYpfTJhlgdDg1vVr5cw==">
  </sig>
</signed>
