<?xml version="1.0" encoding="UTF-8"?>
<signed on="Feb 3, 2011 10:37:15 AM">
  <stylesheets>
    <stylesheet name="CraneUBL2UN380Invoice-ES-us.xsl" md5="vMSAJnUgHrSYP37BPH+o4A=="/>
    <stylesheet name="CraneUBL2UN380Invoice-ES.xsl" md5="gkVS697q0UlJTcUsTL5PxQ=="/>
    <stylesheet name="CraneUBL2UN380Invoice-EN.xsl" md5="UBC9w0E7wBhyCZOc0DWlBg=="/>
    <stylesheet name="support/CraneUN380Invoice-EN.xsl" md5="I+VKe3yLmS3kBdcF4KYm5A=="/>
    <stylesheet name="support/CraneUBL2UNLK-print.xsl" md5="mpWkHbeTESnfIWa/9B/fOg=="/>
    <stylesheet name="support/CraneUBL2UNLK-common.xsl" md5="S9Hy9AIAXEclG4md5gOppg=="/>
    <stylesheet name="support/CraneUBL2UN380Invoice-common.xsl" md5="1QZahTmkifPC1L4fSj+CNQ=="/>
    <stylesheet name="support/CraneUN380Invoice-ES.xsl" md5="yc8Zw9fyqxiBqWCWG1YF6Q=="/>
    <stylesheet name="support/CraneUNUSletter.xsl" md5="0Kzm+cFZNr7eKCAMYyqD1A=="/>
  </stylesheets>
  <sig md5="LJpOnOzcpx9ngtHIxOxllA==" signature="MCwCFHuo6WNwzh3kiTKSyLNxJYW5eXMxAhQFBZP6dTACZGzi9YOrSisBeulcew==">
  </sig>
</signed>
