<?xml version="1.0" encoding="UTF-8"?>
<signed on="Feb 3, 2011 10:38:55 AM">
  <stylesheets>
    <stylesheet name="CraneUBL2UN380Invoice-NL.xsl" md5="+s0U56RRJTmXkqOTJ20IvQ=="/>
    <stylesheet name="CraneUBL2UN380Invoice-EN.xsl" md5="UBC9w0E7wBhyCZOc0DWlBg=="/>
    <stylesheet name="support/CraneUN380Invoice-EN.xsl" md5="I+VKe3yLmS3kBdcF4KYm5A=="/>
    <stylesheet name="support/CraneUBL2UNLK-print.xsl" md5="mpWkHbeTESnfIWa/9B/fOg=="/>
    <stylesheet name="support/CraneUBL2UNLK-common.xsl" md5="S9Hy9AIAXEclG4md5gOppg=="/>
    <stylesheet name="support/CraneUBL2UN380Invoice-common.xsl" md5="1QZahTmkifPC1L4fSj+CNQ=="/>
    <stylesheet name="support/CraneUN380Invoice-NL.xsl" md5="qVQ6TMoANBrjpOBxAWCRCw=="/>
  </stylesheets>
  <sig md5="D4QqprfNICGYMeKbv+oxyg==" signature="MCwCFENAAnl3dSW8jQWI1Rr6MQB492XLAhRDsgyPsBd3vXpWUWsp6gkRyE3QPw==">
  </sig>
</signed>
