<?xml version="1.0" encoding="UTF-8"?>
<signed on="Feb 3, 2011 10:37:25 AM">
  <stylesheets>
    <stylesheet name="CraneUBL2UN380Invoice-FI.xsl" md5="G2s4VDioDRzcV+VeFZfilw=="/>
    <stylesheet name="CraneUBL2UN380Invoice-EN.xsl" md5="UBC9w0E7wBhyCZOc0DWlBg=="/>
    <stylesheet name="support/CraneUN380Invoice-EN.xsl" md5="I+VKe3yLmS3kBdcF4KYm5A=="/>
    <stylesheet name="support/CraneUBL2UNLK-print.xsl" md5="mpWkHbeTESnfIWa/9B/fOg=="/>
    <stylesheet name="support/CraneUBL2UNLK-common.xsl" md5="S9Hy9AIAXEclG4md5gOppg=="/>
    <stylesheet name="support/CraneUBL2UN380Invoice-common.xsl" md5="1QZahTmkifPC1L4fSj+CNQ=="/>
    <stylesheet name="support/CraneUN380Invoice-FI.xsl" md5="LKDFMFT1qNC6iAAmpMJRlw=="/>
  </stylesheets>
  <sig md5="hc+cKhAq0l3Ck3jQL9sBtw==" signature="MCwCFGrk3bRa4VXNpxjkBcEFnCS7+/k+AhRvWIEf1PLx+D3RIcCO4hHqhD5Z8g==">
  </sig>
</signed>
