<?xml version="1.0" encoding="UTF-8"?>
<signed on="Feb 3, 2011 10:36:40 AM">
  <stylesheets>
    <stylesheet name="CraneUBL2UN380Invoice-EN.xsl" md5="UBC9w0E7wBhyCZOc0DWlBg=="/>
    <stylesheet name="support/CraneUN380Invoice-EN.xsl" md5="I+VKe3yLmS3kBdcF4KYm5A=="/>
    <stylesheet name="support/CraneUBL2UNLK-print.xsl" md5="mpWkHbeTESnfIWa/9B/fOg=="/>
    <stylesheet name="support/CraneUBL2UNLK-common.xsl" md5="S9Hy9AIAXEclG4md5gOppg=="/>
    <stylesheet name="support/CraneUBL2UN380Invoice-common.xsl" md5="1QZahTmkifPC1L4fSj+CNQ=="/>
  </stylesheets>
  <sig md5="cC/m2F6pJhPqJqDlYjWZ9A==" signature="MCwCFBeScnVGz0BK1Bj8NdPKdzU8j+pMAhQmHCPYfqijdof///nJ/KD7w0UhFw==">
  </sig>
</signed>
