<?xml version="1.0" encoding="UTF-8"?>
<signed on="Feb 3, 2011 10:35:21 AM">
  <stylesheets>
    <stylesheet name="CraneUBL2UN380Invoice-BiH-us.xsl" md5="BRljoM3rku/ZljU8m+nzqQ=="/>
    <stylesheet name="CraneUBL2UN380Invoice-BiH.xsl" md5="1VznaIjwLkeSqSnEWhCyLw=="/>
    <stylesheet name="CraneUBL2UN380Invoice-EN.xsl" md5="UBC9w0E7wBhyCZOc0DWlBg=="/>
    <stylesheet name="support/CraneUN380Invoice-EN.xsl" md5="I+VKe3yLmS3kBdcF4KYm5A=="/>
    <stylesheet name="support/CraneUBL2UNLK-print.xsl" md5="mpWkHbeTESnfIWa/9B/fOg=="/>
    <stylesheet name="support/CraneUBL2UNLK-common.xsl" md5="S9Hy9AIAXEclG4md5gOppg=="/>
    <stylesheet name="support/CraneUBL2UN380Invoice-common.xsl" md5="1QZahTmkifPC1L4fSj+CNQ=="/>
    <stylesheet name="support/CraneUN380Invoice-BiH.xsl" md5="WoXWg+Jqt6j89ShxFZCBiQ=="/>
    <stylesheet name="support/CraneUNUSletter.xsl" md5="0Kzm+cFZNr7eKCAMYyqD1A=="/>
  </stylesheets>
  <sig md5="l4nv5zHbCiypGyPLHpx8Vg==" signature="MC0CFGjL1X9rK3jnHiCw1qxJJW3FOKGZAhUAi+QZGgPIzABvguCRaI45ex+BDSQ=">
  </sig>
</signed>
