<?xml version="1.0" encoding="UTF-8"?>
<signed on="Feb 3, 2011 10:35:07 AM">
  <stylesheets>
    <stylesheet name="CraneUBL2UN380Invoice-BiH.xsl" md5="1VznaIjwLkeSqSnEWhCyLw=="/>
    <stylesheet name="CraneUBL2UN380Invoice-EN.xsl" md5="UBC9w0E7wBhyCZOc0DWlBg=="/>
    <stylesheet name="support/CraneUN380Invoice-EN.xsl" md5="I+VKe3yLmS3kBdcF4KYm5A=="/>
    <stylesheet name="support/CraneUBL2UNLK-print.xsl" md5="mpWkHbeTESnfIWa/9B/fOg=="/>
    <stylesheet name="support/CraneUBL2UNLK-common.xsl" md5="S9Hy9AIAXEclG4md5gOppg=="/>
    <stylesheet name="support/CraneUBL2UN380Invoice-common.xsl" md5="1QZahTmkifPC1L4fSj+CNQ=="/>
    <stylesheet name="support/CraneUN380Invoice-BiH.xsl" md5="WoXWg+Jqt6j89ShxFZCBiQ=="/>
  </stylesheets>
  <sig md5="TD/S+NQH/k7vHYONkd2syQ==" signature="MC0CFD2WiXtYR3mIe/XK1YynGLYZ3G7bAhUAjQz7SOAJUwjcxHbZTkArUq1Po8s=">
  </sig>
</signed>
