<?xml version="1.0" encoding="UTF-8"?>
<signed on="Feb 3, 2011 10:38:32 AM">
  <stylesheets>
    <stylesheet name="CraneUBL2UN380Invoice-IS.xsl" md5="L1GG+ESsxC7t8e9BeX4GOg=="/>
    <stylesheet name="CraneUBL2UN380Invoice-EN.xsl" md5="UBC9w0E7wBhyCZOc0DWlBg=="/>
    <stylesheet name="support/CraneUN380Invoice-EN.xsl" md5="I+VKe3yLmS3kBdcF4KYm5A=="/>
    <stylesheet name="support/CraneUBL2UNLK-print.xsl" md5="mpWkHbeTESnfIWa/9B/fOg=="/>
    <stylesheet name="support/CraneUBL2UNLK-common.xsl" md5="S9Hy9AIAXEclG4md5gOppg=="/>
    <stylesheet name="support/CraneUBL2UN380Invoice-common.xsl" md5="1QZahTmkifPC1L4fSj+CNQ=="/>
    <stylesheet name="support/CraneUN380Invoice-IS.xsl" md5="mfkhomanBwEX1mDebQRXng=="/>
  </stylesheets>
  <sig md5="ctQx+x6Ozqk7RL7OKylstg==" signature="MC0CFQCSXI8cS9wHq/FRXTDgfqp29OSUbgIUOBcChxIR1+5X7eJ8pH+yWEtCTos=">
  </sig>
</signed>
