<?xml version="1.0" encoding="UTF-8"?>
<signed on="Feb 3, 2011 10:35:32 AM">
  <stylesheets>
    <stylesheet name="CraneUBL2UN380Invoice-CZ.xsl" md5="KXhVbossQ8i+StShKuzehw=="/>
    <stylesheet name="CraneUBL2UN380Invoice-EN.xsl" md5="UBC9w0E7wBhyCZOc0DWlBg=="/>
    <stylesheet name="support/CraneUN380Invoice-EN.xsl" md5="I+VKe3yLmS3kBdcF4KYm5A=="/>
    <stylesheet name="support/CraneUBL2UNLK-print.xsl" md5="mpWkHbeTESnfIWa/9B/fOg=="/>
    <stylesheet name="support/CraneUBL2UNLK-common.xsl" md5="S9Hy9AIAXEclG4md5gOppg=="/>
    <stylesheet name="support/CraneUBL2UN380Invoice-common.xsl" md5="1QZahTmkifPC1L4fSj+CNQ=="/>
    <stylesheet name="support/CraneUN380Invoice-CZ.xsl" md5="NGGMnC7XJeBdbtyj5qFH3w=="/>
  </stylesheets>
  <sig md5="rujMs87gRnuPmh+0S5K1mw==" signature="MCwCFCm+Q5T1s7kDbfYyzTDej5FJ7IVGAhQo8op7tk9u86sHV1xlFBL20b7BRQ==">
  </sig>
</signed>
