<?xml version="1.0" encoding="UTF-8"?>
<signed on="Feb 3, 2011 10:36:30 AM">
  <stylesheets>
    <stylesheet name="CraneUBL2UN380Invoice-DE-us.xsl" md5="npE3ErC+zTnPVQYp0fzv6A=="/>
    <stylesheet name="CraneUBL2UN380Invoice-DE.xsl" md5="Vh3KOwQ426lhdVC6jdIR2Q=="/>
    <stylesheet name="CraneUBL2UN380Invoice-EN.xsl" md5="UBC9w0E7wBhyCZOc0DWlBg=="/>
    <stylesheet name="support/CraneUN380Invoice-EN.xsl" md5="I+VKe3yLmS3kBdcF4KYm5A=="/>
    <stylesheet name="support/CraneUBL2UNLK-print.xsl" md5="mpWkHbeTESnfIWa/9B/fOg=="/>
    <stylesheet name="support/CraneUBL2UNLK-common.xsl" md5="S9Hy9AIAXEclG4md5gOppg=="/>
    <stylesheet name="support/CraneUBL2UN380Invoice-common.xsl" md5="1QZahTmkifPC1L4fSj+CNQ=="/>
    <stylesheet name="support/CraneUN380Invoice-DE.xsl" md5="+hoGH3Dswdr/xk3lP2TcDA=="/>
    <stylesheet name="support/CraneUNUSletter.xsl" md5="0Kzm+cFZNr7eKCAMYyqD1A=="/>
  </stylesheets>
  <sig md5="bmphtyrRcsseUCa9X8OeeA==" signature="MCwCFGvhCkhOCjbZSph0y/o8wnpRh4o5AhRFY9xQVk4uBMMsjHW9WidWNaOrGw==">
  </sig>
</signed>
