<?xml version="1.0" encoding="UTF-8"?>
<signed on="Feb 3, 2011 10:40:01 AM">
  <stylesheets>
    <stylesheet name="CraneUBL2UN380Invoice-SK.xsl" md5="z9g3fCr3hJ8c2Dq0pZnbRQ=="/>
    <stylesheet name="CraneUBL2UN380Invoice-EN.xsl" md5="UBC9w0E7wBhyCZOc0DWlBg=="/>
    <stylesheet name="support/CraneUN380Invoice-EN.xsl" md5="I+VKe3yLmS3kBdcF4KYm5A=="/>
    <stylesheet name="support/CraneUBL2UNLK-print.xsl" md5="mpWkHbeTESnfIWa/9B/fOg=="/>
    <stylesheet name="support/CraneUBL2UNLK-common.xsl" md5="S9Hy9AIAXEclG4md5gOppg=="/>
    <stylesheet name="support/CraneUBL2UN380Invoice-common.xsl" md5="1QZahTmkifPC1L4fSj+CNQ=="/>
    <stylesheet name="support/CraneUN380Invoice-SK.xsl" md5="3yu66LVoM0xPNP/mSCEYcg=="/>
  </stylesheets>
  <sig md5="RDRTiifLAoAkoLZc5cBpfw==" signature="MCwCFH9Q0E4LY5O03nF8ee9qwZjR8SieAhREiVdb0EoIYOg7YZlNrq106WOXMg==">
  </sig>
</signed>
