<?xml version="1.0" encoding="UTF-8"?>
<signed on="Feb 3, 2011 10:38:00 AM">
  <stylesheets>
    <stylesheet name="CraneUBL2UN380Invoice-FR-us.xsl" md5="n4NapGJpiGXuWuWpeAe1Rw=="/>
    <stylesheet name="CraneUBL2UN380Invoice-FR.xsl" md5="/ifQSb6SqOoYQHMN2Afl9Q=="/>
    <stylesheet name="CraneUBL2UN380Invoice-EN.xsl" md5="UBC9w0E7wBhyCZOc0DWlBg=="/>
    <stylesheet name="support/CraneUN380Invoice-EN.xsl" md5="I+VKe3yLmS3kBdcF4KYm5A=="/>
    <stylesheet name="support/CraneUBL2UNLK-print.xsl" md5="mpWkHbeTESnfIWa/9B/fOg=="/>
    <stylesheet name="support/CraneUBL2UNLK-common.xsl" md5="S9Hy9AIAXEclG4md5gOppg=="/>
    <stylesheet name="support/CraneUBL2UN380Invoice-common.xsl" md5="1QZahTmkifPC1L4fSj+CNQ=="/>
    <stylesheet name="support/CraneUN380Invoice-FR.xsl" md5="UMDiDtvYBpZDwqHrKfy7Cg=="/>
    <stylesheet name="support/CraneUNUSletter.xsl" md5="0Kzm+cFZNr7eKCAMYyqD1A=="/>
  </stylesheets>
  <sig md5="khdvOLC1nrPw38H1okWPBw==" signature="MCwCFF+atE+gbbN5pgW5ECJL+e8IsJEuAhRNFW8JTQM3Z/I1tSsFMYfEQ0LHtQ==">
  </sig>
</signed>
