<!--
     Ibex font configuration file.

     $Id: ibexconfig.xml,v 3.1 2007/12/19 15:10:52 G. Ken Holman Exp $

     At this time most of the language files for Crane's invoice stylesheets
     are based on Latin 1 and use the following declarations for font families
     supported internally by Adobe PDF Reader:

       <xsl:variable name="sans-serif-family">Helvetica</xsl:variable>
       <xsl:variable name="serif-family">Times</xsl:variable>

     The CraneUN380Invoice-BiH box labels require Latin 2 characters, and so
     different font families are declared in those stylesheets:

       <xsl:variable name="sans-serif-family">Arial</xsl:variable>
       <xsl:variable name="serif-family">Times New Roman</xsl:variable>

     The configuration information below points the Ibex XSL-FO formatter to
     the appropriate true type fonts required by the stylesheets.  Chane the
     following if your system is configured differently than windows XP
     defaults:
-->
<ibexconfig>
  <font name="arial" file="c:\Windows\Fonts\arial.ttf"/>
  <font name="arial" bold="true" file="c:\Windows\Fonts\arialbd.ttf"/>
  <font name="times new roman" file="c:\Windows\Fonts\times.ttf"/>
</ibexconfig>
