<?xml version="1.0" encoding="UTF-8"?>
<SelfBilledCreditNote xmlns="urn:X-test:UBL:Pre-award:SelfBilledCreditNote" xmlns:cac="urn:X-test:UBL:Pre-award:CommonAggregate" xmlns:cbc="urn:X-test:UBL:Pre-award:CommonBasic" xmlns:ext="urn:oasis:names:specification:ubl:schema:xsd:CommonExtensionComponents-2">
  <cbc:ID>ZZZ</cbc:ID>
  <cbc:IssueDate>2000-01-01</cbc:IssueDate>
  <cbc:DocumentCurrencyCode>ZZZ</cbc:DocumentCurrencyCode>
  <cac:AccountingCustomerParty>
  </cac:AccountingCustomerParty>
  <cac:AccountingSupplierParty>
  </cac:AccountingSupplierParty>
  <cac:LegalMonetaryTotal>
    <cbc:PayableAmount currencyID="ZZZ">0.000</cbc:PayableAmount>
  </cac:LegalMonetaryTotal>
  <cac:CreditNoteLine>
    <cbc:ID>ZZZ</cbc:ID>
  </cac:CreditNoteLine>
</SelfBilledCreditNote>