<?xml version="1.0" encoding="UTF-8"?>
<OrderCancellation xmlns="urn:X-test:UBL:Pre-award:OrderCancellation" xmlns:cac="urn:X-test:UBL:Pre-award:CommonAggregate" xmlns:cbc="urn:X-test:UBL:Pre-award:CommonBasic" xmlns:ext="urn:oasis:names:specification:ubl:schema:xsd:CommonExtensionComponents-2">
  <cbc:ID>ZZZ</cbc:ID>
  <cbc:IssueDate>2000-01-01</cbc:IssueDate>
  <cbc:CancellationNote>ZZZ</cbc:CancellationNote>
  <cac:OrderReference>
    <cbc:ID>ZZZ</cbc:ID>
  </cac:OrderReference>
  <cac:BuyerCustomerParty>
  </cac:BuyerCustomerParty>
  <cac:SellerSupplierParty>
  </cac:SellerSupplierParty>
</OrderCancellation>