<?xml version="1.0" encoding="UTF-8"?>
<CataloguePricingUpdate xmlns="urn:X-test:UBL:Pre-award:CataloguePricingUpdate" xmlns:cac="urn:X-test:UBL:Pre-award:CommonAggregate" xmlns:cbc="urn:X-test:UBL:Pre-award:CommonBasic" xmlns:ext="urn:oasis:names:specification:ubl:schema:xsd:CommonExtensionComponents-2">
  <cbc:ID>ZZZ</cbc:ID>
  <cbc:IssueDate>2000-01-01</cbc:IssueDate>
  <cac:RelatedCatalogueReference>
    <cbc:ID>ZZZ</cbc:ID>
  </cac:RelatedCatalogueReference>
  <cac:ProviderParty>
  </cac:ProviderParty>
  <cac:ReceiverParty>
  </cac:ReceiverParty>
  <cac:CataloguePricingUpdateLine>
    <cbc:ID>ZZZ</cbc:ID>
  </cac:CataloguePricingUpdateLine>
</CataloguePricingUpdate>