<?xml version="1.0" encoding="iso-8859-1"?>
<!DOCTYPE doc [<!ATTLIST entry id ID #REQUIRED>]>
<doc>
  <chapter>
    <para>This is the first chapter.</para>
  </chapter>
  <chapter>
    <para>This is the second chapter.</para>
    <para>There is a reference to a
       <i idref="apple-r">red apple</i></para>
    <para>There is a reference to a
       <i idref="apple-g">green apple</i></para>
  </chapter>
  <chapter>
    <para>This is the third chapter.</para>
    <para>There is a reference to a
       <i idref="apple-r">red apple</i></para>
    <para>There is a reference to a
       <i idref="orange">orange</i></para>
  </chapter>
  <chapter>
    <para>This is the fourth chapter.</para>
    <para>There is a reference to a
       <i idref="apple-r">red apple</i></para>
    <para>There is a reference to a
       <i idref="apple-r">red apple</i></para>
    <para>There is a reference to a
       <i idref="apple-r">red apple</i></para>
    <para>There is a reference to a
       <i idref="apple-g">green apple</i></para>
  </chapter>
  <chapter>
    <para>This is the fifth chapter.</para>
    <para>There is a reference to a
       <i idref="orange">orange</i></para>
    <para>There is a reference to a
       <i idref="apple-r">red apple</i></para>
  </chapter>
  <chapter>
    <para>This is the sixth chapter.</para>
    <para>There is a reference to a
       <i idref="lemon">lemon</i></para>
    <para>There is a reference to a
       <i idref="lemon">lemon</i></para>
    <para>There is a reference to a
       <i idref="lemon">lemon</i></para>
  </chapter>
  <chapter>
    <para>This is the seventh chapter.</para>
    <para>There is a reference to a
       <i idref="apple-r">red apple</i></para>
    <para>There is a reference to a
       <i idref="apple-g">green apple</i></para>
  </chapter>
  <index>
    <entries>
      <text>Apple</text>
      <entry id="apple-r"><text>red</text></entry>
      <entry id="apple-g"><text>green</text></entry>
    </entries>
    <entry id="orange"><text>Orange</text></entry>
    <entry id="lemon"><text>Lemon</text></entry>
  </index>
</doc>